date,location,value
2020-01-22,01,0
2020-01-22,02,0
2020-01-22,04,0
2020-01-22,05,0
2020-01-22,06,0
2020-01-22,08,0
2020-01-22,09,0
2020-01-22,10,0
2020-01-22,11,0
2020-01-22,12,0
2020-01-22,13,0
2020-01-22,15,0
2020-01-22,16,0
2020-01-22,17,0
2020-01-22,18,0
2020-01-22,19,0
2020-01-22,20,0
2020-01-22,21,0
2020-01-22,22,0
2020-01-22,23,0
2020-01-22,24,0
2020-01-22,25,0
2020-01-22,26,0
2020-01-22,27,0
2020-01-22,28,0
2020-01-22,29,0
2020-01-22,30,0
2020-01-22,31,0
2020-01-22,32,0
2020-01-22,33,0
2020-01-22,34,0
2020-01-22,35,0
2020-01-22,36,0
2020-01-22,37,0
2020-01-22,38,0
2020-01-22,39,0
2020-01-22,40,0
2020-01-22,41,0
2020-01-22,42,0
2020-01-22,44,0
2020-01-22,45,0
2020-01-22,46,0
2020-01-22,47,0
2020-01-22,48,0
2020-01-22,49,0
2020-01-22,50,0
2020-01-22,51,0
2020-01-22,53,1
2020-01-22,54,0
2020-01-22,55,0
2020-01-22,56,0
2020-01-23,01,0
2020-01-23,02,0
2020-01-23,04,0
2020-01-23,05,0
2020-01-23,06,0
2020-01-23,08,0
2020-01-23,09,0
2020-01-23,10,0
2020-01-23,11,0
2020-01-23,12,0
2020-01-23,13,0
2020-01-23,15,0
2020-01-23,16,0
2020-01-23,17,0
2020-01-23,18,0
2020-01-23,19,0
2020-01-23,20,0
2020-01-23,21,0
2020-01-23,22,0
2020-01-23,23,0
2020-01-23,24,0
2020-01-23,25,0
2020-01-23,26,0
2020-01-23,27,0
2020-01-23,28,0
2020-01-23,29,0
2020-01-23,30,0
2020-01-23,31,0
2020-01-23,32,0
2020-01-23,33,0
2020-01-23,34,0
2020-01-23,35,0
2020-01-23,36,0
2020-01-23,37,0
2020-01-23,38,0
2020-01-23,39,0
2020-01-23,40,0
2020-01-23,41,0
2020-01-23,42,0
2020-01-23,44,0
2020-01-23,45,0
2020-01-23,46,0
2020-01-23,47,0
2020-01-23,48,0
2020-01-23,49,0
2020-01-23,50,0
2020-01-23,51,0
2020-01-23,53,1
2020-01-23,54,0
2020-01-23,55,0
2020-01-23,56,0
2020-01-24,01,0
2020-01-24,02,0
2020-01-24,04,0
2020-01-24,05,0
2020-01-24,06,0
2020-01-24,08,0
2020-01-24,09,0
2020-01-24,10,0
2020-01-24,11,0
2020-01-24,12,0
2020-01-24,13,0
2020-01-24,15,0
2020-01-24,16,0
2020-01-24,17,1
2020-01-24,18,0
2020-01-24,19,0
2020-01-24,20,0
2020-01-24,21,0
2020-01-24,22,0
2020-01-24,23,0
2020-01-24,24,0
2020-01-24,25,0
2020-01-24,26,0
2020-01-24,27,0
2020-01-24,28,0
2020-01-24,29,0
2020-01-24,30,0
2020-01-24,31,0
2020-01-24,32,0
2020-01-24,33,0
2020-01-24,34,0
2020-01-24,35,0
2020-01-24,36,0
2020-01-24,37,0
2020-01-24,38,0
2020-01-24,39,0
2020-01-24,40,0
2020-01-24,41,0
2020-01-24,42,0
2020-01-24,44,0
2020-01-24,45,0
2020-01-24,46,0
2020-01-24,47,0
2020-01-24,48,0
2020-01-24,49,0
2020-01-24,50,0
2020-01-24,51,0
2020-01-24,53,1
2020-01-24,54,0
2020-01-24,55,0
2020-01-24,56,0
2020-01-25,01,0
2020-01-25,02,0
2020-01-25,04,0
2020-01-25,05,0
2020-01-25,06,0
2020-01-25,08,0
2020-01-25,09,0
2020-01-25,10,0
2020-01-25,11,0
2020-01-25,12,0
2020-01-25,13,0
2020-01-25,15,0
2020-01-25,16,0
2020-01-25,17,1
2020-01-25,18,0
2020-01-25,19,0
2020-01-25,20,0
2020-01-25,21,0
2020-01-25,22,0
2020-01-25,23,0
2020-01-25,24,0
2020-01-25,25,0
2020-01-25,26,0
2020-01-25,27,0
2020-01-25,28,0
2020-01-25,29,0
2020-01-25,30,0
2020-01-25,31,0
2020-01-25,32,0
2020-01-25,33,0
2020-01-25,34,0
2020-01-25,35,0
2020-01-25,36,0
2020-01-25,37,0
2020-01-25,38,0
2020-01-25,39,0
2020-01-25,40,0
2020-01-25,41,0
2020-01-25,42,0
2020-01-25,44,0
2020-01-25,45,0
2020-01-25,46,0
2020-01-25,47,0
2020-01-25,48,0
2020-01-25,49,0
2020-01-25,50,0
2020-01-25,51,0
2020-01-25,53,1
2020-01-25,54,0
2020-01-25,55,0
2020-01-25,56,0
2020-01-26,01,0
2020-01-26,02,0
2020-01-26,04,1
2020-01-26,05,0
2020-01-26,06,2
2020-01-26,08,0
2020-01-26,09,0
2020-01-26,10,0
2020-01-26,11,0
2020-01-26,12,0
2020-01-26,13,0
2020-01-26,15,0
2020-01-26,16,0
2020-01-26,17,1
2020-01-26,18,0
2020-01-26,19,0
2020-01-26,20,0
2020-01-26,21,0
2020-01-26,22,0
2020-01-26,23,0
2020-01-26,24,0
2020-01-26,25,0
2020-01-26,26,0
2020-01-26,27,0
2020-01-26,28,0
2020-01-26,29,0
2020-01-26,30,0
2020-01-26,31,0
2020-01-26,32,0
2020-01-26,33,0
2020-01-26,34,0
2020-01-26,35,0
2020-01-26,36,0
2020-01-26,37,0
2020-01-26,38,0
2020-01-26,39,0
2020-01-26,40,0
2020-01-26,41,0
2020-01-26,42,0
2020-01-26,44,0
2020-01-26,45,0
2020-01-26,46,0
2020-01-26,47,0
2020-01-26,48,0
2020-01-26,49,0
2020-01-26,50,0
2020-01-26,51,0
2020-01-26,53,1
2020-01-26,54,0
2020-01-26,55,0
2020-01-26,56,0
2020-01-27,01,0
2020-01-27,02,0
2020-01-27,04,1
2020-01-27,05,0
2020-01-27,06,3
2020-01-27,08,0
2020-01-27,09,0
2020-01-27,10,0
2020-01-27,11,0
2020-01-27,12,0
2020-01-27,13,0
2020-01-27,15,0
2020-01-27,16,0
2020-01-27,17,1
2020-01-27,18,0
2020-01-27,19,0
2020-01-27,20,0
2020-01-27,21,0
2020-01-27,22,0
2020-01-27,23,0
2020-01-27,24,0
2020-01-27,25,0
2020-01-27,26,0
2020-01-27,27,0
2020-01-27,28,0
2020-01-27,29,0
2020-01-27,30,0
2020-01-27,31,0
2020-01-27,32,0
2020-01-27,33,0
2020-01-27,34,0
2020-01-27,35,0
2020-01-27,36,0
2020-01-27,37,0
2020-01-27,38,0
2020-01-27,39,0
2020-01-27,40,0
2020-01-27,41,0
2020-01-27,42,0
2020-01-27,44,0
2020-01-27,45,0
2020-01-27,46,0
2020-01-27,47,0
2020-01-27,48,0
2020-01-27,49,0
2020-01-27,50,0
2020-01-27,51,0
2020-01-27,53,1
2020-01-27,54,0
2020-01-27,55,0
2020-01-27,56,0
2020-01-28,01,0
2020-01-28,02,0
2020-01-28,04,1
2020-01-28,05,0
2020-01-28,06,3
2020-01-28,08,0
2020-01-28,09,0
2020-01-28,10,0
2020-01-28,11,0
2020-01-28,12,0
2020-01-28,13,0
2020-01-28,15,0
2020-01-28,16,0
2020-01-28,17,1
2020-01-28,18,0
2020-01-28,19,0
2020-01-28,20,0
2020-01-28,21,0
2020-01-28,22,0
2020-01-28,23,0
2020-01-28,24,0
2020-01-28,25,0
2020-01-28,26,0
2020-01-28,27,0
2020-01-28,28,0
2020-01-28,29,0
2020-01-28,30,0
2020-01-28,31,0
2020-01-28,32,0
2020-01-28,33,0
2020-01-28,34,0
2020-01-28,35,0
2020-01-28,36,0
2020-01-28,37,0
2020-01-28,38,0
2020-01-28,39,0
2020-01-28,40,0
2020-01-28,41,0
2020-01-28,42,0
2020-01-28,44,0
2020-01-28,45,0
2020-01-28,46,0
2020-01-28,47,0
2020-01-28,48,0
2020-01-28,49,0
2020-01-28,50,0
2020-01-28,51,0
2020-01-28,53,1
2020-01-28,54,0
2020-01-28,55,0
2020-01-28,56,0
2020-01-29,01,0
2020-01-29,02,0
2020-01-29,04,1
2020-01-29,05,0
2020-01-29,06,4
2020-01-29,08,0
2020-01-29,09,0
2020-01-29,10,0
2020-01-29,11,0
2020-01-29,12,0
2020-01-29,13,0
2020-01-29,15,0
2020-01-29,16,0
2020-01-29,17,1
2020-01-29,18,0
2020-01-29,19,0
2020-01-29,20,0
2020-01-29,21,0
2020-01-29,22,0
2020-01-29,23,0
2020-01-29,24,0
2020-01-29,25,0
2020-01-29,26,0
2020-01-29,27,0
2020-01-29,28,0
2020-01-29,29,0
2020-01-29,30,0
2020-01-29,31,0
2020-01-29,32,0
2020-01-29,33,0
2020-01-29,34,0
2020-01-29,35,0
2020-01-29,36,0
2020-01-29,37,0
2020-01-29,38,0
2020-01-29,39,0
2020-01-29,40,0
2020-01-29,41,0
2020-01-29,42,0
2020-01-29,44,0
2020-01-29,45,0
2020-01-29,46,0
2020-01-29,47,0
2020-01-29,48,0
2020-01-29,49,0
2020-01-29,50,0
2020-01-29,51,0
2020-01-29,53,1
2020-01-29,54,0
2020-01-29,55,0
2020-01-29,56,0
2020-01-30,01,0
2020-01-30,02,0
2020-01-30,04,1
2020-01-30,05,0
2020-01-30,06,4
2020-01-30,08,0
2020-01-30,09,0
2020-01-30,10,0
2020-01-30,11,0
2020-01-30,12,0
2020-01-30,13,0
2020-01-30,15,0
2020-01-30,16,0
2020-01-30,17,1
2020-01-30,18,0
2020-01-30,19,0
2020-01-30,20,0
2020-01-30,21,0
2020-01-30,22,0
2020-01-30,23,0
2020-01-30,24,0
2020-01-30,25,0
2020-01-30,26,0
2020-01-30,27,0
2020-01-30,28,0
2020-01-30,29,0
2020-01-30,30,0
2020-01-30,31,0
2020-01-30,32,0
2020-01-30,33,0
2020-01-30,34,0
2020-01-30,35,0
2020-01-30,36,0
2020-01-30,37,0
2020-01-30,38,0
2020-01-30,39,0
2020-01-30,40,0
2020-01-30,41,0
2020-01-30,42,0
2020-01-30,44,0
2020-01-30,45,0
2020-01-30,46,0
2020-01-30,47,0
2020-01-30,48,0
2020-01-30,49,0
2020-01-30,50,0
2020-01-30,51,0
2020-01-30,53,1
2020-01-30,54,0
2020-01-30,55,0
2020-01-30,56,0
2020-01-31,01,0
2020-01-31,02,0
2020-01-31,04,1
2020-01-31,05,0
2020-01-31,06,4
2020-01-31,08,0
2020-01-31,09,0
2020-01-31,10,0
2020-01-31,11,0
2020-01-31,12,0
2020-01-31,13,0
2020-01-31,15,0
2020-01-31,16,0
2020-01-31,17,2
2020-01-31,18,0
2020-01-31,19,0
2020-01-31,20,0
2020-01-31,21,0
2020-01-31,22,0
2020-01-31,23,0
2020-01-31,24,0
2020-01-31,25,0
2020-01-31,26,0
2020-01-31,27,0
2020-01-31,28,0
2020-01-31,29,0
2020-01-31,30,0
2020-01-31,31,0
2020-01-31,32,0
2020-01-31,33,0
2020-01-31,34,0
2020-01-31,35,0
2020-01-31,36,0
2020-01-31,37,0
2020-01-31,38,0
2020-01-31,39,0
2020-01-31,40,0
2020-01-31,41,0
2020-01-31,42,0
2020-01-31,44,0
2020-01-31,45,0
2020-01-31,46,0
2020-01-31,47,0
2020-01-31,48,0
2020-01-31,49,0
2020-01-31,50,0
2020-01-31,51,0
2020-01-31,53,1
2020-01-31,54,0
2020-01-31,55,0
2020-01-31,56,0
2020-02-01,01,0
2020-02-01,02,0
2020-02-01,04,1
2020-02-01,05,0
2020-02-01,06,4
2020-02-01,08,0
2020-02-01,09,0
2020-02-01,10,0
2020-02-01,11,0
2020-02-01,12,0
2020-02-01,13,0
2020-02-01,15,0
2020-02-01,16,0
2020-02-01,17,2
2020-02-01,18,0
2020-02-01,19,0
2020-02-01,20,0
2020-02-01,21,0
2020-02-01,22,0
2020-02-01,23,0
2020-02-01,24,0
2020-02-01,25,1
2020-02-01,26,0
2020-02-01,27,0
2020-02-01,28,0
2020-02-01,29,0
2020-02-01,30,0
2020-02-01,31,0
2020-02-01,32,0
2020-02-01,33,0
2020-02-01,34,0
2020-02-01,35,0
2020-02-01,36,0
2020-02-01,37,0
2020-02-01,38,0
2020-02-01,39,0
2020-02-01,40,0
2020-02-01,41,0
2020-02-01,42,0
2020-02-01,44,0
2020-02-01,45,0
2020-02-01,46,0
2020-02-01,47,0
2020-02-01,48,0
2020-02-01,49,0
2020-02-01,50,0
2020-02-01,51,0
2020-02-01,53,1
2020-02-01,54,0
2020-02-01,55,0
2020-02-01,56,0
2020-02-02,01,0
2020-02-02,02,0
2020-02-02,04,1
2020-02-02,05,0
2020-02-02,06,4
2020-02-02,08,0
2020-02-02,09,0
2020-02-02,10,0
2020-02-02,11,0
2020-02-02,12,0
2020-02-02,13,0
2020-02-02,15,0
2020-02-02,16,0
2020-02-02,17,2
2020-02-02,18,0
2020-02-02,19,0
2020-02-02,20,0
2020-02-02,21,0
2020-02-02,22,0
2020-02-02,23,0
2020-02-02,24,0
2020-02-02,25,1
2020-02-02,26,0
2020-02-02,27,0
2020-02-02,28,0
2020-02-02,29,0
2020-02-02,30,0
2020-02-02,31,0
2020-02-02,32,0
2020-02-02,33,0
2020-02-02,34,0
2020-02-02,35,0
2020-02-02,36,0
2020-02-02,37,0
2020-02-02,38,0
2020-02-02,39,0
2020-02-02,40,0
2020-02-02,41,0
2020-02-02,42,0
2020-02-02,44,0
2020-02-02,45,0
2020-02-02,46,0
2020-02-02,47,0
2020-02-02,48,0
2020-02-02,49,0
2020-02-02,50,0
2020-02-02,51,0
2020-02-02,53,1
2020-02-02,54,0
2020-02-02,55,0
2020-02-02,56,0
2020-02-03,01,0
2020-02-03,02,0
2020-02-03,04,1
2020-02-03,05,0
2020-02-03,06,6
2020-02-03,08,0
2020-02-03,09,0
2020-02-03,10,0
2020-02-03,11,0
2020-02-03,12,0
2020-02-03,13,0
2020-02-03,15,0
2020-02-03,16,0
2020-02-03,17,2
2020-02-03,18,0
2020-02-03,19,0
2020-02-03,20,0
2020-02-03,21,0
2020-02-03,22,0
2020-02-03,23,0
2020-02-03,24,0
2020-02-03,25,1
2020-02-03,26,0
2020-02-03,27,0
2020-02-03,28,0
2020-02-03,29,0
2020-02-03,30,0
2020-02-03,31,0
2020-02-03,32,0
2020-02-03,33,0
2020-02-03,34,0
2020-02-03,35,0
2020-02-03,36,0
2020-02-03,37,0
2020-02-03,38,0
2020-02-03,39,0
2020-02-03,40,0
2020-02-03,41,0
2020-02-03,42,0
2020-02-03,44,0
2020-02-03,45,0
2020-02-03,46,0
2020-02-03,47,0
2020-02-03,48,0
2020-02-03,49,0
2020-02-03,50,0
2020-02-03,51,0
2020-02-03,53,1
2020-02-03,54,0
2020-02-03,55,0
2020-02-03,56,0
2020-02-04,01,0
2020-02-04,02,0
2020-02-04,04,1
2020-02-04,05,0
2020-02-04,06,6
2020-02-04,08,0
2020-02-04,09,0
2020-02-04,10,0
2020-02-04,11,0
2020-02-04,12,0
2020-02-04,13,0
2020-02-04,15,0
2020-02-04,16,0
2020-02-04,17,2
2020-02-04,18,0
2020-02-04,19,0
2020-02-04,20,0
2020-02-04,21,0
2020-02-04,22,0
2020-02-04,23,0
2020-02-04,24,0
2020-02-04,25,1
2020-02-04,26,0
2020-02-04,27,0
2020-02-04,28,0
2020-02-04,29,0
2020-02-04,30,0
2020-02-04,31,0
2020-02-04,32,0
2020-02-04,33,0
2020-02-04,34,0
2020-02-04,35,0
2020-02-04,36,0
2020-02-04,37,0
2020-02-04,38,0
2020-02-04,39,0
2020-02-04,40,0
2020-02-04,41,0
2020-02-04,42,0
2020-02-04,44,0
2020-02-04,45,0
2020-02-04,46,0
2020-02-04,47,0
2020-02-04,48,0
2020-02-04,49,0
2020-02-04,50,0
2020-02-04,51,0
2020-02-04,53,1
2020-02-04,54,0
2020-02-04,55,0
2020-02-04,56,0
2020-02-05,01,0
2020-02-05,02,0
2020-02-05,04,1
2020-02-05,05,0
2020-02-05,06,6
2020-02-05,08,0
2020-02-05,09,0
2020-02-05,10,0
2020-02-05,11,0
2020-02-05,12,0
2020-02-05,13,0
2020-02-05,15,0
2020-02-05,16,0
2020-02-05,17,2
2020-02-05,18,0
2020-02-05,19,0
2020-02-05,20,0
2020-02-05,21,0
2020-02-05,22,0
2020-02-05,23,0
2020-02-05,24,0
2020-02-05,25,1
2020-02-05,26,0
2020-02-05,27,0
2020-02-05,28,0
2020-02-05,29,0
2020-02-05,30,0
2020-02-05,31,0
2020-02-05,32,0
2020-02-05,33,0
2020-02-05,34,0
2020-02-05,35,0
2020-02-05,36,0
2020-02-05,37,0
2020-02-05,38,0
2020-02-05,39,0
2020-02-05,40,0
2020-02-05,41,0
2020-02-05,42,0
2020-02-05,44,0
2020-02-05,45,0
2020-02-05,46,0
2020-02-05,47,0
2020-02-05,48,0
2020-02-05,49,0
2020-02-05,50,0
2020-02-05,51,0
2020-02-05,53,1
2020-02-05,54,0
2020-02-05,55,0
2020-02-05,56,0
2020-02-06,01,0
2020-02-06,02,0
2020-02-06,04,1
2020-02-06,05,0
2020-02-06,06,6
2020-02-06,08,0
2020-02-06,09,0
2020-02-06,10,0
2020-02-06,11,0
2020-02-06,12,0
2020-02-06,13,0
2020-02-06,15,0
2020-02-06,16,0
2020-02-06,17,2
2020-02-06,18,0
2020-02-06,19,0
2020-02-06,20,0
2020-02-06,21,0
2020-02-06,22,0
2020-02-06,23,0
2020-02-06,24,0
2020-02-06,25,1
2020-02-06,26,0
2020-02-06,27,0
2020-02-06,28,0
2020-02-06,29,0
2020-02-06,30,0
2020-02-06,31,0
2020-02-06,32,0
2020-02-06,33,0
2020-02-06,34,0
2020-02-06,35,0
2020-02-06,36,0
2020-02-06,37,0
2020-02-06,38,0
2020-02-06,39,0
2020-02-06,40,0
2020-02-06,41,0
2020-02-06,42,0
2020-02-06,44,0
2020-02-06,45,0
2020-02-06,46,0
2020-02-06,47,0
2020-02-06,48,0
2020-02-06,49,0
2020-02-06,50,0
2020-02-06,51,0
2020-02-06,53,1
2020-02-06,54,0
2020-02-06,55,0
2020-02-06,56,0
2020-02-07,01,0
2020-02-07,02,0
2020-02-07,04,1
2020-02-07,05,0
2020-02-07,06,6
2020-02-07,08,0
2020-02-07,09,0
2020-02-07,10,0
2020-02-07,11,0
2020-02-07,12,0
2020-02-07,13,0
2020-02-07,15,0
2020-02-07,16,0
2020-02-07,17,2
2020-02-07,18,0
2020-02-07,19,0
2020-02-07,20,0
2020-02-07,21,0
2020-02-07,22,0
2020-02-07,23,0
2020-02-07,24,0
2020-02-07,25,1
2020-02-07,26,0
2020-02-07,27,0
2020-02-07,28,0
2020-02-07,29,0
2020-02-07,30,0
2020-02-07,31,0
2020-02-07,32,0
2020-02-07,33,0
2020-02-07,34,0
2020-02-07,35,0
2020-02-07,36,0
2020-02-07,37,0
2020-02-07,38,0
2020-02-07,39,0
2020-02-07,40,0
2020-02-07,41,0
2020-02-07,42,0
2020-02-07,44,0
2020-02-07,45,0
2020-02-07,46,0
2020-02-07,47,0
2020-02-07,48,0
2020-02-07,49,0
2020-02-07,50,0
2020-02-07,51,0
2020-02-07,53,1
2020-02-07,54,0
2020-02-07,55,0
2020-02-07,56,0
2020-02-08,01,0
2020-02-08,02,0
2020-02-08,04,1
2020-02-08,05,0
2020-02-08,06,6
2020-02-08,08,0
2020-02-08,09,0
2020-02-08,10,0
2020-02-08,11,0
2020-02-08,12,0
2020-02-08,13,0
2020-02-08,15,0
2020-02-08,16,0
2020-02-08,17,2
2020-02-08,18,0
2020-02-08,19,0
2020-02-08,20,0
2020-02-08,21,0
2020-02-08,22,0
2020-02-08,23,0
2020-02-08,24,0
2020-02-08,25,1
2020-02-08,26,0
2020-02-08,27,0
2020-02-08,28,0
2020-02-08,29,0
2020-02-08,30,0
2020-02-08,31,0
2020-02-08,32,0
2020-02-08,33,0
2020-02-08,34,0
2020-02-08,35,0
2020-02-08,36,0
2020-02-08,37,0
2020-02-08,38,0
2020-02-08,39,0
2020-02-08,40,0
2020-02-08,41,0
2020-02-08,42,0
2020-02-08,44,0
2020-02-08,45,0
2020-02-08,46,0
2020-02-08,47,0
2020-02-08,48,0
2020-02-08,49,0
2020-02-08,50,0
2020-02-08,51,0
2020-02-08,53,1
2020-02-08,54,0
2020-02-08,55,0
2020-02-08,56,0
2020-02-09,01,0
2020-02-09,02,0
2020-02-09,04,1
2020-02-09,05,0
2020-02-09,06,6
2020-02-09,08,0
2020-02-09,09,0
2020-02-09,10,0
2020-02-09,11,0
2020-02-09,12,0
2020-02-09,13,0
2020-02-09,15,0
2020-02-09,16,0
2020-02-09,17,2
2020-02-09,18,0
2020-02-09,19,0
2020-02-09,20,0
2020-02-09,21,0
2020-02-09,22,0
2020-02-09,23,0
2020-02-09,24,0
2020-02-09,25,1
2020-02-09,26,0
2020-02-09,27,0
2020-02-09,28,0
2020-02-09,29,0
2020-02-09,30,0
2020-02-09,31,0
2020-02-09,32,0
2020-02-09,33,0
2020-02-09,34,0
2020-02-09,35,0
2020-02-09,36,0
2020-02-09,37,0
2020-02-09,38,0
2020-02-09,39,0
2020-02-09,40,0
2020-02-09,41,0
2020-02-09,42,0
2020-02-09,44,0
2020-02-09,45,0
2020-02-09,46,0
2020-02-09,47,0
2020-02-09,48,0
2020-02-09,49,0
2020-02-09,50,0
2020-02-09,51,0
2020-02-09,53,1
2020-02-09,54,0
2020-02-09,55,0
2020-02-09,56,0
2020-02-10,01,0
2020-02-10,02,0
2020-02-10,04,1
2020-02-10,05,0
2020-02-10,06,6
2020-02-10,08,0
2020-02-10,09,0
2020-02-10,10,0
2020-02-10,11,0
2020-02-10,12,0
2020-02-10,13,0
2020-02-10,15,0
2020-02-10,16,0
2020-02-10,17,2
2020-02-10,18,0
2020-02-10,19,0
2020-02-10,20,0
2020-02-10,21,0
2020-02-10,22,0
2020-02-10,23,0
2020-02-10,24,0
2020-02-10,25,1
2020-02-10,26,0
2020-02-10,27,0
2020-02-10,28,0
2020-02-10,29,0
2020-02-10,30,0
2020-02-10,31,0
2020-02-10,32,0
2020-02-10,33,0
2020-02-10,34,0
2020-02-10,35,0
2020-02-10,36,0
2020-02-10,37,0
2020-02-10,38,0
2020-02-10,39,0
2020-02-10,40,0
2020-02-10,41,0
2020-02-10,42,0
2020-02-10,44,0
2020-02-10,45,0
2020-02-10,46,0
2020-02-10,47,0
2020-02-10,48,0
2020-02-10,49,0
2020-02-10,50,0
2020-02-10,51,0
2020-02-10,53,1
2020-02-10,54,0
2020-02-10,55,0
2020-02-10,56,0
2020-02-11,01,0
2020-02-11,02,0
2020-02-11,04,1
2020-02-11,05,0
2020-02-11,06,7
2020-02-11,08,0
2020-02-11,09,0
2020-02-11,10,0
2020-02-11,11,0
2020-02-11,12,0
2020-02-11,13,0
2020-02-11,15,0
2020-02-11,16,0
2020-02-11,17,2
2020-02-11,18,0
2020-02-11,19,0
2020-02-11,20,0
2020-02-11,21,0
2020-02-11,22,0
2020-02-11,23,0
2020-02-11,24,0
2020-02-11,25,1
2020-02-11,26,0
2020-02-11,27,0
2020-02-11,28,0
2020-02-11,29,0
2020-02-11,30,0
2020-02-11,31,0
2020-02-11,32,0
2020-02-11,33,0
2020-02-11,34,0
2020-02-11,35,0
2020-02-11,36,0
2020-02-11,37,0
2020-02-11,38,0
2020-02-11,39,0
2020-02-11,40,0
2020-02-11,41,0
2020-02-11,42,0
2020-02-11,44,0
2020-02-11,45,0
2020-02-11,46,0
2020-02-11,47,0
2020-02-11,48,0
2020-02-11,49,0
2020-02-11,50,0
2020-02-11,51,0
2020-02-11,53,1
2020-02-11,54,0
2020-02-11,55,0
2020-02-11,56,0
2020-02-12,01,0
2020-02-12,02,0
2020-02-12,04,1
2020-02-12,05,0
2020-02-12,06,7
2020-02-12,08,0
2020-02-12,09,0
2020-02-12,10,0
2020-02-12,11,0
2020-02-12,12,0
2020-02-12,13,0
2020-02-12,15,0
2020-02-12,16,0
2020-02-12,17,2
2020-02-12,18,0
2020-02-12,19,0
2020-02-12,20,0
2020-02-12,21,0
2020-02-12,22,0
2020-02-12,23,0
2020-02-12,24,0
2020-02-12,25,1
2020-02-12,26,0
2020-02-12,27,0
2020-02-12,28,0
2020-02-12,29,0
2020-02-12,30,0
2020-02-12,31,0
2020-02-12,32,0
2020-02-12,33,0
2020-02-12,34,0
2020-02-12,35,0
2020-02-12,36,0
2020-02-12,37,0
2020-02-12,38,0
2020-02-12,39,0
2020-02-12,40,0
2020-02-12,41,0
2020-02-12,42,0
2020-02-12,44,0
2020-02-12,45,0
2020-02-12,46,0
2020-02-12,47,0
2020-02-12,48,0
2020-02-12,49,0
2020-02-12,50,0
2020-02-12,51,0
2020-02-12,53,1
2020-02-12,54,0
2020-02-12,55,0
2020-02-12,56,0
2020-02-13,01,0
2020-02-13,02,0
2020-02-13,04,1
2020-02-13,05,0
2020-02-13,06,8
2020-02-13,08,0
2020-02-13,09,0
2020-02-13,10,0
2020-02-13,11,0
2020-02-13,12,0
2020-02-13,13,0
2020-02-13,15,0
2020-02-13,16,0
2020-02-13,17,2
2020-02-13,18,0
2020-02-13,19,0
2020-02-13,20,0
2020-02-13,21,0
2020-02-13,22,0
2020-02-13,23,0
2020-02-13,24,0
2020-02-13,25,1
2020-02-13,26,0
2020-02-13,27,0
2020-02-13,28,0
2020-02-13,29,0
2020-02-13,30,0
2020-02-13,31,0
2020-02-13,32,0
2020-02-13,33,0
2020-02-13,34,0
2020-02-13,35,0
2020-02-13,36,0
2020-02-13,37,0
2020-02-13,38,0
2020-02-13,39,0
2020-02-13,40,0
2020-02-13,41,0
2020-02-13,42,0
2020-02-13,44,0
2020-02-13,45,0
2020-02-13,46,0
2020-02-13,47,0
2020-02-13,48,0
2020-02-13,49,0
2020-02-13,50,0
2020-02-13,51,0
2020-02-13,53,1
2020-02-13,54,0
2020-02-13,55,0
2020-02-13,56,0
2020-02-14,01,0
2020-02-14,02,0
2020-02-14,04,1
2020-02-14,05,0
2020-02-14,06,8
2020-02-14,08,0
2020-02-14,09,0
2020-02-14,10,0
2020-02-14,11,0
2020-02-14,12,0
2020-02-14,13,0
2020-02-14,15,0
2020-02-14,16,0
2020-02-14,17,2
2020-02-14,18,0
2020-02-14,19,0
2020-02-14,20,0
2020-02-14,21,0
2020-02-14,22,0
2020-02-14,23,0
2020-02-14,24,0
2020-02-14,25,1
2020-02-14,26,0
2020-02-14,27,0
2020-02-14,28,0
2020-02-14,29,0
2020-02-14,30,0
2020-02-14,31,0
2020-02-14,32,0
2020-02-14,33,0
2020-02-14,34,0
2020-02-14,35,0
2020-02-14,36,0
2020-02-14,37,0
2020-02-14,38,0
2020-02-14,39,0
2020-02-14,40,0
2020-02-14,41,0
2020-02-14,42,0
2020-02-14,44,0
2020-02-14,45,0
2020-02-14,46,0
2020-02-14,47,0
2020-02-14,48,0
2020-02-14,49,0
2020-02-14,50,0
2020-02-14,51,0
2020-02-14,53,1
2020-02-14,54,0
2020-02-14,55,0
2020-02-14,56,0
2020-02-15,01,0
2020-02-15,02,0
2020-02-15,04,1
2020-02-15,05,0
2020-02-15,06,8
2020-02-15,08,0
2020-02-15,09,0
2020-02-15,10,0
2020-02-15,11,0
2020-02-15,12,0
2020-02-15,13,0
2020-02-15,15,0
2020-02-15,16,0
2020-02-15,17,2
2020-02-15,18,0
2020-02-15,19,0
2020-02-15,20,0
2020-02-15,21,0
2020-02-15,22,0
2020-02-15,23,0
2020-02-15,24,0
2020-02-15,25,1
2020-02-15,26,0
2020-02-15,27,0
2020-02-15,28,0
2020-02-15,29,0
2020-02-15,30,0
2020-02-15,31,0
2020-02-15,32,0
2020-02-15,33,0
2020-02-15,34,0
2020-02-15,35,0
2020-02-15,36,0
2020-02-15,37,0
2020-02-15,38,0
2020-02-15,39,0
2020-02-15,40,0
2020-02-15,41,0
2020-02-15,42,0
2020-02-15,44,0
2020-02-15,45,0
2020-02-15,46,0
2020-02-15,47,0
2020-02-15,48,0
2020-02-15,49,0
2020-02-15,50,0
2020-02-15,51,0
2020-02-15,53,1
2020-02-15,54,0
2020-02-15,55,0
2020-02-15,56,0
2020-02-16,01,0
2020-02-16,02,0
2020-02-16,04,1
2020-02-16,05,0
2020-02-16,06,8
2020-02-16,08,0
2020-02-16,09,0
2020-02-16,10,0
2020-02-16,11,0
2020-02-16,12,0
2020-02-16,13,0
2020-02-16,15,0
2020-02-16,16,0
2020-02-16,17,2
2020-02-16,18,0
2020-02-16,19,0
2020-02-16,20,0
2020-02-16,21,0
2020-02-16,22,0
2020-02-16,23,0
2020-02-16,24,0
2020-02-16,25,1
2020-02-16,26,0
2020-02-16,27,0
2020-02-16,28,0
2020-02-16,29,0
2020-02-16,30,0
2020-02-16,31,0
2020-02-16,32,0
2020-02-16,33,0
2020-02-16,34,0
2020-02-16,35,0
2020-02-16,36,0
2020-02-16,37,0
2020-02-16,38,0
2020-02-16,39,0
2020-02-16,40,0
2020-02-16,41,0
2020-02-16,42,0
2020-02-16,44,0
2020-02-16,45,0
2020-02-16,46,0
2020-02-16,47,0
2020-02-16,48,0
2020-02-16,49,0
2020-02-16,50,0
2020-02-16,51,0
2020-02-16,53,1
2020-02-16,54,0
2020-02-16,55,0
2020-02-16,56,0
2020-02-17,01,0
2020-02-17,02,0
2020-02-17,04,1
2020-02-17,05,0
2020-02-17,06,8
2020-02-17,08,0
2020-02-17,09,0
2020-02-17,10,0
2020-02-17,11,0
2020-02-17,12,0
2020-02-17,13,0
2020-02-17,15,0
2020-02-17,16,0
2020-02-17,17,2
2020-02-17,18,0
2020-02-17,19,0
2020-02-17,20,0
2020-02-17,21,0
2020-02-17,22,0
2020-02-17,23,0
2020-02-17,24,0
2020-02-17,25,1
2020-02-17,26,0
2020-02-17,27,0
2020-02-17,28,0
2020-02-17,29,0
2020-02-17,30,0
2020-02-17,31,0
2020-02-17,32,0
2020-02-17,33,0
2020-02-17,34,0
2020-02-17,35,0
2020-02-17,36,0
2020-02-17,37,0
2020-02-17,38,0
2020-02-17,39,0
2020-02-17,40,0
2020-02-17,41,0
2020-02-17,42,0
2020-02-17,44,0
2020-02-17,45,0
2020-02-17,46,0
2020-02-17,47,0
2020-02-17,48,0
2020-02-17,49,0
2020-02-17,50,0
2020-02-17,51,0
2020-02-17,53,1
2020-02-17,54,0
2020-02-17,55,0
2020-02-17,56,0
2020-02-18,01,0
2020-02-18,02,0
2020-02-18,04,1
2020-02-18,05,0
2020-02-18,06,9
2020-02-18,08,0
2020-02-18,09,0
2020-02-18,10,0
2020-02-18,11,0
2020-02-18,12,0
2020-02-18,13,0
2020-02-18,15,0
2020-02-18,16,0
2020-02-18,17,2
2020-02-18,18,0
2020-02-18,19,0
2020-02-18,20,0
2020-02-18,21,0
2020-02-18,22,0
2020-02-18,23,0
2020-02-18,24,0
2020-02-18,25,1
2020-02-18,26,0
2020-02-18,27,0
2020-02-18,28,0
2020-02-18,29,0
2020-02-18,30,0
2020-02-18,31,0
2020-02-18,32,0
2020-02-18,33,0
2020-02-18,34,0
2020-02-18,35,0
2020-02-18,36,0
2020-02-18,37,0
2020-02-18,38,0
2020-02-18,39,0
2020-02-18,40,0
2020-02-18,41,0
2020-02-18,42,0
2020-02-18,44,0
2020-02-18,45,0
2020-02-18,46,0
2020-02-18,47,0
2020-02-18,48,0
2020-02-18,49,0
2020-02-18,50,0
2020-02-18,51,0
2020-02-18,53,1
2020-02-18,54,0
2020-02-18,55,0
2020-02-18,56,0
2020-02-19,01,0
2020-02-19,02,0
2020-02-19,04,1
2020-02-19,05,0
2020-02-19,06,9
2020-02-19,08,0
2020-02-19,09,0
2020-02-19,10,0
2020-02-19,11,0
2020-02-19,12,0
2020-02-19,13,0
2020-02-19,15,0
2020-02-19,16,0
2020-02-19,17,2
2020-02-19,18,0
2020-02-19,19,0
2020-02-19,20,0
2020-02-19,21,0
2020-02-19,22,0
2020-02-19,23,0
2020-02-19,24,0
2020-02-19,25,1
2020-02-19,26,0
2020-02-19,27,0
2020-02-19,28,0
2020-02-19,29,0
2020-02-19,30,0
2020-02-19,31,0
2020-02-19,32,0
2020-02-19,33,0
2020-02-19,34,0
2020-02-19,35,0
2020-02-19,36,0
2020-02-19,37,0
2020-02-19,38,0
2020-02-19,39,0
2020-02-19,40,0
2020-02-19,41,0
2020-02-19,42,0
2020-02-19,44,0
2020-02-19,45,0
2020-02-19,46,0
2020-02-19,47,0
2020-02-19,48,0
2020-02-19,49,0
2020-02-19,50,0
2020-02-19,51,0
2020-02-19,53,1
2020-02-19,54,0
2020-02-19,55,0
2020-02-19,56,0
2020-02-20,01,0
2020-02-20,02,0
2020-02-20,04,1
2020-02-20,05,0
2020-02-20,06,9
2020-02-20,08,0
2020-02-20,09,0
2020-02-20,10,0
2020-02-20,11,0
2020-02-20,12,0
2020-02-20,13,0
2020-02-20,15,0
2020-02-20,16,0
2020-02-20,17,2
2020-02-20,18,0
2020-02-20,19,0
2020-02-20,20,0
2020-02-20,21,0
2020-02-20,22,0
2020-02-20,23,0
2020-02-20,24,0
2020-02-20,25,1
2020-02-20,26,0
2020-02-20,27,0
2020-02-20,28,0
2020-02-20,29,0
2020-02-20,30,0
2020-02-20,31,0
2020-02-20,32,0
2020-02-20,33,0
2020-02-20,34,0
2020-02-20,35,0
2020-02-20,36,0
2020-02-20,37,0
2020-02-20,38,0
2020-02-20,39,0
2020-02-20,40,0
2020-02-20,41,0
2020-02-20,42,0
2020-02-20,44,0
2020-02-20,45,0
2020-02-20,46,0
2020-02-20,47,0
2020-02-20,48,0
2020-02-20,49,0
2020-02-20,50,0
2020-02-20,51,0
2020-02-20,53,1
2020-02-20,54,0
2020-02-20,55,0
2020-02-20,56,0
2020-02-21,01,0
2020-02-21,02,0
2020-02-21,04,1
2020-02-21,05,0
2020-02-21,06,12
2020-02-21,08,0
2020-02-21,09,0
2020-02-21,10,0
2020-02-21,11,0
2020-02-21,12,0
2020-02-21,13,0
2020-02-21,15,0
2020-02-21,16,0
2020-02-21,17,2
2020-02-21,18,0
2020-02-21,19,0
2020-02-21,20,0
2020-02-21,21,0
2020-02-21,22,0
2020-02-21,23,0
2020-02-21,24,0
2020-02-21,25,1
2020-02-21,26,0
2020-02-21,27,0
2020-02-21,28,0
2020-02-21,29,0
2020-02-21,30,0
2020-02-21,31,0
2020-02-21,32,0
2020-02-21,33,0
2020-02-21,34,0
2020-02-21,35,0
2020-02-21,36,0
2020-02-21,37,0
2020-02-21,38,0
2020-02-21,39,0
2020-02-21,40,0
2020-02-21,41,0
2020-02-21,42,0
2020-02-21,44,0
2020-02-21,45,0
2020-02-21,46,0
2020-02-21,47,0
2020-02-21,48,0
2020-02-21,49,0
2020-02-21,50,0
2020-02-21,51,0
2020-02-21,53,1
2020-02-21,54,0
2020-02-21,55,0
2020-02-21,56,0
2020-02-22,01,0
2020-02-22,02,0
2020-02-22,04,1
2020-02-22,05,0
2020-02-22,06,12
2020-02-22,08,0
2020-02-22,09,0
2020-02-22,10,0
2020-02-22,11,0
2020-02-22,12,0
2020-02-22,13,0
2020-02-22,15,0
2020-02-22,16,0
2020-02-22,17,2
2020-02-22,18,0
2020-02-22,19,0
2020-02-22,20,0
2020-02-22,21,0
2020-02-22,22,0
2020-02-22,23,0
2020-02-22,24,0
2020-02-22,25,1
2020-02-22,26,0
2020-02-22,27,0
2020-02-22,28,0
2020-02-22,29,0
2020-02-22,30,0
2020-02-22,31,0
2020-02-22,32,0
2020-02-22,33,0
2020-02-22,34,0
2020-02-22,35,0
2020-02-22,36,0
2020-02-22,37,0
2020-02-22,38,0
2020-02-22,39,0
2020-02-22,40,0
2020-02-22,41,0
2020-02-22,42,0
2020-02-22,44,0
2020-02-22,45,0
2020-02-22,46,0
2020-02-22,47,0
2020-02-22,48,0
2020-02-22,49,0
2020-02-22,50,0
2020-02-22,51,0
2020-02-22,53,1
2020-02-22,54,0
2020-02-22,55,0
2020-02-22,56,0
2020-02-23,01,0
2020-02-23,02,0
2020-02-23,04,1
2020-02-23,05,0
2020-02-23,06,12
2020-02-23,08,0
2020-02-23,09,0
2020-02-23,10,0
2020-02-23,11,0
2020-02-23,12,0
2020-02-23,13,0
2020-02-23,15,0
2020-02-23,16,0
2020-02-23,17,2
2020-02-23,18,0
2020-02-23,19,0
2020-02-23,20,0
2020-02-23,21,0
2020-02-23,22,0
2020-02-23,23,0
2020-02-23,24,0
2020-02-23,25,1
2020-02-23,26,0
2020-02-23,27,0
2020-02-23,28,0
2020-02-23,29,0
2020-02-23,30,0
2020-02-23,31,0
2020-02-23,32,0
2020-02-23,33,0
2020-02-23,34,0
2020-02-23,35,0
2020-02-23,36,0
2020-02-23,37,0
2020-02-23,38,0
2020-02-23,39,0
2020-02-23,40,0
2020-02-23,41,0
2020-02-23,42,0
2020-02-23,44,0
2020-02-23,45,0
2020-02-23,46,0
2020-02-23,47,0
2020-02-23,48,0
2020-02-23,49,0
2020-02-23,50,0
2020-02-23,51,0
2020-02-23,53,1
2020-02-23,54,0
2020-02-23,55,0
2020-02-23,56,0
2020-02-24,01,0
2020-02-24,02,0
2020-02-24,04,1
2020-02-24,05,0
2020-02-24,06,13
2020-02-24,08,0
2020-02-24,09,0
2020-02-24,10,0
2020-02-24,11,0
2020-02-24,12,0
2020-02-24,13,0
2020-02-24,15,0
2020-02-24,16,0
2020-02-24,17,2
2020-02-24,18,0
2020-02-24,19,0
2020-02-24,20,0
2020-02-24,21,0
2020-02-24,22,0
2020-02-24,23,0
2020-02-24,24,0
2020-02-24,25,1
2020-02-24,26,0
2020-02-24,27,0
2020-02-24,28,0
2020-02-24,29,0
2020-02-24,30,0
2020-02-24,31,0
2020-02-24,32,0
2020-02-24,33,0
2020-02-24,34,0
2020-02-24,35,0
2020-02-24,36,0
2020-02-24,37,0
2020-02-24,38,0
2020-02-24,39,0
2020-02-24,40,0
2020-02-24,41,0
2020-02-24,42,0
2020-02-24,44,0
2020-02-24,45,0
2020-02-24,46,0
2020-02-24,47,0
2020-02-24,48,0
2020-02-24,49,0
2020-02-24,50,0
2020-02-24,51,0
2020-02-24,53,1
2020-02-24,54,0
2020-02-24,55,0
2020-02-24,56,0
2020-02-25,01,0
2020-02-25,02,0
2020-02-25,04,1
2020-02-25,05,0
2020-02-25,06,13
2020-02-25,08,0
2020-02-25,09,0
2020-02-25,10,0
2020-02-25,11,0
2020-02-25,12,0
2020-02-25,13,0
2020-02-25,15,0
2020-02-25,16,0
2020-02-25,17,2
2020-02-25,18,0
2020-02-25,19,0
2020-02-25,20,0
2020-02-25,21,0
2020-02-25,22,0
2020-02-25,23,0
2020-02-25,24,0
2020-02-25,25,1
2020-02-25,26,0
2020-02-25,27,0
2020-02-25,28,0
2020-02-25,29,0
2020-02-25,30,0
2020-02-25,31,0
2020-02-25,32,0
2020-02-25,33,0
2020-02-25,34,0
2020-02-25,35,0
2020-02-25,36,0
2020-02-25,37,0
2020-02-25,38,0
2020-02-25,39,0
2020-02-25,40,0
2020-02-25,41,0
2020-02-25,42,0
2020-02-25,44,0
2020-02-25,45,0
2020-02-25,46,0
2020-02-25,47,0
2020-02-25,48,0
2020-02-25,49,0
2020-02-25,50,0
2020-02-25,51,0
2020-02-25,53,1
2020-02-25,54,0
2020-02-25,55,0
2020-02-25,56,0
2020-02-26,01,0
2020-02-26,02,0
2020-02-26,04,1
2020-02-26,05,0
2020-02-26,06,15
2020-02-26,08,0
2020-02-26,09,0
2020-02-26,10,0
2020-02-26,11,0
2020-02-26,12,0
2020-02-26,13,0
2020-02-26,15,0
2020-02-26,16,0
2020-02-26,17,2
2020-02-26,18,0
2020-02-26,19,0
2020-02-26,20,0
2020-02-26,21,0
2020-02-26,22,0
2020-02-26,23,0
2020-02-26,24,0
2020-02-26,25,1
2020-02-26,26,0
2020-02-26,27,0
2020-02-26,28,0
2020-02-26,29,0
2020-02-26,30,0
2020-02-26,31,0
2020-02-26,32,0
2020-02-26,33,0
2020-02-26,34,0
2020-02-26,35,0
2020-02-26,36,0
2020-02-26,37,0
2020-02-26,38,0
2020-02-26,39,0
2020-02-26,40,0
2020-02-26,41,0
2020-02-26,42,0
2020-02-26,44,0
2020-02-26,45,0
2020-02-26,46,0
2020-02-26,47,0
2020-02-26,48,0
2020-02-26,49,0
2020-02-26,50,0
2020-02-26,51,0
2020-02-26,53,1
2020-02-26,54,0
2020-02-26,55,0
2020-02-26,56,0
2020-02-27,01,0
2020-02-27,02,0
2020-02-27,04,1
2020-02-27,05,0
2020-02-27,06,16
2020-02-27,08,0
2020-02-27,09,0
2020-02-27,10,0
2020-02-27,11,0
2020-02-27,12,0
2020-02-27,13,0
2020-02-27,15,0
2020-02-27,16,0
2020-02-27,17,2
2020-02-27,18,0
2020-02-27,19,0
2020-02-27,20,0
2020-02-27,21,0
2020-02-27,22,0
2020-02-27,23,0
2020-02-27,24,0
2020-02-27,25,1
2020-02-27,26,0
2020-02-27,27,0
2020-02-27,28,0
2020-02-27,29,0
2020-02-27,30,0
2020-02-27,31,0
2020-02-27,32,0
2020-02-27,33,0
2020-02-27,34,0
2020-02-27,35,0
2020-02-27,36,0
2020-02-27,37,0
2020-02-27,38,0
2020-02-27,39,0
2020-02-27,40,0
2020-02-27,41,0
2020-02-27,42,0
2020-02-27,44,0
2020-02-27,45,0
2020-02-27,46,0
2020-02-27,47,0
2020-02-27,48,0
2020-02-27,49,0
2020-02-27,50,0
2020-02-27,51,0
2020-02-27,53,1
2020-02-27,54,0
2020-02-27,55,0
2020-02-27,56,0
2020-02-28,01,0
2020-02-28,02,0
2020-02-28,04,1
2020-02-28,05,0
2020-02-28,06,18
2020-02-28,08,0
2020-02-28,09,0
2020-02-28,10,0
2020-02-28,11,0
2020-02-28,12,0
2020-02-28,13,0
2020-02-28,15,0
2020-02-28,16,0
2020-02-28,17,2
2020-02-28,18,0
2020-02-28,19,0
2020-02-28,20,0
2020-02-28,21,0
2020-02-28,22,0
2020-02-28,23,0
2020-02-28,24,0
2020-02-28,25,1
2020-02-28,26,0
2020-02-28,27,0
2020-02-28,28,0
2020-02-28,29,0
2020-02-28,30,0
2020-02-28,31,0
2020-02-28,32,0
2020-02-28,33,0
2020-02-28,34,0
2020-02-28,35,0
2020-02-28,36,0
2020-02-28,37,0
2020-02-28,38,0
2020-02-28,39,0
2020-02-28,40,0
2020-02-28,41,0
2020-02-28,42,0
2020-02-28,44,0
2020-02-28,45,0
2020-02-28,46,0
2020-02-28,47,0
2020-02-28,48,0
2020-02-28,49,0
2020-02-28,50,0
2020-02-28,51,0
2020-02-28,53,1
2020-02-28,54,0
2020-02-28,55,0
2020-02-28,56,0
2020-02-29,01,0
2020-02-29,02,0
2020-02-29,04,1
2020-02-29,05,0
2020-02-29,06,22
2020-02-29,08,0
2020-02-29,09,0
2020-02-29,10,0
2020-02-29,11,0
2020-02-29,12,0
2020-02-29,13,0
2020-02-29,15,0
2020-02-29,16,0
2020-02-29,17,2
2020-02-29,18,0
2020-02-29,19,0
2020-02-29,20,0
2020-02-29,21,0
2020-02-29,22,0
2020-02-29,23,0
2020-02-29,24,0
2020-02-29,25,1
2020-02-29,26,0
2020-02-29,27,0
2020-02-29,28,0
2020-02-29,29,0
2020-02-29,30,0
2020-02-29,31,0
2020-02-29,32,0
2020-02-29,33,0
2020-02-29,34,0
2020-02-29,35,0
2020-02-29,36,0
2020-02-29,37,0
2020-02-29,38,0
2020-02-29,39,0
2020-02-29,40,0
2020-02-29,41,1
2020-02-29,42,0
2020-02-29,44,0
2020-02-29,45,0
2020-02-29,46,0
2020-02-29,47,0
2020-02-29,48,0
2020-02-29,49,0
2020-02-29,50,0
2020-02-29,51,0
2020-02-29,53,7
2020-02-29,54,0
2020-02-29,55,0
2020-02-29,56,0
2020-03-01,01,0
2020-03-01,02,0
2020-03-01,04,1
2020-03-01,05,0
2020-03-01,06,22
2020-03-01,08,0
2020-03-01,09,0
2020-03-01,10,0
2020-03-01,11,0
2020-03-01,12,0
2020-03-01,13,0
2020-03-01,15,0
2020-03-01,16,0
2020-03-01,17,3
2020-03-01,18,0
2020-03-01,19,0
2020-03-01,20,0
2020-03-01,21,0
2020-03-01,22,0
2020-03-01,23,0
2020-03-01,24,0
2020-03-01,25,1
2020-03-01,26,0
2020-03-01,27,0
2020-03-01,28,0
2020-03-01,29,0
2020-03-01,30,0
2020-03-01,31,0
2020-03-01,32,0
2020-03-01,33,0
2020-03-01,34,0
2020-03-01,35,0
2020-03-01,36,0
2020-03-01,37,0
2020-03-01,38,0
2020-03-01,39,0
2020-03-01,40,0
2020-03-01,41,1
2020-03-01,42,0
2020-03-01,44,1
2020-03-01,45,0
2020-03-01,46,0
2020-03-01,47,0
2020-03-01,48,0
2020-03-01,49,0
2020-03-01,50,0
2020-03-01,51,0
2020-03-01,53,11
2020-03-01,54,0
2020-03-01,55,0
2020-03-01,56,0
2020-03-02,01,0
2020-03-02,02,0
2020-03-02,04,1
2020-03-02,05,0
2020-03-02,06,30
2020-03-02,08,0
2020-03-02,09,0
2020-03-02,10,0
2020-03-02,11,0
2020-03-02,12,1
2020-03-02,13,0
2020-03-02,15,0
2020-03-02,16,0
2020-03-02,17,4
2020-03-02,18,0
2020-03-02,19,0
2020-03-02,20,0
2020-03-02,21,0
2020-03-02,22,0
2020-03-02,23,0
2020-03-02,24,0
2020-03-02,25,1
2020-03-02,26,0
2020-03-02,27,0
2020-03-02,28,0
2020-03-02,29,0
2020-03-02,30,0
2020-03-02,31,0
2020-03-02,32,0
2020-03-02,33,1
2020-03-02,34,0
2020-03-02,35,0
2020-03-02,36,1
2020-03-02,37,0
2020-03-02,38,0
2020-03-02,39,0
2020-03-02,40,0
2020-03-02,41,3
2020-03-02,42,0
2020-03-02,44,2
2020-03-02,45,0
2020-03-02,46,0
2020-03-02,47,0
2020-03-02,48,0
2020-03-02,49,0
2020-03-02,50,0
2020-03-02,51,0
2020-03-02,53,18
2020-03-02,54,0
2020-03-02,55,0
2020-03-02,56,0
2020-03-03,01,0
2020-03-03,02,0
2020-03-03,04,1
2020-03-03,05,0
2020-03-03,06,34
2020-03-03,08,0
2020-03-03,09,0
2020-03-03,10,0
2020-03-03,11,0
2020-03-03,12,1
2020-03-03,13,2
2020-03-03,15,0
2020-03-03,16,0
2020-03-03,17,4
2020-03-03,18,0
2020-03-03,19,0
2020-03-03,20,0
2020-03-03,21,0
2020-03-03,22,0
2020-03-03,23,0
2020-03-03,24,0
2020-03-03,25,2
2020-03-03,26,0
2020-03-03,27,0
2020-03-03,28,0
2020-03-03,29,0
2020-03-03,30,0
2020-03-03,31,0
2020-03-03,32,0
2020-03-03,33,2
2020-03-03,34,0
2020-03-03,35,0
2020-03-03,36,2
2020-03-03,37,1
2020-03-03,38,0
2020-03-03,39,0
2020-03-03,40,0
2020-03-03,41,3
2020-03-03,42,0
2020-03-03,44,2
2020-03-03,45,0
2020-03-03,46,0
2020-03-03,47,0
2020-03-03,48,0
2020-03-03,49,0
2020-03-03,50,0
2020-03-03,51,0
2020-03-03,53,27
2020-03-03,54,0
2020-03-03,55,0
2020-03-03,56,0
2020-03-04,01,0
2020-03-04,02,0
2020-03-04,04,1
2020-03-04,05,0
2020-03-04,06,48
2020-03-04,08,0
2020-03-04,09,0
2020-03-04,10,0
2020-03-04,11,0
2020-03-04,12,1
2020-03-04,13,2
2020-03-04,15,0
2020-03-04,16,0
2020-03-04,17,4
2020-03-04,18,0
2020-03-04,19,0
2020-03-04,20,0
2020-03-04,21,0
2020-03-04,22,0
2020-03-04,23,0
2020-03-04,24,0
2020-03-04,25,2
2020-03-04,26,0
2020-03-04,27,0
2020-03-04,28,0
2020-03-04,29,0
2020-03-04,30,0
2020-03-04,31,0
2020-03-04,32,0
2020-03-04,33,2
2020-03-04,34,0
2020-03-04,35,0
2020-03-04,36,11
2020-03-04,37,1
2020-03-04,38,0
2020-03-04,39,0
2020-03-04,40,0
2020-03-04,41,3
2020-03-04,42,0
2020-03-04,44,2
2020-03-04,45,0
2020-03-04,46,0
2020-03-04,47,0
2020-03-04,48,0
2020-03-04,49,0
2020-03-04,50,0
2020-03-04,51,0
2020-03-04,53,39
2020-03-04,54,0
2020-03-04,55,0
2020-03-04,56,0
2020-03-05,01,0
2020-03-05,02,0
2020-03-05,04,1
2020-03-05,05,0
2020-03-05,06,62
2020-03-05,08,0
2020-03-05,09,0
2020-03-05,10,0
2020-03-05,11,0
2020-03-05,12,2
2020-03-05,13,2
2020-03-05,15,0
2020-03-05,16,0
2020-03-05,17,5
2020-03-05,18,0
2020-03-05,19,0
2020-03-05,20,0
2020-03-05,21,0
2020-03-05,22,0
2020-03-05,23,0
2020-03-05,24,0
2020-03-05,25,2
2020-03-05,26,0
2020-03-05,27,0
2020-03-05,28,0
2020-03-05,29,0
2020-03-05,30,0
2020-03-05,31,0
2020-03-05,32,1
2020-03-05,33,2
2020-03-05,34,2
2020-03-05,35,0
2020-03-05,36,23
2020-03-05,37,1
2020-03-05,38,0
2020-03-05,39,0
2020-03-05,40,0
2020-03-05,41,3
2020-03-05,42,0
2020-03-05,44,2
2020-03-05,45,0
2020-03-05,46,0
2020-03-05,47,1
2020-03-05,48,3
2020-03-05,49,0
2020-03-05,50,0
2020-03-05,51,0
2020-03-05,53,70
2020-03-05,54,0
2020-03-05,55,0
2020-03-05,56,0
2020-03-06,01,0
2020-03-06,02,0
2020-03-06,04,2
2020-03-06,05,0
2020-03-06,06,79
2020-03-06,08,3
2020-03-06,09,0
2020-03-06,10,0
2020-03-06,11,0
2020-03-06,12,2
2020-03-06,13,3
2020-03-06,15,0
2020-03-06,16,0
2020-03-06,17,5
2020-03-06,18,1
2020-03-06,19,0
2020-03-06,20,0
2020-03-06,21,0
2020-03-06,22,0
2020-03-06,23,0
2020-03-06,24,3
2020-03-06,25,6
2020-03-06,26,0
2020-03-06,27,1
2020-03-06,28,0
2020-03-06,29,0
2020-03-06,30,0
2020-03-06,31,1
2020-03-06,32,2
2020-03-06,33,2
2020-03-06,34,2
2020-03-06,35,0
2020-03-06,36,25
2020-03-06,37,2
2020-03-06,38,0
2020-03-06,39,0
2020-03-06,40,0
2020-03-06,41,3
2020-03-06,42,2
2020-03-06,44,2
2020-03-06,45,2
2020-03-06,46,0
2020-03-06,47,1
2020-03-06,48,4
2020-03-06,49,0
2020-03-06,50,0
2020-03-06,51,0
2020-03-06,53,78
2020-03-06,54,0
2020-03-06,55,0
2020-03-06,56,0
2020-03-07,01,0
2020-03-07,02,0
2020-03-07,04,4
2020-03-07,05,0
2020-03-07,06,119
2020-03-07,08,7
2020-03-07,09,0
2020-03-07,10,0
2020-03-07,11,0
2020-03-07,12,6
2020-03-07,13,6
2020-03-07,15,1
2020-03-07,16,0
2020-03-07,17,6
2020-03-07,18,1
2020-03-07,19,0
2020-03-07,20,0
2020-03-07,21,0
2020-03-07,22,0
2020-03-07,23,0
2020-03-07,24,3
2020-03-07,25,6
2020-03-07,26,0
2020-03-07,27,1
2020-03-07,28,0
2020-03-07,29,0
2020-03-07,30,0
2020-03-07,31,1
2020-03-07,32,2
2020-03-07,33,2
2020-03-07,34,4
2020-03-07,35,0
2020-03-07,36,77
2020-03-07,37,2
2020-03-07,38,0
2020-03-07,39,0
2020-03-07,40,1
2020-03-07,41,6
2020-03-07,42,2
2020-03-07,44,3
2020-03-07,45,5
2020-03-07,46,0
2020-03-07,47,1
2020-03-07,48,8
2020-03-07,49,1
2020-03-07,50,0
2020-03-07,51,0
2020-03-07,53,102
2020-03-07,54,0
2020-03-07,55,0
2020-03-07,56,0
2020-03-08,01,0
2020-03-08,02,0
2020-03-08,04,4
2020-03-08,05,0
2020-03-08,06,131
2020-03-08,08,7
2020-03-08,09,0
2020-03-08,10,0
2020-03-08,11,2
2020-03-08,12,9
2020-03-08,13,5
2020-03-08,15,1
2020-03-08,16,0
2020-03-08,17,7
2020-03-08,18,2
2020-03-08,19,0
2020-03-08,20,1
2020-03-08,21,0
2020-03-08,22,0
2020-03-08,23,0
2020-03-08,24,5
2020-03-08,25,22
2020-03-08,26,0
2020-03-08,27,1
2020-03-08,28,0
2020-03-08,29,1
2020-03-08,30,0
2020-03-08,31,1
2020-03-08,32,4
2020-03-08,33,4
2020-03-08,34,5
2020-03-08,35,0
2020-03-08,36,107
2020-03-08,37,2
2020-03-08,38,0
2020-03-08,39,0
2020-03-08,40,1
2020-03-08,41,14
2020-03-08,42,6
2020-03-08,44,3
2020-03-08,45,7
2020-03-08,46,0
2020-03-08,47,3
2020-03-08,48,11
2020-03-08,49,1
2020-03-08,50,1
2020-03-08,51,2
2020-03-08,53,122
2020-03-08,54,0
2020-03-08,55,0
2020-03-08,56,0
2020-03-09,01,0
2020-03-09,02,0
2020-03-09,04,6
2020-03-09,05,0
2020-03-09,06,194
2020-03-09,08,14
2020-03-09,09,1
2020-03-09,10,0
2020-03-09,11,4
2020-03-09,12,14
2020-03-09,13,17
2020-03-09,15,2
2020-03-09,16,0
2020-03-09,17,13
2020-03-09,18,6
2020-03-09,19,8
2020-03-09,20,1
2020-03-09,21,3
2020-03-09,22,1
2020-03-09,23,0
2020-03-09,24,8
2020-03-09,25,41
2020-03-09,26,0
2020-03-09,27,1
2020-03-09,28,0
2020-03-09,29,1
2020-03-09,30,0
2020-03-09,31,4
2020-03-09,32,4
2020-03-09,33,4
2020-03-09,34,15
2020-03-09,35,0
2020-03-09,36,145
2020-03-09,37,7
2020-03-09,38,0
2020-03-09,39,3
2020-03-09,40,2
2020-03-09,41,14
2020-03-09,42,12
2020-03-09,44,3
2020-03-09,45,9
2020-03-09,46,1
2020-03-09,47,3
2020-03-09,48,16
2020-03-09,49,2
2020-03-09,50,1
2020-03-09,51,9
2020-03-09,53,162
2020-03-09,54,0
2020-03-09,55,3
2020-03-09,56,0
2020-03-10,01,0
2020-03-10,02,0
2020-03-10,04,6
2020-03-10,05,0
2020-03-10,06,221
2020-03-10,08,18
2020-03-10,09,2
2020-03-10,10,0
2020-03-10,11,4
2020-03-10,12,25
2020-03-10,13,19
2020-03-10,15,2
2020-03-10,16,0
2020-03-10,17,19
2020-03-10,18,10
2020-03-10,19,14
2020-03-10,20,1
2020-03-10,21,4
2020-03-10,22,5
2020-03-10,23,0
2020-03-10,24,9
2020-03-10,25,92
2020-03-10,26,2
2020-03-10,27,2
2020-03-10,28,0
2020-03-10,29,1
2020-03-10,30,0
2020-03-10,31,5
2020-03-10,32,7
2020-03-10,33,5
2020-03-10,34,23
2020-03-10,35,0
2020-03-10,36,173
2020-03-10,37,8
2020-03-10,38,0
2020-03-10,39,3
2020-03-10,40,2
2020-03-10,41,15
2020-03-10,42,14
2020-03-10,44,5
2020-03-10,45,10
2020-03-10,46,5
2020-03-10,47,7
2020-03-10,48,21
2020-03-10,49,2
2020-03-10,50,1
2020-03-10,51,9
2020-03-10,53,265
2020-03-10,54,0
2020-03-10,55,3
2020-03-10,56,0
2020-03-11,01,0
2020-03-11,02,0
2020-03-11,04,10
2020-03-11,05,1
2020-03-11,06,326
2020-03-11,08,24
2020-03-11,09,3
2020-03-11,10,0
2020-03-11,11,10
2020-03-11,12,49
2020-03-11,13,33
2020-03-11,15,2
2020-03-11,16,0
2020-03-11,17,24
2020-03-11,18,10
2020-03-11,19,14
2020-03-11,20,1
2020-03-11,21,6
2020-03-11,22,13
2020-03-11,23,0
2020-03-11,24,12
2020-03-11,25,95
2020-03-11,26,2
2020-03-11,27,3
2020-03-11,28,0
2020-03-11,29,1
2020-03-11,30,0
2020-03-11,31,10
2020-03-11,32,7
2020-03-11,33,5
2020-03-11,34,23
2020-03-11,35,3
2020-03-11,36,207
2020-03-11,37,17
2020-03-11,38,0
2020-03-11,39,4
2020-03-11,40,2
2020-03-11,41,19
2020-03-11,42,19
2020-03-11,44,5
2020-03-11,45,12
2020-03-11,46,7
2020-03-11,47,8
2020-03-11,48,21
2020-03-11,49,2
2020-03-11,50,1
2020-03-11,51,9
2020-03-11,53,365
2020-03-11,54,0
2020-03-11,55,3
2020-03-11,56,0
2020-03-12,01,0
2020-03-12,02,1
2020-03-12,04,10
2020-03-12,05,5
2020-03-12,06,352
2020-03-12,08,49
2020-03-12,09,5
2020-03-12,10,4
2020-03-12,11,10
2020-03-12,12,58
2020-03-12,13,56
2020-03-12,15,2
2020-03-12,16,0
2020-03-12,17,32
2020-03-12,18,12
2020-03-12,19,16
2020-03-12,20,5
2020-03-12,21,10
2020-03-12,22,19
2020-03-12,23,1
2020-03-12,24,12
2020-03-12,25,109
2020-03-12,26,12
2020-03-12,27,12
2020-03-12,28,1
2020-03-12,29,2
2020-03-12,30,0
2020-03-12,31,11
2020-03-12,32,11
2020-03-12,33,6
2020-03-12,34,29
2020-03-12,35,5
2020-03-12,36,325
2020-03-12,37,16
2020-03-12,38,1
2020-03-12,39,5
2020-03-12,40,3
2020-03-12,41,24
2020-03-12,42,22
2020-03-12,44,5
2020-03-12,45,13
2020-03-12,46,8
2020-03-12,47,17
2020-03-12,48,23
2020-03-12,49,5
2020-03-12,50,2
2020-03-12,51,9
2020-03-12,53,457
2020-03-12,54,0
2020-03-12,55,6
2020-03-12,56,1
2020-03-13,01,5
2020-03-13,02,1
2020-03-13,04,10
2020-03-13,05,8
2020-03-13,06,406
2020-03-13,08,77
2020-03-13,09,8
2020-03-13,10,4
2020-03-13,11,10
2020-03-13,12,64
2020-03-13,13,56
2020-03-13,15,2
2020-03-13,16,0
2020-03-13,17,46
2020-03-13,18,12
2020-03-13,19,17
2020-03-13,20,6
2020-03-13,21,13
2020-03-13,22,36
2020-03-13,23,4
2020-03-13,24,17
2020-03-13,25,125
2020-03-13,26,25
2020-03-13,27,18
2020-03-13,28,6
2020-03-13,29,4
2020-03-13,30,4
2020-03-13,31,13
2020-03-13,32,20
2020-03-13,33,6
2020-03-13,34,56
2020-03-13,35,10
2020-03-13,36,421
2020-03-13,37,17
2020-03-13,38,1
2020-03-13,39,13
2020-03-13,40,4
2020-03-13,41,30
2020-03-13,42,41
2020-03-13,44,14
2020-03-13,45,13
2020-03-13,46,9
2020-03-13,47,18
2020-03-13,48,38
2020-03-13,49,6
2020-03-13,50,2
2020-03-13,51,37
2020-03-13,53,568
2020-03-13,54,0
2020-03-13,55,19
2020-03-13,56,2
2020-03-14,01,11
2020-03-14,02,1
2020-03-14,04,12
2020-03-14,05,12
2020-03-14,06,504
2020-03-14,08,101
2020-03-14,09,20
2020-03-14,10,6
2020-03-14,11,16
2020-03-14,12,96
2020-03-14,13,66
2020-03-14,15,3
2020-03-14,16,4
2020-03-14,17,63
2020-03-14,18,19
2020-03-14,19,18
2020-03-14,20,6
2020-03-14,21,15
2020-03-14,22,85
2020-03-14,23,4
2020-03-14,24,31
2020-03-14,25,139
2020-03-14,26,33
2020-03-14,27,21
2020-03-14,28,10
2020-03-14,29,5
2020-03-14,30,6
2020-03-14,31,18
2020-03-14,32,21
2020-03-14,33,7
2020-03-14,34,72
2020-03-14,35,13
2020-03-14,36,527
2020-03-14,37,32
2020-03-14,38,1
2020-03-14,39,25
2020-03-14,40,4
2020-03-14,41,36
2020-03-14,42,47
2020-03-14,44,20
2020-03-14,45,19
2020-03-14,46,9
2020-03-14,47,32
2020-03-14,48,51
2020-03-14,49,19
2020-03-14,50,4
2020-03-14,51,37
2020-03-14,53,642
2020-03-14,54,0
2020-03-14,55,27
2020-03-14,56,3
2020-03-15,01,22
2020-03-15,02,1
2020-03-15,04,12
2020-03-15,05,16
2020-03-15,06,621
2020-03-15,08,131
2020-03-15,09,26
2020-03-15,10,7
2020-03-15,11,17
2020-03-15,12,136
2020-03-15,13,98
2020-03-15,15,6
2020-03-15,16,4
2020-03-15,17,92
2020-03-15,18,19
2020-03-15,19,18
2020-03-15,20,8
2020-03-15,21,21
2020-03-15,22,103
2020-03-15,23,4
2020-03-15,24,31
2020-03-15,25,163
2020-03-15,26,55
2020-03-15,27,35
2020-03-15,28,10
2020-03-15,29,6
2020-03-15,30,6
2020-03-15,31,18
2020-03-15,32,26
2020-03-15,33,13
2020-03-15,34,98
2020-03-15,35,13
2020-03-15,36,729
2020-03-15,37,33
2020-03-15,38,1
2020-03-15,39,37
2020-03-15,40,8
2020-03-15,41,39
2020-03-15,42,76
2020-03-15,44,20
2020-03-15,45,28
2020-03-15,46,9
2020-03-15,47,39
2020-03-15,48,59
2020-03-15,49,21
2020-03-15,50,4
2020-03-15,51,40
2020-03-15,53,769
2020-03-15,54,0
2020-03-15,55,33
2020-03-15,56,3
2020-03-16,01,29
2020-03-16,02,3
2020-03-16,04,18
2020-03-16,05,22
2020-03-16,06,740
2020-03-16,08,160
2020-03-16,09,41
2020-03-16,10,8
2020-03-16,11,22
2020-03-16,12,167
2020-03-16,13,121
2020-03-16,15,9
2020-03-16,16,4
2020-03-16,17,104
2020-03-16,18,30
2020-03-16,19,23
2020-03-16,20,13
2020-03-16,21,22
2020-03-16,22,136
2020-03-16,23,16
2020-03-16,24,37
2020-03-16,25,197
2020-03-16,26,54
2020-03-16,27,54
2020-03-16,28,12
2020-03-16,29,8
2020-03-16,30,8
2020-03-16,31,18
2020-03-16,32,45
2020-03-16,33,17
2020-03-16,34,176
2020-03-16,35,21
2020-03-16,36,950
2020-03-16,37,40
2020-03-16,38,1
2020-03-16,39,50
2020-03-16,40,10
2020-03-16,41,47
2020-03-16,42,75
2020-03-16,44,21
2020-03-16,45,33
2020-03-16,46,10
2020-03-16,47,76
2020-03-16,48,60
2020-03-16,49,30
2020-03-16,50,8
2020-03-16,51,45
2020-03-16,53,906
2020-03-16,54,0
2020-03-16,55,47
2020-03-16,56,10
2020-03-17,01,39
2020-03-17,02,6
2020-03-17,04,20
2020-03-17,05,28
2020-03-17,06,923
2020-03-17,08,183
2020-03-17,09,68
2020-03-17,10,17
2020-03-17,11,31
2020-03-17,12,216
2020-03-17,13,145
2020-03-17,15,12
2020-03-17,16,7
2020-03-17,17,159
2020-03-17,18,30
2020-03-17,19,29
2020-03-17,20,16
2020-03-17,21,26
2020-03-17,22,196
2020-03-17,23,31
2020-03-17,24,57
2020-03-17,25,218
2020-03-17,26,65
2020-03-17,27,60
2020-03-17,28,21
2020-03-17,29,8
2020-03-17,30,9
2020-03-17,31,24
2020-03-17,32,55
2020-03-17,33,26
2020-03-17,34,267
2020-03-17,35,23
2020-03-17,36,1544
2020-03-17,37,40
2020-03-17,38,5
2020-03-17,39,67
2020-03-17,40,17
2020-03-17,41,65
2020-03-17,42,95
2020-03-17,44,23
2020-03-17,45,47
2020-03-17,46,11
2020-03-17,47,73
2020-03-17,48,76
2020-03-17,49,51
2020-03-17,50,12
2020-03-17,51,67
2020-03-17,53,1006
2020-03-17,54,1
2020-03-17,55,72
2020-03-17,56,15
2020-03-18,01,51
2020-03-18,02,6
2020-03-18,04,27
2020-03-18,05,37
2020-03-18,06,1107
2020-03-18,08,183
2020-03-18,09,96
2020-03-18,10,26
2020-03-18,11,39
2020-03-18,12,328
2020-03-18,13,197
2020-03-18,15,15
2020-03-18,16,11
2020-03-18,17,287
2020-03-18,18,35
2020-03-18,19,38
2020-03-18,20,21
2020-03-18,21,34
2020-03-18,22,280
2020-03-18,23,42
2020-03-18,24,85
2020-03-18,25,256
2020-03-18,26,80
2020-03-18,27,77
2020-03-18,28,34
2020-03-18,29,22
2020-03-18,30,12
2020-03-18,31,30
2020-03-18,32,55
2020-03-18,33,39
2020-03-18,34,417
2020-03-18,35,28
2020-03-18,36,3052
2020-03-18,37,63
2020-03-18,38,7
2020-03-18,39,86
2020-03-18,40,29
2020-03-18,41,74
2020-03-18,42,132
2020-03-18,44,33
2020-03-18,45,60
2020-03-18,46,11
2020-03-18,47,98
2020-03-18,48,107
2020-03-18,49,65
2020-03-18,50,18
2020-03-18,51,77
2020-03-18,53,1187
2020-03-18,54,2
2020-03-18,55,106
2020-03-18,56,18
2020-03-19,01,78
2020-03-19,02,10
2020-03-19,04,44
2020-03-19,05,62
2020-03-19,06,1318
2020-03-19,08,277
2020-03-19,09,159
2020-03-19,10,30
2020-03-19,11,71
2020-03-19,12,432
2020-03-19,13,283
2020-03-19,15,25
2020-03-19,16,23
2020-03-19,17,421
2020-03-19,18,55
2020-03-19,19,44
2020-03-19,20,34
2020-03-19,21,47
2020-03-19,22,391
2020-03-19,23,51
2020-03-19,24,107
2020-03-19,25,328
2020-03-19,26,334
2020-03-19,27,89
2020-03-19,28,50
2020-03-19,29,26
2020-03-19,30,15
2020-03-19,31,31
2020-03-19,32,91
2020-03-19,33,44
2020-03-19,34,742
2020-03-19,35,35
2020-03-19,36,5637
2020-03-19,37,137
2020-03-19,38,19
2020-03-19,39,119
2020-03-19,40,43
2020-03-19,41,88
2020-03-19,42,184
2020-03-19,44,44
2020-03-19,45,80
2020-03-19,46,14
2020-03-19,47,154
2020-03-19,48,230
2020-03-19,49,78
2020-03-19,50,21
2020-03-19,51,94
2020-03-19,53,1376
2020-03-19,54,4
2020-03-19,55,155
2020-03-19,56,18
2020-03-20,01,106
2020-03-20,02,16
2020-03-20,04,63
2020-03-20,05,100
2020-03-20,06,1597
2020-03-20,08,362
2020-03-20,09,194
2020-03-20,10,39
2020-03-20,11,77
2020-03-20,12,652
2020-03-20,13,483
2020-03-20,15,35
2020-03-20,16,31
2020-03-20,17,584
2020-03-20,18,124
2020-03-20,19,44
2020-03-20,20,44
2020-03-20,21,54
2020-03-20,22,535
2020-03-20,23,56
2020-03-20,24,190
2020-03-20,25,416
2020-03-20,26,549
2020-03-20,27,115
2020-03-20,28,80
2020-03-20,29,72
2020-03-20,30,19
2020-03-20,31,36
2020-03-20,32,153
2020-03-20,33,55
2020-03-20,34,890
2020-03-20,35,43
2020-03-20,36,7848
2020-03-20,37,137
2020-03-20,38,26
2020-03-20,39,169
2020-03-20,40,49
2020-03-20,41,114
2020-03-20,42,268
2020-03-20,44,44
2020-03-20,45,124
2020-03-20,46,14
2020-03-20,47,227
2020-03-20,48,304
2020-03-20,49,112
2020-03-20,50,33
2020-03-20,51,114
2020-03-20,53,1524
2020-03-20,54,8
2020-03-20,55,206
2020-03-20,56,22
2020-03-21,01,131
2020-03-21,02,20
2020-03-21,04,103
2020-03-21,05,118
2020-03-21,06,1804
2020-03-21,08,475
2020-03-21,09,223
2020-03-21,10,45
2020-03-21,11,98
2020-03-21,12,762
2020-03-21,13,555
2020-03-21,15,45
2020-03-21,16,42
2020-03-21,17,752
2020-03-21,18,124
2020-03-21,19,68
2020-03-21,20,54
2020-03-21,21,53
2020-03-21,22,762
2020-03-21,23,70
2020-03-21,24,190
2020-03-21,25,524
2020-03-21,26,787
2020-03-21,27,137
2020-03-21,28,140
2020-03-21,29,90
2020-03-21,30,27
2020-03-21,31,45
2020-03-21,32,158
2020-03-21,33,65
2020-03-21,34,1327
2020-03-21,35,57
2020-03-21,36,12208
2020-03-21,37,184
2020-03-21,38,28
2020-03-21,39,247
2020-03-21,40,53
2020-03-21,41,137
2020-03-21,42,371
2020-03-21,44,66
2020-03-21,45,171
2020-03-21,46,14
2020-03-21,47,368
2020-03-21,48,338
2020-03-21,49,136
2020-03-21,50,49
2020-03-21,51,152
2020-03-21,53,1790
2020-03-21,54,12
2020-03-21,55,281
2020-03-21,56,24
2020-03-22,01,167
2020-03-22,02,23
2020-03-22,04,152
2020-03-22,05,165
2020-03-22,06,2105
2020-03-22,08,591
2020-03-22,09,327
2020-03-22,10,56
2020-03-22,11,116
2020-03-22,12,1005
2020-03-22,13,619
2020-03-22,15,53
2020-03-22,16,47
2020-03-22,17,1049
2020-03-22,18,200
2020-03-22,19,90
2020-03-22,20,63
2020-03-22,21,66
2020-03-22,22,837
2020-03-22,23,89
2020-03-22,24,244
2020-03-22,25,645
2020-03-22,26,1035
2020-03-22,27,169
2020-03-22,28,208
2020-03-22,29,106
2020-03-22,30,34
2020-03-22,31,49
2020-03-22,32,194
2020-03-22,33,78
2020-03-22,34,1914
2020-03-22,35,65
2020-03-22,36,15832
2020-03-22,37,255
2020-03-22,38,30
2020-03-22,39,351
2020-03-22,40,67
2020-03-22,41,161
2020-03-22,42,478
2020-03-22,44,83
2020-03-22,45,193
2020-03-22,46,21
2020-03-22,47,499
2020-03-22,48,365
2020-03-22,49,180
2020-03-22,50,53
2020-03-22,51,219
2020-03-22,53,1996
2020-03-22,54,16
2020-03-22,55,381
2020-03-22,56,26
2020-03-23,01,196
2020-03-23,02,37
2020-03-23,04,234
2020-03-23,05,192
2020-03-23,06,2587
2020-03-23,08,720
2020-03-23,09,415
2020-03-23,10,87
2020-03-23,11,137
2020-03-23,12,1227
2020-03-23,13,799
2020-03-23,15,65
2020-03-23,16,50
2020-03-23,17,1285
2020-03-23,18,258
2020-03-23,19,105
2020-03-23,20,79
2020-03-23,21,121
2020-03-23,22,1170
2020-03-23,23,107
2020-03-23,24,288
2020-03-23,25,776
2020-03-23,26,1328
2020-03-23,27,235
2020-03-23,28,249
2020-03-23,29,183
2020-03-23,30,45
2020-03-23,31,52
2020-03-23,32,249
2020-03-23,33,102
2020-03-23,34,2851
2020-03-23,35,82
2020-03-23,36,20911
2020-03-23,37,290
2020-03-23,38,32
2020-03-23,39,431
2020-03-23,40,81
2020-03-23,41,190
2020-03-23,42,644
2020-03-23,44,106
2020-03-23,45,297
2020-03-23,46,27
2020-03-23,47,615
2020-03-23,48,702
2020-03-23,49,257
2020-03-23,50,76
2020-03-23,51,254
2020-03-23,53,2221
2020-03-23,54,20
2020-03-23,55,410
2020-03-23,56,29
2020-03-24,01,242
2020-03-24,02,42
2020-03-24,04,326
2020-03-24,05,222
2020-03-24,06,2990
2020-03-24,08,911
2020-03-24,09,618
2020-03-24,10,104
2020-03-24,11,183
2020-03-24,12,1412
2020-03-24,13,1093
2020-03-24,15,84
2020-03-24,16,73
2020-03-24,17,1536
2020-03-24,18,360
2020-03-24,19,122
2020-03-24,20,92
2020-03-24,21,153
2020-03-24,22,1384
2020-03-24,23,118
2020-03-24,24,349
2020-03-24,25,1157
2020-03-24,26,1790
2020-03-24,27,261
2020-03-24,28,314
2020-03-24,29,255
2020-03-24,30,51
2020-03-24,31,55
2020-03-24,32,281
2020-03-24,33,108
2020-03-24,34,3675
2020-03-24,35,95
2020-03-24,36,25578
2020-03-24,37,392
2020-03-24,38,36
2020-03-24,39,563
2020-03-24,40,106
2020-03-24,41,209
2020-03-24,42,851
2020-03-24,44,106
2020-03-24,45,340
2020-03-24,46,30
2020-03-24,47,667
2020-03-24,48,894
2020-03-24,49,298
2020-03-24,50,95
2020-03-24,51,290
2020-03-24,53,2455
2020-03-24,54,38
2020-03-24,55,455
2020-03-24,56,37
2020-03-25,01,386
2020-03-25,02,59
2020-03-25,04,401
2020-03-25,05,296
2020-03-25,06,3518
2020-03-25,08,1086
2020-03-25,09,875
2020-03-25,10,119
2020-03-25,11,231
2020-03-25,12,1975
2020-03-25,13,1374
2020-03-25,15,101
2020-03-25,16,122
2020-03-25,17,1864
2020-03-25,18,477
2020-03-25,19,145
2020-03-25,20,125
2020-03-25,21,192
2020-03-25,22,1795
2020-03-25,23,142
2020-03-25,24,423
2020-03-25,25,1835
2020-03-25,26,2294
2020-03-25,27,286
2020-03-25,28,376
2020-03-25,29,352
2020-03-25,30,65
2020-03-25,31,62
2020-03-25,32,408
2020-03-25,33,137
2020-03-25,34,4402
2020-03-25,35,112
2020-03-25,36,32968
2020-03-25,37,495
2020-03-25,38,45
2020-03-25,39,703
2020-03-25,40,164
2020-03-25,41,265
2020-03-25,42,1195
2020-03-25,44,132
2020-03-25,45,424
2020-03-25,46,41
2020-03-25,47,780
2020-03-25,48,1211
2020-03-25,49,345
2020-03-25,50,123
2020-03-25,51,391
2020-03-25,53,2581
2020-03-25,54,49
2020-03-25,55,584
2020-03-25,56,49
2020-03-26,01,531
2020-03-26,02,69
2020-03-26,04,508
2020-03-26,05,328
2020-03-26,06,4368
2020-03-26,08,1429
2020-03-26,09,1012
2020-03-26,10,119
2020-03-26,11,267
2020-03-26,12,2439
2020-03-26,13,1633
2020-03-26,15,106
2020-03-26,16,189
2020-03-26,17,2540
2020-03-26,18,962
2020-03-26,19,179
2020-03-26,20,170
2020-03-26,21,242
2020-03-26,22,2303
2020-03-26,23,156
2020-03-26,24,580
2020-03-26,25,2414
2020-03-26,26,2855
2020-03-26,27,344
2020-03-26,28,484
2020-03-26,29,502
2020-03-26,30,89
2020-03-26,31,76
2020-03-26,32,536
2020-03-26,33,157
2020-03-26,34,6331
2020-03-26,35,136
2020-03-26,36,38976
2020-03-26,37,622
2020-03-26,38,58
2020-03-26,39,867
2020-03-26,40,243
2020-03-26,41,315
2020-03-26,42,1687
2020-03-26,44,165
2020-03-26,45,453
2020-03-26,46,46
2020-03-26,47,956
2020-03-26,48,1576
2020-03-26,49,410
2020-03-26,50,158
2020-03-26,51,460
2020-03-26,53,3206
2020-03-26,54,49
2020-03-26,55,707
2020-03-26,56,55
2020-03-27,01,639
2020-03-27,02,85
2020-03-27,04,663
2020-03-27,05,375
2020-03-27,06,5226
2020-03-27,08,1732
2020-03-27,09,1291
2020-03-27,10,165
2020-03-27,11,304
2020-03-27,12,3198
2020-03-27,13,2197
2020-03-27,15,118
2020-03-27,16,234
2020-03-27,17,3027
2020-03-27,18,962
2020-03-27,19,235
2020-03-27,20,205
2020-03-27,21,296
2020-03-27,22,2744
2020-03-27,23,168
2020-03-27,24,773
2020-03-27,25,3240
2020-03-27,26,3656
2020-03-27,27,396
2020-03-27,28,484
2020-03-27,29,663
2020-03-27,30,120
2020-03-27,31,83
2020-03-27,32,520
2020-03-27,33,187
2020-03-27,34,8825
2020-03-27,35,194
2020-03-27,36,44813
2020-03-27,37,763
2020-03-27,38,68
2020-03-27,39,1137
2020-03-27,40,243
2020-03-27,41,414
2020-03-27,42,2218
2020-03-27,44,203
2020-03-27,45,539
2020-03-27,46,58
2020-03-27,47,1201
2020-03-27,48,1915
2020-03-27,49,482
2020-03-27,50,184
2020-03-27,51,604
2020-03-27,53,3759
2020-03-27,54,96
2020-03-27,55,842
2020-03-27,56,73
2020-03-28,01,717
2020-03-28,02,102
2020-03-28,04,773
2020-03-28,05,403
2020-03-28,06,6058
2020-03-28,08,2061
2020-03-28,09,1524
2020-03-28,10,214
2020-03-28,11,342
2020-03-28,12,4038
2020-03-28,13,2445
2020-03-28,15,151
2020-03-28,16,265
2020-03-28,17,3491
2020-03-28,18,1232
2020-03-28,19,298
2020-03-28,20,263
2020-03-28,21,357
2020-03-28,22,3313
2020-03-28,23,211
2020-03-28,24,995
2020-03-28,25,4257
2020-03-28,26,4650
2020-03-28,27,441
2020-03-28,28,484
2020-03-28,29,829
2020-03-28,30,147
2020-03-28,31,108
2020-03-28,32,637
2020-03-28,33,214
2020-03-28,34,10836
2020-03-28,35,208
2020-03-28,36,53303
2020-03-28,37,929
2020-03-28,38,93
2020-03-28,39,1405
2020-03-28,40,377
2020-03-28,41,479
2020-03-28,42,2750
2020-03-28,44,239
2020-03-28,45,660
2020-03-28,46,68
2020-03-28,47,1370
2020-03-28,48,2225
2020-03-28,49,603
2020-03-28,50,211
2020-03-28,51,739
2020-03-28,53,4289
2020-03-28,54,113
2020-03-28,55,989
2020-03-28,56,84
2020-03-29,01,825
2020-03-29,02,114
2020-03-29,04,919
2020-03-29,05,445
2020-03-29,06,6707
2020-03-29,08,2306
2020-03-29,09,1993
2020-03-29,10,232
2020-03-29,11,401
2020-03-29,12,4948
2020-03-29,13,2682
2020-03-29,15,173
2020-03-29,16,314
2020-03-29,17,4596
2020-03-29,18,1514
2020-03-29,19,336
2020-03-29,20,320
2020-03-29,21,389
2020-03-29,22,3537
2020-03-29,23,253
2020-03-29,24,1242
2020-03-29,25,4851
2020-03-29,26,5465
2020-03-29,27,503
2020-03-29,28,756
2020-03-29,29,888
2020-03-29,30,161
2020-03-29,31,129
2020-03-29,32,926
2020-03-29,33,268
2020-03-29,34,13386
2020-03-29,35,234
2020-03-29,36,59240
2020-03-29,37,1163
2020-03-29,38,97
2020-03-29,39,1651
2020-03-29,40,429
2020-03-29,41,548
2020-03-29,42,3393
2020-03-29,44,267
2020-03-29,45,774
2020-03-29,46,90
2020-03-29,47,1579
2020-03-29,48,2663
2020-03-29,49,712
2020-03-29,50,234
2020-03-29,51,890
2020-03-29,53,4896
2020-03-29,54,123
2020-03-29,55,1112
2020-03-29,56,85
2020-03-30,01,941
2020-03-30,02,119
2020-03-30,04,1154
2020-03-30,05,504
2020-03-30,06,7643
2020-03-30,08,2624
2020-03-30,09,2571
2020-03-30,10,264
2020-03-30,11,495
2020-03-30,12,5704
2020-03-30,13,3024
2020-03-30,15,202
2020-03-30,16,415
2020-03-30,17,5057
2020-03-30,18,1783
2020-03-30,19,424
2020-03-30,20,369
2020-03-30,21,430
2020-03-30,22,4023
2020-03-30,23,275
2020-03-30,24,1412
2020-03-30,25,5752
2020-03-30,26,6495
2020-03-30,27,576
2020-03-30,28,845
2020-03-30,29,1032
2020-03-30,30,177
2020-03-30,31,153
2020-03-30,32,1009
2020-03-30,33,313
2020-03-30,34,16636
2020-03-30,35,281
2020-03-30,36,67194
2020-03-30,37,1302
2020-03-30,38,109
2020-03-30,39,1933
2020-03-30,40,480
2020-03-30,41,605
2020-03-30,42,4082
2020-03-30,44,406
2020-03-30,45,925
2020-03-30,46,100
2020-03-30,47,1833
2020-03-30,48,3085
2020-03-30,49,804
2020-03-30,50,256
2020-03-30,51,1020
2020-03-30,53,5414
2020-03-30,54,145
2020-03-30,55,1221
2020-03-30,56,95
2020-03-31,01,997
2020-03-31,02,133
2020-03-31,04,1289
2020-03-31,05,560
2020-03-31,06,8815
2020-03-31,08,2965
2020-03-31,09,3128
2020-03-31,10,319
2020-03-31,11,586
2020-03-31,12,6741
2020-03-31,13,4110
2020-03-31,15,224
2020-03-31,16,525
2020-03-31,17,5993
2020-03-31,18,2159
2020-03-31,19,496
2020-03-31,20,428
2020-03-31,21,529
2020-03-31,22,5235
2020-03-31,23,275
2020-03-31,24,1660
2020-03-31,25,6620
2020-03-31,26,7613
2020-03-31,27,629
2020-03-31,28,935
2020-03-31,29,1336
2020-03-31,30,198
2020-03-31,31,177
2020-03-31,32,1113
2020-03-31,33,367
2020-03-31,34,18696
2020-03-31,35,315
2020-03-31,36,74447
2020-03-31,37,1491
2020-03-31,38,126
2020-03-31,39,2197
2020-03-31,40,566
2020-03-31,41,689
2020-03-31,42,4839
2020-03-31,44,485
2020-03-31,45,1083
2020-03-31,46,100
2020-03-31,47,2238
2020-03-31,48,3604
2020-03-31,49,887
2020-03-31,50,292
2020-03-31,51,1250
2020-03-31,53,5662
2020-03-31,54,162
2020-03-31,55,1351
2020-03-31,56,120
2020-04-01,01,1106
2020-04-01,02,142
2020-04-01,04,1414
2020-04-01,05,621
2020-04-01,06,10172
2020-04-01,08,3341
2020-04-01,09,3557
2020-04-01,10,368
2020-04-01,11,586
2020-04-01,12,7559
2020-04-01,13,4744
2020-04-01,15,258
2020-04-01,16,668
2020-04-01,17,6972
2020-04-01,18,2564
2020-04-01,19,548
2020-04-01,20,482
2020-04-01,21,623
2020-04-01,22,6424
2020-04-01,23,344
2020-04-01,24,1985
2020-04-01,25,7738
2020-04-01,26,9331
2020-04-01,27,687
2020-04-01,28,1064
2020-04-01,29,1591
2020-04-01,30,217
2020-04-01,31,214
2020-04-01,32,1279
2020-04-01,33,367
2020-04-01,34,22255
2020-04-01,35,362
2020-04-01,36,82133
2020-04-01,37,1580
2020-04-01,38,147
2020-04-01,39,2546
2020-04-01,40,720
2020-04-01,41,735
2020-04-01,42,5805
2020-04-01,44,563
2020-04-01,45,1293
2020-04-01,46,129
2020-04-01,47,2681
2020-04-01,48,4268
2020-04-01,49,1013
2020-04-01,50,320
2020-04-01,51,1484
2020-04-01,53,6264
2020-04-01,54,189
2020-04-01,55,1549
2020-04-01,56,137
2020-04-02,01,1270
2020-04-02,02,147
2020-04-02,04,1596
2020-04-02,05,678
2020-04-02,06,11397
2020-04-02,08,3724
2020-04-02,09,3824
2020-04-02,10,393
2020-04-02,11,653
2020-04-02,12,9008
2020-04-02,13,5440
2020-04-02,15,285
2020-04-02,16,889
2020-04-02,17,7678
2020-04-02,18,3038
2020-04-02,19,614
2020-04-02,20,550
2020-04-02,21,714
2020-04-02,22,9094
2020-04-02,23,376
2020-04-02,24,2331
2020-04-02,25,8966
2020-04-02,26,10789
2020-04-02,27,742
2020-04-02,28,1178
2020-04-02,29,1833
2020-04-02,30,241
2020-04-02,31,254
2020-04-02,32,1458
2020-04-02,33,479
2020-04-02,34,25590
2020-04-02,35,403
2020-04-02,36,90390
2020-04-02,37,1855
2020-04-02,38,159
2020-04-02,39,2902
2020-04-02,40,877
2020-04-02,41,825
2020-04-02,42,7016
2020-04-02,44,651
2020-04-02,45,1553
2020-04-02,46,165
2020-04-02,47,2844
2020-04-02,48,4954
2020-04-02,49,1076
2020-04-02,50,338
2020-04-02,51,1706
2020-04-02,53,6818
2020-04-02,54,217
2020-04-02,55,1730
2020-04-02,56,153
2020-04-03,01,1534
2020-04-03,02,157
2020-04-03,04,1769
2020-04-03,05,732
2020-04-03,06,12755
2020-04-03,08,4173
2020-04-03,09,4915
2020-04-03,10,450
2020-04-03,11,757
2020-04-03,12,10268
2020-04-03,13,5960
2020-04-03,15,319
2020-04-03,16,1011
2020-04-03,17,8871
2020-04-03,18,3436
2020-04-03,19,699
2020-04-03,20,620
2020-04-03,21,775
2020-04-03,22,10169
2020-04-03,23,432
2020-04-03,24,2758
2020-04-03,25,10402
2020-04-03,26,12739
2020-04-03,27,788
2020-04-03,28,1460
2020-04-03,29,2111
2020-04-03,30,262
2020-04-03,31,284
2020-04-03,32,1551
2020-04-03,33,540
2020-04-03,34,29895
2020-04-03,35,494
2020-04-03,36,103652
2020-04-03,37,2093
2020-04-03,38,173
2020-04-03,39,3312
2020-04-03,40,987
2020-04-03,41,898
2020-04-03,42,8420
2020-04-03,44,705
2020-04-03,45,1699
2020-04-03,46,187
2020-04-03,47,3066
2020-04-03,48,5704
2020-04-03,49,1244
2020-04-03,50,389
2020-04-03,51,2012
2020-04-03,53,7119
2020-04-03,54,237
2020-04-03,55,1916
2020-04-03,56,166
2020-04-04,01,1632
2020-04-04,02,171
2020-04-04,04,2018
2020-04-04,05,740
2020-04-04,06,14055
2020-04-04,08,4565
2020-04-04,09,5276
2020-04-04,10,593
2020-04-04,11,902
2020-04-04,12,11544
2020-04-04,13,6374
2020-04-04,15,351
2020-04-04,16,1076
2020-04-04,17,10357
2020-04-04,18,3948
2020-04-04,19,785
2020-04-04,20,698
2020-04-04,21,871
2020-04-04,22,12493
2020-04-04,23,456
2020-04-04,24,3125
2020-04-04,25,11736
2020-04-04,26,14222
2020-04-04,27,863
2020-04-04,28,1566
2020-04-04,29,2285
2020-04-04,30,281
2020-04-04,31,318
2020-04-04,32,1752
2020-04-04,33,620
2020-04-04,34,34997
2020-04-04,35,545
2020-04-04,36,113892
2020-04-04,37,2402
2020-04-04,38,186
2020-04-04,39,3738
2020-04-04,40,1157
2020-04-04,41,999
2020-04-04,42,10016
2020-04-04,44,806
2020-04-04,45,1913
2020-04-04,46,212
2020-04-04,47,3319
2020-04-04,48,6363
2020-04-04,49,1422
2020-04-04,50,461
2020-04-04,51,2407
2020-04-04,53,7655
2020-04-04,54,281
2020-04-04,55,2112
2020-04-04,56,187
2020-04-05,01,1840
2020-04-05,02,185
2020-04-05,04,2269
2020-04-05,05,853
2020-04-05,06,15356
2020-04-05,08,4950
2020-04-05,09,5675
2020-04-05,10,673
2020-04-05,11,998
2020-04-05,12,12350
2020-04-05,13,6731
2020-04-05,15,371
2020-04-05,16,1100
2020-04-05,17,11254
2020-04-05,18,4409
2020-04-05,19,868
2020-04-05,20,747
2020-04-05,21,970
2020-04-05,22,13010
2020-04-05,23,470
2020-04-05,24,3609
2020-04-05,25,12500
2020-04-05,26,15713
2020-04-05,27,928
2020-04-05,28,1748
2020-04-05,29,2369
2020-04-05,30,296
2020-04-05,31,354
2020-04-05,32,1836
2020-04-05,33,669
2020-04-05,34,37505
2020-04-05,35,626
2020-04-05,36,122178
2020-04-05,37,2585
2020-04-05,38,207
2020-04-05,39,4041
2020-04-05,40,1251
2020-04-05,41,1067
2020-04-05,42,11496
2020-04-05,44,922
2020-04-05,45,2048
2020-04-05,46,240
2020-04-05,47,3631
2020-04-05,48,7007
2020-04-05,49,1605
2020-04-05,50,512
2020-04-05,51,2637
2020-04-05,53,8017
2020-04-05,54,320
2020-04-05,55,2266
2020-04-05,56,199
2020-04-06,01,2003
2020-04-06,02,191
2020-04-06,04,2456
2020-04-06,05,927
2020-04-06,06,16545
2020-04-06,08,5172
2020-04-06,09,6906
2020-04-06,10,783
2020-04-06,11,1097
2020-04-06,12,13629
2020-04-06,13,7554
2020-04-06,15,387
2020-04-06,16,1169
2020-04-06,17,12259
2020-04-06,18,4942
2020-04-06,19,945
2020-04-06,20,845
2020-04-06,21,1081
2020-04-06,22,14866
2020-04-06,23,499
2020-04-06,24,4045
2020-04-06,25,13837
2020-04-06,26,17218
2020-04-06,27,980
2020-04-06,28,1848
2020-04-06,29,2723
2020-04-06,30,318
2020-04-06,31,402
2020-04-06,32,1953
2020-04-06,33,715
2020-04-06,34,41091
2020-04-06,35,688
2020-04-06,36,130830
2020-04-06,37,2870
2020-04-06,38,225
2020-04-06,39,4442
2020-04-06,40,1325
2020-04-06,41,1132
2020-04-06,42,12973
2020-04-06,44,1082
2020-04-06,45,2230
2020-04-06,46,285
2020-04-06,47,3800
2020-04-06,48,7583
2020-04-06,49,1675
2020-04-06,50,543
2020-04-06,51,2878
2020-04-06,53,8383
2020-04-06,54,345
2020-04-06,55,2438
2020-04-06,56,212
2020-04-07,01,2197
2020-04-07,02,213
2020-04-07,04,2575
2020-04-07,05,997
2020-04-07,06,17706
2020-04-07,08,5429
2020-04-07,09,7781
2020-04-07,10,928
2020-04-07,11,1211
2020-04-07,12,14747
2020-04-07,13,9156
2020-04-07,15,410
2020-04-07,16,1210
2020-04-07,17,13553
2020-04-07,18,5507
2020-04-07,19,1048
2020-04-07,20,900
2020-04-07,21,1140
2020-04-07,22,16284
2020-04-07,23,519
2020-04-07,24,4371
2020-04-07,25,15200
2020-04-07,26,18969
2020-04-07,27,1069
2020-04-07,28,1915
2020-04-07,29,3037
2020-04-07,30,318
2020-04-07,31,478
2020-04-07,32,2098
2020-04-07,33,747
2020-04-07,34,44416
2020-04-07,35,796
2020-04-07,36,138988
2020-04-07,37,3221
2020-04-07,38,237
2020-04-07,39,4782
2020-04-07,40,1469
2020-04-07,41,1181
2020-04-07,42,14559
2020-04-07,44,1229
2020-04-07,45,2417
2020-04-07,46,320
2020-04-07,47,4136
2020-04-07,48,8653
2020-04-07,49,1739
2020-04-07,50,575
2020-04-07,51,3333
2020-04-07,53,8681
2020-04-07,54,412
2020-04-07,55,2578
2020-04-07,56,221
2020-04-08,01,2499
2020-04-08,02,226
2020-04-08,04,2726
2020-04-08,05,1077
2020-04-08,06,19191
2020-04-08,08,5655
2020-04-08,09,8781
2020-04-08,10,1116
2020-04-08,11,1440
2020-04-08,12,15698
2020-04-08,13,10204
2020-04-08,15,435
2020-04-08,16,1232
2020-04-08,17,15078
2020-04-08,18,5943
2020-04-08,19,1145
2020-04-08,20,1044
2020-04-08,21,1338
2020-04-08,22,17030
2020-04-08,23,537
2020-04-08,24,5529
2020-04-08,25,16790
2020-04-08,26,20345
2020-04-08,27,1155
2020-04-08,28,2003
2020-04-08,29,3327
2020-04-08,30,331
2020-04-08,31,523
2020-04-08,32,2318
2020-04-08,33,788
2020-04-08,34,47437
2020-04-08,35,865
2020-04-08,36,149476
2020-04-08,37,3426
2020-04-08,38,251
2020-04-08,39,5148
2020-04-08,40,1522
2020-04-08,41,1239
2020-04-08,42,16239
2020-04-08,44,1439
2020-04-08,45,2552
2020-04-08,46,393
2020-04-08,47,4361
2020-04-08,48,9717
2020-04-08,49,1848
2020-04-08,50,605
2020-04-08,51,3645
2020-04-08,53,9096
2020-04-08,54,479
2020-04-08,55,2756
2020-04-08,56,230
2020-04-09,01,2838
2020-04-09,02,236
2020-04-09,04,3018
2020-04-09,05,1146
2020-04-09,06,20337
2020-04-09,08,6098
2020-04-09,09,9784
2020-04-09,10,1209
2020-04-09,11,1523
2020-04-09,12,16826
2020-04-09,13,10885
2020-04-09,15,442
2020-04-09,16,1353
2020-04-09,17,16422
2020-04-09,18,6351
2020-04-09,19,1270
2020-04-09,20,1105
2020-04-09,21,1509
2020-04-09,22,18280
2020-04-09,23,560
2020-04-09,24,6185
2020-04-09,25,18941
2020-04-09,26,21503
2020-04-09,27,1245
2020-04-09,28,2258
2020-04-09,29,3539
2020-04-09,30,331
2020-04-09,31,577
2020-04-09,32,2456
2020-04-09,33,819
2020-04-09,34,51393
2020-04-09,35,989
2020-04-09,36,159937
2020-04-09,37,3654
2020-04-09,38,269
2020-04-09,39,5512
2020-04-09,40,1681
2020-04-09,41,1321
2020-04-09,42,18228
2020-04-09,44,1712
2020-04-09,45,2792
2020-04-09,46,447
2020-04-09,47,4632
2020-04-09,48,10563
2020-04-09,49,1979
2020-04-09,50,628
2020-04-09,51,4042
2020-04-09,53,9606
2020-04-09,54,520
2020-04-09,55,2885
2020-04-09,56,239
2020-04-10,01,3007
2020-04-10,02,247
2020-04-10,04,3111
2020-04-10,05,1201
2020-04-10,06,21566
2020-04-10,08,6322
2020-04-10,09,10538
2020-04-10,10,1326
2020-04-10,11,1660
2020-04-10,12,17968
2020-04-10,13,11856
2020-04-10,15,465
2020-04-10,16,1396
2020-04-10,17,17884
2020-04-10,18,6905
2020-04-10,19,1388
2020-04-10,20,1163
2020-04-10,21,1692
2020-04-10,22,19249
2020-04-10,23,585
2020-04-10,24,6968
2020-04-10,25,20973
2020-04-10,26,22781
2020-04-10,27,1245
2020-04-10,28,2465
2020-04-10,29,3789
2020-04-10,30,331
2020-04-10,31,647
2020-04-10,32,2624
2020-04-10,33,885
2020-04-10,34,54588
2020-04-10,35,1090
2020-04-10,36,170512
2020-04-10,37,3909
2020-04-10,38,278
2020-04-10,39,5878
2020-04-10,40,1790
2020-04-10,41,1371
2020-04-10,42,19978
2020-04-10,44,2015
2020-04-10,45,3064
2020-04-10,46,534
2020-04-10,47,4859
2020-04-10,48,12033
2020-04-10,49,2103
2020-04-10,50,679
2020-04-10,51,4509
2020-04-10,53,9884
2020-04-10,54,573
2020-04-10,55,3068
2020-04-10,56,252
2020-04-11,01,3262
2020-04-11,02,258
2020-04-11,04,3393
2020-04-11,05,1227
2020-04-11,06,22562
2020-04-11,08,6638
2020-04-11,09,11510
2020-04-11,10,1479
2020-04-11,11,1778
2020-04-11,12,18986
2020-04-11,13,12261
2020-04-11,15,486
2020-04-11,16,1407
2020-04-11,17,19179
2020-04-11,18,7431
2020-04-11,19,1510
2020-04-11,20,1263
2020-04-11,21,1841
2020-04-11,22,20011
2020-04-11,23,615
2020-04-11,24,7694
2020-04-11,25,22859
2020-04-11,26,23993
2020-04-11,27,1427
2020-04-11,28,2642
2020-04-11,29,4024
2020-04-11,30,331
2020-04-11,31,704
2020-04-11,32,2624
2020-04-11,33,928
2020-04-11,34,58151
2020-04-11,35,1174
2020-04-11,36,180533
2020-04-11,37,4311
2020-04-11,38,293
2020-04-11,39,6250
2020-04-11,40,1868
2020-04-11,41,1447
2020-04-11,42,21655
2020-04-11,44,2348
2020-04-11,45,3064
2020-04-11,46,626
2020-04-11,47,5111
2020-04-11,48,12958
2020-04-11,49,2206
2020-04-11,50,711
2020-04-11,51,5076
2020-04-11,53,10223
2020-04-11,54,591
2020-04-11,55,3213
2020-04-11,56,261
2020-04-12,01,3582
2020-04-12,02,273
2020-04-12,04,3539
2020-04-12,05,1276
2020-04-12,06,23433
2020-04-12,08,6898
2020-04-12,09,12035
2020-04-12,10,1638
2020-04-12,11,1875
2020-04-12,12,19895
2020-04-12,13,12550
2020-04-12,15,499
2020-04-12,16,1425
2020-04-12,17,20851
2020-04-12,18,7920
2020-04-12,19,1587
2020-04-12,20,1334
2020-04-12,21,1952
2020-04-12,22,20592
2020-04-12,23,632
2020-04-12,24,8225
2020-04-12,25,25474
2020-04-12,26,24638
2020-04-12,27,1618
2020-04-12,28,2781
2020-04-12,29,4159
2020-04-12,30,331
2020-04-12,31,758
2020-04-12,32,2624
2020-04-12,33,985
2020-04-12,34,61850
2020-04-12,35,1245
2020-04-12,36,188694
2020-04-12,37,4524
2020-04-12,38,308
2020-04-12,39,6604
2020-04-12,40,1970
2020-04-12,41,1527
2020-04-12,42,22833
2020-04-12,44,2665
2020-04-12,45,3318
2020-04-12,46,730
2020-04-12,47,5302
2020-04-12,48,13735
2020-04-12,49,2304
2020-04-12,50,727
2020-04-12,51,5273
2020-04-12,53,10411
2020-04-12,54,607
2020-04-12,55,3341
2020-04-12,56,270
2020-04-13,01,3800
2020-04-13,02,278
2020-04-13,04,3701
2020-04-13,05,1472
2020-04-13,06,24437
2020-04-13,08,7128
2020-04-13,09,13381
2020-04-13,10,1761
2020-04-13,11,1875
2020-04-13,12,21019
2020-04-13,13,13621
2020-04-13,15,504
2020-04-13,16,1453
2020-04-13,17,22022
2020-04-13,18,8221
2020-04-13,19,1710
2020-04-13,20,1375
2020-04-13,21,2037
2020-04-13,22,21012
2020-04-13,23,696
2020-04-13,24,8935
2020-04-13,25,26866
2020-04-13,26,25633
2020-04-13,27,1647
2020-04-13,28,2940
2020-04-13,29,4385
2020-04-13,30,331
2020-04-13,31,833
2020-04-13,32,2624
2020-04-13,33,1019
2020-04-13,34,64655
2020-04-13,35,1345
2020-04-13,36,195031
2020-04-13,37,4808
2020-04-13,38,331
2020-04-13,39,6970
2020-04-13,40,2063
2020-04-13,41,1583
2020-04-13,42,24196
2020-04-13,44,2976
2020-04-13,45,3438
2020-04-13,46,868
2020-04-13,47,5604
2020-04-13,48,14212
2020-04-13,49,2362
2020-04-13,50,748
2020-04-13,51,5746
2020-04-13,53,10537
2020-04-13,54,631
2020-04-13,55,3427
2020-04-13,56,275
2020-04-14,01,3951
2020-04-14,02,286
2020-04-14,04,3806
2020-04-14,05,1495
2020-04-14,06,25859
2020-04-14,08,7290
2020-04-14,09,13989
2020-04-14,10,1926
2020-04-14,11,2058
2020-04-14,12,21628
2020-04-14,13,14578
2020-04-14,15,517
2020-04-14,16,1464
2020-04-14,17,23246
2020-04-14,18,8514
2020-04-14,19,1898
2020-04-14,20,1425
2020-04-14,21,2194
2020-04-14,22,21514
2020-04-14,23,733
2020-04-14,24,9472
2020-04-14,25,28163
2020-04-14,26,27001
2020-04-14,27,1693
2020-04-14,28,3087
2020-04-14,29,4683
2020-04-14,30,331
2020-04-14,31,875
2020-04-14,32,2624
2020-04-14,33,1091
2020-04-14,34,68396
2020-04-14,35,1345
2020-04-14,36,202208
2020-04-14,37,5023
2020-04-14,38,341
2020-04-14,39,7280
2020-04-14,40,2182
2020-04-14,41,1633
2020-04-14,42,25345
2020-04-14,44,3251
2020-04-14,45,3553
2020-04-14,46,988
2020-04-14,47,5816
2020-04-14,48,14624
2020-04-14,49,2416
2020-04-14,50,752
2020-04-14,51,6170
2020-04-14,53,10693
2020-04-14,54,689
2020-04-14,55,3555
2020-04-14,56,282
2020-04-15,01,4237
2020-04-15,02,294
2020-04-15,04,3962
2020-04-15,05,1593
2020-04-15,06,27097
2020-04-15,08,7493
2020-04-15,09,14753
2020-04-15,10,2014
2020-04-15,11,2197
2020-04-15,12,22519
2020-04-15,13,15120
2020-04-15,15,530
2020-04-15,16,1587
2020-04-15,17,24591
2020-04-15,18,8941
2020-04-15,19,1994
2020-04-15,20,1493
2020-04-15,21,2279
2020-04-15,22,21942
2020-04-15,23,770
2020-04-15,24,10031
2020-04-15,25,29918
2020-04-15,26,28057
2020-04-15,27,1805
2020-04-15,28,3360
2020-04-15,29,4893
2020-04-15,30,331
2020-04-15,31,917
2020-04-15,32,2624
2020-04-15,33,1139
2020-04-15,34,71030
2020-04-15,35,1345
2020-04-15,36,213779
2020-04-15,37,5099
2020-04-15,38,365
2020-04-15,39,7790
2020-04-15,40,2261
2020-04-15,41,1663
2020-04-15,42,26490
2020-04-15,44,3529
2020-04-15,45,3656
2020-04-15,46,1168
2020-04-15,47,6073
2020-04-15,48,15916
2020-04-15,49,2550
2020-04-15,50,759
2020-04-15,51,6499
2020-04-15,53,10778
2020-04-15,54,718
2020-04-15,55,3721
2020-04-15,56,288
2020-04-16,01,4400
2020-04-16,02,301
2020-04-16,04,4234
2020-04-16,05,1615
2020-04-16,06,28126
2020-04-16,08,8675
2020-04-16,09,15884
2020-04-16,10,2075
2020-04-16,11,2350
2020-04-16,12,23340
2020-04-16,13,16144
2020-04-16,15,541
2020-04-16,16,1609
2020-04-16,17,25729
2020-04-16,18,9527
2020-04-16,19,2141
2020-04-16,20,1587
2020-04-16,21,2306
2020-04-16,22,22511
2020-04-16,23,794
2020-04-16,24,10784
2020-04-16,25,32181
2020-04-16,26,29260
2020-04-16,27,1909
2020-04-16,28,3620
2020-04-16,29,5108
2020-04-16,30,416
2020-04-16,31,961
2020-04-16,32,3324
2020-04-16,33,1211
2020-04-16,34,75317
2020-04-16,35,1597
2020-04-16,36,222284
2020-04-16,37,5374
2020-04-16,38,393
2020-04-16,39,8410
2020-04-16,40,2355
2020-04-16,41,1736
2020-04-16,42,27734
2020-04-16,44,3838
2020-04-16,45,3917
2020-04-16,46,1311
2020-04-16,47,6260
2020-04-16,48,16836
2020-04-16,49,2690
2020-04-16,50,768
2020-04-16,51,6888
2020-04-16,53,11148
2020-04-16,54,722
2020-04-16,55,3874
2020-04-16,56,296
2020-04-17,01,4515
2020-04-17,02,310
2020-04-17,04,4507
2020-04-17,05,1690
2020-04-17,06,29420
2020-04-17,08,9046
2020-04-17,09,16809
2020-04-17,10,2323
2020-04-17,11,2476
2020-04-17,12,24747
2020-04-17,13,17152
2020-04-17,15,553
2020-04-17,16,1655
2020-04-17,17,27573
2020-04-17,18,10149
2020-04-17,19,2332
2020-04-17,20,1703
2020-04-17,21,2513
2020-04-17,22,23113
2020-04-17,23,827
2020-04-17,24,11572
2020-04-17,25,34402
2020-04-17,26,30020
2020-04-17,27,2068
2020-04-17,28,3789
2020-04-17,29,5274
2020-04-17,30,425
2020-04-17,31,1004
2020-04-17,32,3461
2020-04-17,33,1285
2020-04-17,34,78796
2020-04-17,35,1711
2020-04-17,36,229642
2020-04-17,37,5853
2020-04-17,38,393
2020-04-17,39,9107
2020-04-17,40,2355
2020-04-17,41,1784
2020-04-17,42,29439
2020-04-17,44,4177
2020-04-17,45,4080
2020-04-17,46,1411
2020-04-17,47,6581
2020-04-17,48,17758
2020-04-17,49,2812
2020-04-17,50,779
2020-04-17,51,7490
2020-04-17,53,11444
2020-04-17,54,773
2020-04-17,55,4044
2020-04-17,56,305
2020-04-18,01,4719
2020-04-18,02,315
2020-04-18,04,4718
2020-04-18,05,1776
2020-04-18,06,30829
2020-04-18,08,9426
2020-04-18,09,17550
2020-04-18,10,2538
2020-04-18,11,2666
2020-04-18,12,25491
2020-04-18,13,17580
2020-04-18,15,574
2020-04-18,16,1668
2020-04-18,17,29135
2020-04-18,18,10639
2020-04-18,19,2508
2020-04-18,20,1789
2020-04-18,21,2680
2020-04-18,22,23579
2020-04-18,23,847
2020-04-18,24,12307
2020-04-18,25,36372
2020-04-18,26,30789
2020-04-18,27,2207
2020-04-18,28,3972
2020-04-18,29,5509
2020-04-18,30,429
2020-04-18,31,1164
2020-04-18,32,3629
2020-04-18,33,1342
2020-04-18,34,81720
2020-04-18,35,1798
2020-04-18,36,236732
2020-04-18,37,6119
2020-04-18,38,393
2020-04-18,39,10214
2020-04-18,40,2355
2020-04-18,41,1842
2020-04-18,42,31066
2020-04-18,44,4491
2020-04-18,45,4240
2020-04-18,46,1541
2020-04-18,47,6753
2020-04-18,48,18257
2020-04-18,49,2938
2020-04-18,50,802
2020-04-18,51,8052
2020-04-18,53,11800
2020-04-18,54,822
2020-04-18,55,4195
2020-04-18,56,309
2020-04-19,01,4897
2020-04-19,02,320
2020-04-19,04,4928
2020-04-19,05,1779
2020-04-19,06,31591
2020-04-19,08,9723
2020-04-19,09,17962
2020-04-19,10,2538
2020-04-19,11,2793
2020-04-19,12,26312
2020-04-19,13,18217
2020-04-19,15,580
2020-04-19,16,1672
2020-04-19,17,30346
2020-04-19,18,11206
2020-04-19,19,2900
2020-04-19,20,1847
2020-04-19,21,2943
2020-04-19,22,23927
2020-04-19,23,867
2020-04-19,24,12829
2020-04-19,25,38077
2020-04-19,26,31418
2020-04-19,27,2347
2020-04-19,28,4273
2020-04-19,29,5653
2020-04-19,30,436
2020-04-19,31,1201
2020-04-19,32,3727
2020-04-19,33,1392
2020-04-19,34,85301
2020-04-19,35,1845
2020-04-19,36,242786
2020-04-19,37,6443
2020-04-19,38,393
2020-04-19,39,11570
2020-04-19,40,2355
2020-04-19,41,1909
2020-04-19,42,32283
2020-04-19,44,4707
2020-04-19,45,4369
2020-04-19,46,1635
2020-04-19,47,7064
2020-04-19,48,19099
2020-04-19,49,3068
2020-04-19,50,811
2020-04-19,51,8536
2020-04-19,53,11789
2020-04-19,54,887
2020-04-19,55,4342
2020-04-19,56,313
2020-04-20,01,5074
2020-04-20,02,322
2020-04-20,04,5064
2020-04-20,05,1969
2020-04-20,06,33869
2020-04-20,08,10100
2020-04-20,09,19815
2020-04-20,10,2745
2020-04-20,11,2927
2020-04-20,12,27056
2020-04-20,13,19085
2020-04-20,15,584
2020-04-20,16,1736
2020-04-20,17,31503
2020-04-20,18,11677
2020-04-20,19,3153
2020-04-20,20,1984
2020-04-20,21,3029
2020-04-20,22,24520
2020-04-20,23,875
2020-04-20,24,13678
2020-04-20,25,39643
2020-04-20,26,31993
2020-04-20,27,2463
2020-04-20,28,4508
2020-04-20,29,5799
2020-04-20,30,436
2020-04-20,31,1294
2020-04-20,32,3815
2020-04-20,33,1447
2020-04-20,34,88722
2020-04-20,35,1971
2020-04-20,36,247512
2020-04-20,37,6680
2020-04-20,38,627
2020-04-20,39,12913
2020-04-20,40,2355
2020-04-20,41,1954
2020-04-20,42,33231
2020-04-20,44,5090
2020-04-20,45,4434
2020-04-20,46,1635
2020-04-20,47,7232
2020-04-20,48,19455
2020-04-20,49,3219
2020-04-20,50,813
2020-04-20,51,8989
2020-04-20,53,12084
2020-04-20,54,906
2020-04-20,55,4498
2020-04-20,56,317
2020-04-21,01,5317
2020-04-21,02,330
2020-04-21,04,5251
2020-04-21,05,2260
2020-04-21,06,35814
2020-04-21,08,10440
2020-04-21,09,20360
2020-04-21,10,2931
2020-04-21,11,3098
2020-04-21,12,27868
2020-04-21,13,19663
2020-04-21,15,586
2020-04-21,16,1766
2020-04-21,17,33053
2020-04-21,18,12090
2020-04-21,19,3634
2020-04-21,20,2024
2020-04-21,21,3179
2020-04-21,22,24851
2020-04-21,23,888
2020-04-21,24,14193
2020-04-21,25,41199
2020-04-21,26,32964
2020-04-21,27,2523
2020-04-21,28,4711
2020-04-21,29,5937
2020-04-21,30,440
2020-04-21,31,1437
2020-04-21,32,3945
2020-04-21,33,1491
2020-04-21,34,92373
2020-04-21,35,1971
2020-04-21,36,251959
2020-04-21,37,6843
2020-04-21,38,643
2020-04-21,39,13722
2020-04-21,40,2805
2020-04-21,41,2002
2020-04-21,42,34522
2020-04-21,44,5361
2020-04-21,45,4605
2020-04-21,46,1755
2020-04-21,47,7389
2020-04-21,48,20192
2020-04-21,49,3302
2020-04-21,50,816
2020-04-21,51,9629
2020-04-21,53,12280
2020-04-21,54,928
2020-04-21,55,4620
2020-04-21,56,322
2020-04-22,01,5598
2020-04-22,02,336
2020-04-22,04,5459
2020-04-22,05,2391
2020-04-22,06,37688
2020-04-22,08,10871
2020-04-22,09,22469
2020-04-22,10,3200
2020-04-22,11,3206
2020-04-22,12,28576
2020-04-22,13,20494
2020-04-22,15,592
2020-04-22,16,1800
2020-04-22,17,35107
2020-04-22,18,12436
2020-04-22,19,3744
2020-04-22,20,2210
2020-04-22,21,3356
2020-04-22,22,25253
2020-04-22,23,907
2020-04-22,24,14775
2020-04-22,25,42944
2020-04-22,26,33961
2020-04-22,27,2618
2020-04-22,28,4893
2020-04-22,29,6131
2020-04-22,30,442
2020-04-22,31,1677
2020-04-22,32,4092
2020-04-22,33,1588
2020-04-22,34,95411
2020-04-22,35,2210
2020-04-22,36,257607
2020-04-22,37,7073
2020-04-22,38,679
2020-04-22,39,14114
2020-04-22,40,2893
2020-04-22,41,2059
2020-04-22,42,35679
2020-04-22,44,5841
2020-04-22,45,4758
2020-04-22,46,1858
2020-04-22,47,7835
2020-04-22,48,21061
2020-04-22,49,3454
2020-04-22,50,820
2020-04-22,51,10265
2020-04-22,53,12494
2020-04-22,54,960
2020-04-22,55,4845
2020-04-22,56,326
2020-04-23,01,5825
2020-04-23,02,338
2020-04-23,04,5768
2020-04-23,05,2598
2020-04-23,06,39556
2020-04-23,08,11182
2020-04-23,09,23100
2020-04-23,10,3308
2020-04-23,11,3361
2020-04-23,12,29647
2020-04-23,13,21478
2020-04-23,15,596
2020-04-23,16,1831
2020-04-23,17,36932
2020-04-23,18,12436
2020-04-23,19,3921
2020-04-23,20,2481
2020-04-23,21,3471
2020-04-23,22,25735
2020-04-23,23,937
2020-04-23,24,15735
2020-04-23,25,46023
2020-04-23,26,35288
2020-04-23,27,2781
2020-04-23,28,5150
2020-04-23,29,6312
2020-04-23,30,445
2020-04-23,31,1896
2020-04-23,32,4225
2020-04-23,33,1670
2020-04-23,34,99989
2020-04-23,35,2376
2020-04-23,36,263529
2020-04-23,37,7379
2020-04-23,38,709
2020-04-23,39,14688
2020-04-23,40,3015
2020-04-23,41,2126
2020-04-23,42,37053
2020-04-23,44,6194
2020-04-23,45,4916
2020-04-23,46,1956
2020-04-23,47,8262
2020-04-23,48,21942
2020-04-23,49,3620
2020-04-23,50,824
2020-04-23,51,10998
2020-04-23,53,12752
2020-04-23,54,980
2020-04-23,55,5050
2020-04-23,56,331
2020-04-24,01,6026
2020-04-24,02,340
2020-04-24,04,6043
2020-04-24,05,2807
2020-04-24,06,41317
2020-04-24,08,12171
2020-04-24,09,23921
2020-04-24,10,3442
2020-04-24,11,3528
2020-04-24,12,30533
2020-04-24,13,22015
2020-04-24,15,600
2020-04-24,16,1864
2020-04-24,17,39650
2020-04-24,18,13621
2020-04-24,19,4442
2020-04-24,20,2773
2020-04-24,21,3758
2020-04-24,22,26138
2020-04-24,23,965
2020-04-24,24,16616
2020-04-24,25,50969
2020-04-24,26,36634
2020-04-24,27,2953
2020-04-24,28,5429
2020-04-24,29,6614
2020-04-24,30,447
2020-04-24,31,2111
2020-04-24,32,4373
2020-04-24,33,1719
2020-04-24,34,102772
2020-04-24,35,2521
2020-04-24,36,271659
2020-04-24,37,7782
2020-04-24,38,748
2020-04-24,39,15154
2020-04-24,40,3015
2020-04-24,41,2177
2020-04-24,42,38652
2020-04-24,44,6511
2020-04-24,45,5068
2020-04-24,46,2039
2020-04-24,47,8722
2020-04-24,48,22802
2020-04-24,49,3777
2020-04-24,50,826
2020-04-24,51,12374
2020-04-24,53,12977
2020-04-24,54,1019
2020-04-24,55,5354
2020-04-24,56,348
2020-04-25,01,6213
2020-04-25,02,340
2020-04-25,04,6280
2020-04-25,05,2907
2020-04-25,06,42566
2020-04-25,08,12884
2020-04-25,09,24582
2020-04-25,10,3576
2020-04-25,11,3699
2020-04-25,12,30836
2020-04-25,13,22568
2020-04-25,15,604
2020-04-25,16,1885
2020-04-25,17,41773
2020-04-25,18,14311
2020-04-25,19,5087
2020-04-25,20,3055
2020-04-25,21,3887
2020-04-25,22,26511
2020-04-25,23,990
2020-04-25,24,17766
2020-04-25,25,53348
2020-04-25,26,37199
2020-04-25,27,3127
2020-04-25,28,5710
2020-04-25,29,6794
2020-04-25,30,448
2020-04-25,31,2395
2020-04-25,32,4547
2020-04-25,33,1790
2020-04-25,34,106074
2020-04-25,35,2660
2020-04-25,36,282212
2020-04-25,37,8232
2020-04-25,38,803
2020-04-25,39,15563
2020-04-25,40,3192
2020-04-25,41,2253
2020-04-25,42,40046
2020-04-25,44,6875
2020-04-25,45,5243
2020-04-25,46,2147
2020-04-25,47,9186
2020-04-25,48,23769
2020-04-25,49,3952
2020-04-25,50,841
2020-04-25,51,12970
2020-04-25,53,13316
2020-04-25,54,1025
2020-04-25,55,5686
2020-04-25,56,360
2020-04-26,01,6417
2020-04-26,02,342
2020-04-26,04,6526
2020-04-26,05,2998
2020-04-26,06,43674
2020-04-26,08,13355
2020-04-26,09,25269
2020-04-26,10,4034
2020-04-26,11,3841
2020-04-26,12,31527
2020-04-26,13,22832
2020-04-26,15,606
2020-04-26,16,1893
2020-04-26,17,43896
2020-04-26,18,15012
2020-04-26,19,5460
2020-04-26,20,3173
2020-04-26,21,4060
2020-04-26,22,26773
2020-04-26,23,1015
2020-04-26,24,18581
2020-04-26,25,54823
2020-04-26,26,37760
2020-04-26,27,3237
2020-04-26,28,5906
2020-04-26,29,6961
2020-04-26,30,451
2020-04-26,31,2518
2020-04-26,32,4642
2020-04-26,33,1864
2020-04-26,34,109465
2020-04-26,35,2724
2020-04-26,36,288114
2020-04-26,37,8480
2020-04-26,38,867
2020-04-26,39,15943
2020-04-26,40,3251
2020-04-26,41,2311
2020-04-26,42,41164
2020-04-26,44,7274
2020-04-26,45,5243
2020-04-26,46,2212
2020-04-26,47,9662
2020-04-26,48,24628
2020-04-26,49,4122
2020-04-26,50,849
2020-04-26,51,12970
2020-04-26,53,13520
2020-04-26,54,1050
2020-04-26,55,5911
2020-04-26,56,367
2020-04-27,01,6537
2020-04-27,02,346
2020-04-27,04,6716
2020-04-27,05,3065
2020-04-27,06,45174
2020-04-27,08,13793
2020-04-27,09,25997
2020-04-27,10,4162
2020-04-27,11,3892
2020-04-27,12,32136
2020-04-27,13,23595
2020-04-27,15,607
2020-04-27,16,1917
2020-04-27,17,45879
2020-04-27,18,15960
2020-04-27,19,5856
2020-04-27,20,3327
2020-04-27,21,4139
2020-04-27,22,27068
2020-04-27,23,1023
2020-04-27,24,19487
2020-04-27,25,56462
2020-04-27,26,38210
2020-04-27,27,3369
2020-04-27,28,6090
2020-04-27,29,7137
2020-04-27,30,452
2020-04-27,31,2881
2020-04-27,32,4726
2020-04-27,33,1936
2020-04-27,34,111478
2020-04-27,35,2823
2020-04-27,36,292065
2020-04-27,37,8678
2020-04-27,38,941
2020-04-27,39,16324
2020-04-27,40,3279
2020-04-27,41,2353
2020-04-27,42,42048
2020-04-27,44,7491
2020-04-27,45,5611
2020-04-27,46,2244
2020-04-27,47,9914
2020-04-27,48,25293
2020-04-27,49,4239
2020-04-27,50,854
2020-04-27,51,13545
2020-04-27,53,13686
2020-04-27,54,1076
2020-04-27,55,6081
2020-04-27,56,388
2020-04-28,01,6744
2020-04-28,02,352
2020-04-28,04,6948
2020-04-28,05,3123
2020-04-28,06,46416
2020-04-28,08,14304
2020-04-28,09,26312
2020-04-28,10,4575
2020-04-28,11,3994
2020-04-28,12,32844
2020-04-28,13,24220
2020-04-28,15,607
2020-04-28,16,1951
2020-04-28,17,48097
2020-04-28,18,16580
2020-04-28,19,6375
2020-04-28,20,3490
2020-04-28,21,4366
2020-04-28,22,27286
2020-04-28,23,1039
2020-04-28,24,20109
2020-04-28,25,58302
2020-04-28,26,39260
2020-04-28,27,3625
2020-04-28,28,6340
2020-04-28,29,7275
2020-04-28,30,454
2020-04-28,31,3281
2020-04-28,32,4802
2020-04-28,33,2009
2020-04-28,34,114246
2020-04-28,35,2974
2020-04-28,36,295175
2020-04-28,37,9177
2020-04-28,38,990
2020-04-28,39,16766
2020-04-28,40,3408
2020-04-28,41,2385
2020-04-28,42,43262
2020-04-28,44,7603
2020-04-28,45,5734
2020-04-28,46,2312
2020-04-28,47,10050
2020-04-28,48,26161
2020-04-28,49,4343
2020-04-28,50,861
2020-04-28,51,14346
2020-04-28,53,13841
2020-04-28,54,1092
2020-04-28,55,6289
2020-04-28,56,394
2020-04-29,01,6916
2020-04-29,02,356
2020-04-29,04,7202
2020-04-29,05,3202
2020-04-29,06,48797
2020-04-29,08,14745
2020-04-29,09,26767
2020-04-29,10,4655
2020-04-29,11,4106
2020-04-29,12,33192
2020-04-29,13,25132
2020-04-29,15,613
2020-04-29,16,1982
2020-04-29,17,50349
2020-04-29,18,17227
2020-04-29,19,6841
2020-04-29,20,3735
2020-04-29,21,4530
2020-04-29,22,27659
2020-04-29,23,1055
2020-04-29,24,20846
2020-04-29,25,60252
2020-04-29,26,40391
2020-04-29,27,4636
2020-04-29,28,6561
2020-04-29,29,7399
2020-04-29,30,454
2020-04-29,31,3761
2020-04-29,32,4951
2020-04-29,33,2054
2020-04-29,34,116755
2020-04-29,35,3213
2020-04-29,36,299760
2020-04-29,37,9515
2020-04-29,38,1033
2020-04-29,39,17299
2020-04-29,40,3473
2020-04-29,41,2446
2020-04-29,42,44366
2020-04-29,44,8123
2020-04-29,45,5881
2020-04-29,46,2373
2020-04-29,47,10364
2020-04-29,48,27045
2020-04-29,49,4500
2020-04-29,50,861
2020-04-29,51,14966
2020-04-29,53,14070
2020-04-29,54,1107
2020-04-29,55,6519
2020-04-29,56,403
2020-04-30,01,7063
2020-04-30,02,356
2020-04-30,04,7648
2020-04-30,05,3272
2020-04-30,06,50324
2020-04-30,08,15261
2020-04-30,09,27700
2020-04-30,10,4734
2020-04-30,11,4323
2020-04-30,12,33690
2020-04-30,13,25838
2020-04-30,15,618
2020-04-30,16,2013
2020-04-30,17,52908
2020-04-30,18,17819
2020-04-30,19,7142
2020-04-30,20,4236
2020-04-30,21,4702
2020-04-30,22,27998
2020-04-30,23,1095
2020-04-30,24,21742
2020-04-30,25,62177
2020-04-30,26,41367
2020-04-30,27,5126
2020-04-30,28,6814
2020-04-30,29,7530
2020-04-30,30,456
2020-04-30,31,4233
2020-04-30,32,5040
2020-04-30,33,2146
2020-04-30,34,119282
2020-04-30,35,3411
2020-04-30,36,304441
2020-04-30,37,10015
2020-04-30,38,1067
2020-04-30,39,18018
2020-04-30,40,3617
2020-04-30,41,2510
2020-04-30,42,45762
2020-04-30,44,8477
2020-04-30,45,6095
2020-04-30,46,2449
2020-04-30,47,10732
2020-04-30,48,28077
2020-04-30,49,4676
2020-04-30,50,865
2020-04-30,51,15852
2020-04-30,53,14326
2020-04-30,54,1124
2020-04-30,55,6853
2020-04-30,56,414
2020-05-01,01,7294
2020-05-01,02,365
2020-05-01,04,7961
2020-05-01,05,3307
2020-05-01,06,52206
2020-05-01,08,15766
2020-05-01,09,28764
2020-05-01,10,4918
2020-05-01,11,4658
2020-05-01,12,34725
2020-05-01,13,26814
2020-05-01,15,619
2020-05-01,16,2034
2020-05-01,17,56049
2020-05-01,18,18630
2020-05-01,19,7877
2020-05-01,20,4447
2020-05-01,21,4871
2020-05-01,22,28704
2020-05-01,23,1122
2020-05-01,24,23465
2020-05-01,25,64311
2020-05-01,26,42334
2020-05-01,27,5711
2020-05-01,28,7209
2020-05-01,29,7799
2020-05-01,30,456
2020-05-01,31,4782
2020-05-01,32,5075
2020-05-01,33,2310
2020-05-01,34,121190
2020-05-01,35,3513
2020-05-01,36,308383
2020-05-01,37,10920
2020-05-01,38,1107
2020-05-01,39,18736
2020-05-01,40,3748
2020-05-01,41,2578
2020-05-01,42,46971
2020-05-01,44,8755
2020-05-01,45,6257
2020-05-01,46,2525
2020-05-01,47,11890
2020-05-01,48,29226
2020-05-01,49,4832
2020-05-01,50,878
2020-05-01,51,16906
2020-05-01,53,14635
2020-05-01,54,1151
2020-05-01,55,7313
2020-05-01,56,419
2020-05-02,01,7611
2020-05-02,02,366
2020-05-02,04,8364
2020-05-02,05,3362
2020-05-02,06,53649
2020-05-02,08,16224
2020-05-02,09,29287
2020-05-02,10,5038
2020-05-02,11,4797
2020-05-02,12,35460
2020-05-02,13,27638
2020-05-02,15,619
2020-05-02,16,2061
2020-05-02,17,58500
2020-05-02,18,19294
2020-05-02,19,8633
2020-05-02,20,4746
2020-05-02,21,4871
2020-05-02,22,29138
2020-05-02,23,1152
2020-05-02,24,24473
2020-05-02,25,66263
2020-05-02,26,43189
2020-05-02,27,6209
2020-05-02,28,7438
2020-05-02,29,8113
2020-05-02,30,458
2020-05-02,31,5262
2020-05-02,32,5407
2020-05-02,33,2429
2020-05-02,34,123717
2020-05-02,35,3732
2020-05-02,36,313046
2020-05-02,37,11504
2020-05-02,38,1153
2020-05-02,39,19333
2020-05-02,40,3851
2020-05-02,41,2635
2020-05-02,42,48303
2020-05-02,44,9044
2020-05-02,45,6488
2020-05-02,46,2588
2020-05-02,47,12660
2020-05-02,48,30519
2020-05-02,49,4986
2020-05-02,50,885
2020-05-02,51,17741
2020-05-02,53,15002
2020-05-02,54,1182
2020-05-02,55,7660
2020-05-02,56,429
2020-05-03,01,7886
2020-05-03,02,369
2020-05-03,04,8640
2020-05-03,05,3424
2020-05-03,06,54903
2020-05-03,08,16628
2020-05-03,09,29287
2020-05-03,10,5208
2020-05-03,11,5016
2020-05-03,12,36078
2020-05-03,13,27946
2020-05-03,15,620
2020-05-03,16,2061
2020-05-03,17,61488
2020-05-03,18,19932
2020-05-03,19,9168
2020-05-03,20,5030
2020-05-03,21,5120
2020-05-03,22,29339
2020-05-03,23,1185
2020-05-03,24,25462
2020-05-03,25,68087
2020-05-03,26,43705
2020-05-03,27,6641
2020-05-03,28,7550
2020-05-03,29,8348
2020-05-03,30,458
2020-05-03,31,5601
2020-05-03,32,5490
2020-05-03,33,2518
2020-05-03,34,126744
2020-05-03,35,3849
2020-05-03,36,316484
2020-05-03,37,11666
2020-05-03,38,1191
2020-05-03,39,19912
2020-05-03,40,3971
2020-05-03,41,2680
2020-05-03,42,49267
2020-05-03,44,9288
2020-05-03,45,6622
2020-05-03,46,2631
2020-05-03,47,13177
2020-05-03,48,31545
2020-05-03,49,5177
2020-05-03,50,897
2020-05-03,51,18676
2020-05-03,53,15183
2020-05-03,54,1193
2020-05-03,55,7964
2020-05-03,56,435
2020-05-04,01,8112
2020-05-04,02,371
2020-05-04,04,8919
2020-05-04,05,3469
2020-05-04,06,56142
2020-05-04,08,16907
2020-05-04,09,29973
2020-05-04,10,5288
2020-05-04,11,5170
2020-05-04,12,36897
2020-05-04,13,28737
2020-05-04,15,621
2020-05-04,16,2106
2020-05-04,17,63840
2020-05-04,18,20507
2020-05-04,19,9703
2020-05-04,20,5245
2020-05-04,21,5245
2020-05-04,22,29673
2020-05-04,23,1205
2020-05-04,24,26408
2020-05-04,25,69087
2020-05-04,26,43950
2020-05-04,27,7213
2020-05-04,28,7877
2020-05-04,29,8722
2020-05-04,30,460
2020-05-04,31,5997
2020-05-04,32,5490
2020-05-04,33,2588
2020-05-04,34,128269
2020-05-04,35,4031
2020-05-04,36,319022
2020-05-04,37,11851
2020-05-04,38,1225
2020-05-04,39,20474
2020-05-04,40,4044
2020-05-04,41,2759
2020-05-04,42,50092
2020-05-04,44,9416
2020-05-04,45,6757
2020-05-04,46,2668
2020-05-04,47,13571
2020-05-04,48,32332
2020-05-04,49,5325
2020-05-04,50,902
2020-05-04,51,19496
2020-05-04,53,15462
2020-05-04,54,1224
2020-05-04,55,8236
2020-05-04,56,444
