weekdate,simple_countries,cumulative_prob
2020-03-15,albania,0
2020-03-22,albania,0
2020-03-29,albania,0
2020-04-05,albania,0
2020-04-12,albania,0
2020-04-19,albania,0
2020-04-26,albania,0.368381618381618
2020-05-03,albania,0.368381618381618
2020-05-10,albania,0.566183816183816
2020-05-17,albania,0.714035964035964
2020-05-24,albania,0.807192807192807
2020-05-31,albania,0.874125874125874
2020-06-07,albania,0.913836163836164
2020-06-14,albania,0.93981018981019
2020-06-21,albania,0.956043956043956
2020-06-28,albania,0.967532467532467
2020-07-05,albania,0.977272727272727
2020-07-12,albania,0.984265734265734
2020-07-19,albania,0.98976023976024
2020-07-26,albania,0.993506493506493
2020-08-02,albania,0.995254745254745
2020-08-09,albania,0.996253746253746
2020-08-16,albania,0.997752247752248
2020-08-23,albania,0.998751248751249
2020-08-30,albania,0.999250749250749
2020-09-06,albania,0.999500499500499
2020-09-13,albania,0.99975024975025
2020-09-20,albania,1
2020-09-27,albania,1
2020-10-04,albania,1
2020-10-11,albania,1
2020-10-18,albania,1
2020-10-25,albania,1
2020-11-01,albania,1
2020-11-08,albania,1
2020-03-15,austria,0
2020-03-22,austria,0
2020-03-29,austria,0.995004995004995
2020-04-05,austria,0.995004995004995
2020-04-12,austria,0.995004995004995
2020-04-19,austria,0.995004995004995
2020-04-26,austria,0.995004995004995
2020-05-03,austria,0.995004995004995
2020-05-10,austria,0.996503496503496
2020-05-17,austria,0.996753246753247
2020-05-24,austria,0.997252747252747
2020-05-31,austria,0.997752247752248
2020-06-07,austria,0.998501498501498
2020-06-14,austria,0.999000999000999
2020-06-21,austria,0.99975024975025
2020-06-28,austria,0.99975024975025
2020-07-05,austria,1
2020-07-12,austria,1
2020-07-19,austria,1
2020-07-26,austria,1
2020-08-02,austria,1
2020-08-09,austria,1
2020-08-16,austria,1
2020-08-23,austria,1
2020-08-30,austria,1
2020-09-06,austria,1
2020-09-13,austria,1
2020-09-20,austria,1
2020-09-27,austria,1
2020-10-04,austria,1
2020-10-11,austria,1
2020-10-18,austria,1
2020-10-25,austria,1
2020-11-01,austria,1
2020-11-08,austria,1
2020-03-15,belarus,0
2020-03-22,belarus,0
2020-03-29,belarus,0
2020-04-05,belarus,0
2020-04-12,belarus,0
2020-04-19,belarus,0
2020-04-26,belarus,0.496753246753247
2020-05-03,belarus,0.496753246753247
2020-05-10,belarus,0.566433566433567
2020-05-17,belarus,0.633866133866134
2020-05-24,belarus,0.6998001998002
2020-05-31,belarus,0.754995004995005
2020-06-07,belarus,0.806443556443557
2020-06-14,belarus,0.85014985014985
2020-06-21,belarus,0.888361638361639
2020-06-28,belarus,0.916333666333666
2020-07-05,belarus,0.938811188811189
2020-07-12,belarus,0.954045954045954
2020-07-19,belarus,0.966033966033966
2020-07-26,belarus,0.978271728271728
2020-08-02,belarus,0.986763236763237
2020-08-09,belarus,0.991008991008991
2020-08-16,belarus,0.993506493506494
2020-08-23,belarus,0.996253746253746
2020-08-30,belarus,0.996503496503496
2020-09-06,belarus,0.997752247752248
2020-09-13,belarus,0.998501498501498
2020-09-20,belarus,0.999250749250749
2020-09-27,belarus,1
2020-10-04,belarus,1
2020-10-11,belarus,1
2020-10-18,belarus,1
2020-10-25,belarus,1
2020-11-01,belarus,1
2020-11-08,belarus,1
2020-03-15,belgium,0
2020-03-22,belgium,0
2020-03-29,belgium,0
2020-04-05,belgium,0
2020-04-12,belgium,0
2020-04-19,belgium,0.992007992007992
2020-04-26,belgium,0.992007992007992
2020-05-03,belgium,0.992007992007992
2020-05-10,belgium,0.992257742257742
2020-05-17,belgium,0.993006993006993
2020-05-24,belgium,0.994005994005994
2020-05-31,belgium,0.996253746253746
2020-06-07,belgium,0.998251748251748
2020-06-14,belgium,0.999000999000999
2020-06-21,belgium,0.99975024975025
2020-06-28,belgium,0.99975024975025
2020-07-05,belgium,0.99975024975025
2020-07-12,belgium,0.99975024975025
2020-07-19,belgium,0.99975024975025
2020-07-26,belgium,1
2020-08-02,belgium,1
2020-08-09,belgium,1
2020-08-16,belgium,1
2020-08-23,belgium,1
2020-08-30,belgium,1
2020-09-06,belgium,1
2020-09-13,belgium,1
2020-09-20,belgium,1
2020-09-27,belgium,1
2020-10-04,belgium,1
2020-10-11,belgium,1
2020-10-18,belgium,1
2020-10-25,belgium,1
2020-11-01,belgium,1
2020-11-08,belgium,1
2020-03-15,bosniaandherzegovina,0
2020-03-22,bosniaandherzegovina,0
2020-03-29,bosniaandherzegovina,0
2020-04-05,bosniaandherzegovina,0
2020-04-12,bosniaandherzegovina,0
2020-04-19,bosniaandherzegovina,0
2020-04-26,bosniaandherzegovina,0
2020-05-03,bosniaandherzegovina,0.556443556443557
2020-05-10,bosniaandherzegovina,0.673826173826174
2020-05-17,bosniaandherzegovina,0.758491508491509
2020-05-24,bosniaandherzegovina,0.815184815184815
2020-05-31,bosniaandherzegovina,0.863636363636364
2020-06-07,bosniaandherzegovina,0.892607392607393
2020-06-14,bosniaandherzegovina,0.920829170829171
2020-06-21,bosniaandherzegovina,0.93956043956044
2020-06-28,bosniaandherzegovina,0.953546453546454
2020-07-05,bosniaandherzegovina,0.966533466533467
2020-07-12,bosniaandherzegovina,0.972777222777223
2020-07-19,bosniaandherzegovina,0.978771228771229
2020-07-26,bosniaandherzegovina,0.983516483516484
2020-08-02,bosniaandherzegovina,0.987762237762238
2020-08-09,bosniaandherzegovina,0.992257742257742
2020-08-16,bosniaandherzegovina,0.993506493506494
2020-08-23,bosniaandherzegovina,0.994755244755245
2020-08-30,bosniaandherzegovina,0.996003996003996
2020-09-06,bosniaandherzegovina,0.996753246753247
2020-09-13,bosniaandherzegovina,0.997002997002997
2020-09-20,bosniaandherzegovina,0.998001998001998
2020-09-27,bosniaandherzegovina,0.998751248751249
2020-10-04,bosniaandherzegovina,0.99975024975025
2020-10-11,bosniaandherzegovina,0.99975024975025
2020-10-18,bosniaandherzegovina,1
2020-10-25,bosniaandherzegovina,1
2020-11-01,bosniaandherzegovina,1
2020-11-08,bosniaandherzegovina,1
2020-03-15,bulgaria,0
2020-03-22,bulgaria,0
2020-03-29,bulgaria,0
2020-04-05,bulgaria,0
2020-04-12,bulgaria,0
2020-04-19,bulgaria,0
2020-04-26,bulgaria,0.682067932067932
2020-05-03,bulgaria,0.682067932067932
2020-05-10,bulgaria,0.773226773226773
2020-05-17,bulgaria,0.84040959040959
2020-05-24,bulgaria,0.886613386613387
2020-05-31,bulgaria,0.913586413586414
2020-06-07,bulgaria,0.935814185814186
2020-06-14,bulgaria,0.956793206793207
2020-06-21,bulgaria,0.969280719280719
2020-06-28,bulgaria,0.977522477522477
2020-07-05,bulgaria,0.983516483516483
2020-07-12,bulgaria,0.987262737262737
2020-07-19,bulgaria,0.990759240759241
2020-07-26,bulgaria,0.993006993006993
2020-08-02,bulgaria,0.995504495504495
2020-08-09,bulgaria,0.996753246753247
2020-08-16,bulgaria,0.998501498501498
2020-08-23,bulgaria,0.999000999000999
2020-08-30,bulgaria,0.999500499500499
2020-09-06,bulgaria,0.999500499500499
2020-09-13,bulgaria,0.99975024975025
2020-09-20,bulgaria,0.99975024975025
2020-09-27,bulgaria,0.99975024975025
2020-10-04,bulgaria,0.99975024975025
2020-10-11,bulgaria,0.99975024975025
2020-10-18,bulgaria,0.99975024975025
2020-10-25,bulgaria,1
2020-11-01,bulgaria,1
2020-11-08,bulgaria,1
2020-03-15,canada,0
2020-03-22,canada,0
2020-03-29,canada,0
2020-04-05,canada,0
2020-04-12,canada,0.567932067932068
2020-04-19,canada,0.567932067932068
2020-04-26,canada,0.567932067932068
2020-05-03,canada,0.567932067932068
2020-05-10,canada,0.656093906093906
2020-05-17,canada,0.736263736263736
2020-05-24,canada,0.803196803196803
2020-05-31,canada,0.852397602397602
2020-06-07,canada,0.892607392607393
2020-06-14,canada,0.91983016983017
2020-06-21,canada,0.940809190809191
2020-06-28,canada,0.958291708291708
2020-07-05,canada,0.967032967032967
2020-07-12,canada,0.975024975024975
2020-07-19,canada,0.983016983016983
2020-07-26,canada,0.987262737262737
2020-08-02,canada,0.991508491508491
2020-08-09,canada,0.994505494505495
2020-08-16,canada,0.996253746253746
2020-08-23,canada,0.997752247752248
2020-08-30,canada,0.998001998001998
2020-09-06,canada,0.998751248751249
2020-09-13,canada,0.999000999000999
2020-09-20,canada,0.9995004995005
2020-09-27,canada,0.99975024975025
2020-10-04,canada,0.99975024975025
2020-10-11,canada,0.99975024975025
2020-10-18,canada,0.99975024975025
2020-10-25,canada,1
2020-11-01,canada,1
2020-11-08,canada,1
2020-03-15,croatia,0
2020-03-22,croatia,0
2020-03-29,croatia,0
2020-04-05,croatia,0.777472527472528
2020-04-12,croatia,0.777472527472528
2020-04-19,croatia,0.777472527472528
2020-04-26,croatia,0.777472527472528
2020-05-03,croatia,0.777472527472528
2020-05-10,croatia,0.859390609390609
2020-05-17,croatia,0.913086913086913
2020-05-24,croatia,0.939060939060939
2020-05-31,croatia,0.960789210789211
2020-06-07,croatia,0.972277722277722
2020-06-14,croatia,0.98001998001998
2020-06-21,croatia,0.987512487512488
2020-06-28,croatia,0.991758241758242
2020-07-05,croatia,0.993506493506494
2020-07-12,croatia,0.994255744255744
2020-07-19,croatia,0.995754245754246
2020-07-26,croatia,0.996753246753247
2020-08-02,croatia,0.997252747252747
2020-08-09,croatia,0.998001998001998
2020-08-16,croatia,0.998501498501498
2020-08-23,croatia,0.999250749250749
2020-08-30,croatia,0.999500499500499
2020-09-06,croatia,0.99975024975025
2020-09-13,croatia,0.99975024975025
2020-09-20,croatia,0.99975024975025
2020-09-27,croatia,0.99975024975025
2020-10-04,croatia,1
2020-10-11,croatia,1
2020-10-18,croatia,1
2020-10-25,croatia,1
2020-11-01,croatia,1
2020-11-08,croatia,1
2020-03-15,czechia,0
2020-03-22,czechia,0
2020-03-29,czechia,0
2020-04-05,czechia,0.96003996003996
2020-04-12,czechia,0.96003996003996
2020-04-19,czechia,0.96003996003996
2020-04-26,czechia,0.96003996003996
2020-05-03,czechia,0.96003996003996
2020-05-10,czechia,0.972777222777223
2020-05-17,czechia,0.982267732267732
2020-05-24,czechia,0.988761238761239
2020-05-31,czechia,0.991258741258741
2020-06-07,czechia,0.993506493506494
2020-06-14,czechia,0.996003996003996
2020-06-21,czechia,0.996253746253746
2020-06-28,czechia,0.997002997002997
2020-07-05,czechia,0.998001998001998
2020-07-12,czechia,0.998251748251748
2020-07-19,czechia,0.998501498501498
2020-07-26,czechia,0.999000999000999
2020-08-02,czechia,0.9995004995005
2020-08-09,czechia,0.99975024975025
2020-08-16,czechia,0.99975024975025
2020-08-23,czechia,0.99975024975025
2020-08-30,czechia,0.99975024975025
2020-09-06,czechia,0.99975024975025
2020-09-13,czechia,0.99975024975025
2020-09-20,czechia,1
2020-09-27,czechia,1
2020-10-04,czechia,1
2020-10-11,czechia,1
2020-10-18,czechia,1
2020-10-25,czechia,1
2020-11-01,czechia,1
2020-11-08,czechia,1
2020-03-15,denmark,0
2020-03-22,denmark,0
2020-03-29,denmark,0
2020-04-05,denmark,0
2020-04-12,denmark,0.880619380619381
2020-04-19,denmark,0.880619380619381
2020-04-26,denmark,0.880619380619381
2020-05-03,denmark,0.880619380619381
2020-05-10,denmark,0.917582417582418
2020-05-17,denmark,0.945304695304695
2020-05-24,denmark,0.964785214785215
2020-05-31,denmark,0.978771228771229
2020-06-07,denmark,0.986263736263736
2020-06-14,denmark,0.991508491508491
2020-06-21,denmark,0.995754245754246
2020-06-28,denmark,0.996503496503496
2020-07-05,denmark,0.997502497502498
2020-07-12,denmark,0.999000999000999
2020-07-19,denmark,0.999250749250749
2020-07-26,denmark,0.999500499500499
2020-08-02,denmark,0.99975024975025
2020-08-09,denmark,0.99975024975025
2020-08-16,denmark,0.99975024975025
2020-08-23,denmark,0.99975024975025
2020-08-30,denmark,0.99975024975025
2020-09-06,denmark,1
2020-09-13,denmark,1
2020-09-20,denmark,1
2020-09-27,denmark,1
2020-10-04,denmark,1
2020-10-11,denmark,1
2020-10-18,denmark,1
2020-10-25,denmark,1
2020-11-01,denmark,1
2020-11-08,denmark,1
2020-03-15,estonia,0
2020-03-22,estonia,0
2020-03-29,estonia,0.866383616383616
2020-04-05,estonia,0.866383616383616
2020-04-12,estonia,0.866383616383616
2020-04-19,estonia,0.866383616383616
2020-04-26,estonia,0.866383616383616
2020-05-03,estonia,0.866383616383616
2020-05-10,estonia,0.901848151848152
2020-05-17,estonia,0.932567432567433
2020-05-24,estonia,0.954045954045954
2020-05-31,estonia,0.968531468531468
2020-06-07,estonia,0.979270729270729
2020-06-14,estonia,0.986013986013986
2020-06-21,estonia,0.991008991008991
2020-06-28,estonia,0.993756243756244
2020-07-05,estonia,0.995754245754246
2020-07-12,estonia,0.997502497502498
2020-07-19,estonia,0.998501498501498
2020-07-26,estonia,0.998751248751249
2020-08-02,estonia,0.999250749250749
2020-08-09,estonia,0.99975024975025
2020-08-16,estonia,0.99975024975025
2020-08-23,estonia,1
2020-08-30,estonia,1
2020-09-06,estonia,1
2020-09-13,estonia,1
2020-09-20,estonia,1
2020-09-27,estonia,1
2020-10-04,estonia,1
2020-10-11,estonia,1
2020-10-18,estonia,1
2020-10-25,estonia,1
2020-11-01,estonia,1
2020-11-08,estonia,1
2020-03-15,finland,0
2020-03-22,finland,0
2020-03-29,finland,0
2020-04-05,finland,0.712537462537463
2020-04-12,finland,0.712537462537463
2020-04-19,finland,0.712537462537463
2020-04-26,finland,0.712537462537463
2020-05-03,finland,0.712537462537463
2020-05-10,finland,0.803696303696304
2020-05-17,finland,0.867882117882118
2020-05-24,finland,0.907092907092907
2020-05-31,finland,0.933066933066933
2020-06-07,finland,0.953046953046953
2020-06-14,finland,0.967032967032967
2020-06-21,finland,0.977022977022977
2020-06-28,finland,0.984765234765235
2020-07-05,finland,0.988511488511488
2020-07-12,finland,0.991758241758242
2020-07-19,finland,0.994255744255744
2020-07-26,finland,0.995254745254745
2020-08-02,finland,0.996253746253746
2020-08-09,finland,0.997502497502498
2020-08-16,finland,0.998251748251748
2020-08-23,finland,0.999250749250749
2020-08-30,finland,0.999250749250749
2020-09-06,finland,0.999500499500499
2020-09-13,finland,0.999500499500499
2020-09-20,finland,0.99975024975025
2020-09-27,finland,0.99975024975025
2020-10-04,finland,1
2020-10-11,finland,1
2020-10-18,finland,1
2020-10-25,finland,1
2020-11-01,finland,1
2020-11-08,finland,1
2020-03-15,france,0
2020-03-22,france,0
2020-03-29,france,0
2020-04-05,france,0
2020-04-12,france,0
2020-04-19,france,1
2020-04-26,france,1
2020-05-03,france,1
2020-05-10,france,1
2020-05-17,france,1
2020-05-24,france,1
2020-05-31,france,1
2020-06-07,france,1
2020-06-14,france,1
2020-06-21,france,1
2020-06-28,france,1
2020-07-05,france,1
2020-07-12,france,1
2020-07-19,france,1
2020-07-26,france,1
2020-08-02,france,1
2020-08-09,france,1
2020-08-16,france,1
2020-08-23,france,1
2020-08-30,france,1
2020-09-06,france,1
2020-09-13,france,1
2020-09-20,france,1
2020-09-27,france,1
2020-10-04,france,1
2020-10-11,france,1
2020-10-18,france,1
2020-10-25,france,1
2020-11-01,france,1
2020-11-08,france,1
2020-03-15,germany,0
2020-03-22,germany,0
2020-03-29,germany,0.999250749250749
2020-04-05,germany,0.999250749250749
2020-04-12,germany,0.999250749250749
2020-04-19,germany,0.999250749250749
2020-04-26,germany,0.999250749250749
2020-05-03,germany,0.999250749250749
2020-05-10,germany,0.999250749250749
2020-05-17,germany,0.999250749250749
2020-05-24,germany,0.999250749250749
2020-05-31,germany,0.999250749250749
2020-06-07,germany,0.999250749250749
2020-06-14,germany,0.999250749250749
2020-06-21,germany,0.9995004995005
2020-06-28,germany,0.9995004995005
2020-07-05,germany,0.99975024975025
2020-07-12,germany,0.99975024975025
2020-07-19,germany,0.99975024975025
2020-07-26,germany,0.99975024975025
2020-08-02,germany,0.99975024975025
2020-08-09,germany,1
2020-08-16,germany,1
2020-08-23,germany,1
2020-08-30,germany,1
2020-09-06,germany,1
2020-09-13,germany,1
2020-09-20,germany,1
2020-09-27,germany,1
2020-10-04,germany,1
2020-10-11,germany,1
2020-10-18,germany,1
2020-10-25,germany,1
2020-11-01,germany,1
2020-11-08,germany,1
2020-03-15,greece,0
2020-03-22,greece,0
2020-03-29,greece,0
2020-04-05,greece,0
2020-04-12,greece,0
2020-04-19,greece,0
2020-04-26,greece,0.969030969030969
2020-05-03,greece,0.969030969030969
2020-05-10,greece,0.976273726273726
2020-05-17,greece,0.980519480519481
2020-05-24,greece,0.986763236763237
2020-05-31,greece,0.98976023976024
2020-06-07,greece,0.991008991008991
2020-06-14,greece,0.993506493506494
2020-06-21,greece,0.995004995004995
2020-06-28,greece,0.995504495504496
2020-07-05,greece,0.997002997002997
2020-07-12,greece,0.997752247752248
2020-07-19,greece,0.998751248751249
2020-07-26,greece,0.999000999000999
2020-08-02,greece,0.999000999000999
2020-08-09,greece,0.999000999000999
2020-08-16,greece,0.9995004995005
2020-08-23,greece,0.99975024975025
2020-08-30,greece,0.99975024975025
2020-09-06,greece,0.99975024975025
2020-09-13,greece,0.99975024975025
2020-09-20,greece,0.99975024975025
2020-09-27,greece,1
2020-10-04,greece,1
2020-10-11,greece,1
2020-10-18,greece,1
2020-10-25,greece,1
2020-11-01,greece,1
2020-11-08,greece,1
2020-03-15,hungary,0
2020-03-22,hungary,0
2020-03-29,hungary,0
2020-04-05,hungary,0
2020-04-12,hungary,0.76948051948052
2020-04-19,hungary,0.76948051948052
2020-04-26,hungary,0.76948051948052
2020-05-03,hungary,0.76948051948052
2020-05-10,hungary,0.854895104895105
2020-05-17,hungary,0.905594405594405
2020-05-24,hungary,0.935314685314685
2020-05-31,hungary,0.959040959040959
2020-06-07,hungary,0.975524475524475
2020-06-14,hungary,0.985264735264735
2020-06-21,hungary,0.989510489510489
2020-06-28,hungary,0.992757242757243
2020-07-05,hungary,0.995254745254745
2020-07-12,hungary,0.996253746253746
2020-07-19,hungary,0.997002997002997
2020-07-26,hungary,0.998251748251748
2020-08-02,hungary,0.998501498501498
2020-08-09,hungary,0.999250749250749
2020-08-16,hungary,0.999250749250749
2020-08-23,hungary,0.999250749250749
2020-08-30,hungary,0.999250749250749
2020-09-06,hungary,0.999500499500499
2020-09-13,hungary,0.999500499500499
2020-09-20,hungary,0.99975024975025
2020-09-27,hungary,1
2020-10-04,hungary,1
2020-10-11,hungary,1
2020-10-18,hungary,1
2020-10-25,hungary,1
2020-11-01,hungary,1
2020-11-08,hungary,1
2020-03-15,ireland,0
2020-03-22,ireland,0
2020-03-29,ireland,0
2020-04-05,ireland,0
2020-04-12,ireland,0.967282717282717
2020-04-19,ireland,0.967282717282717
2020-04-26,ireland,0.967282717282717
2020-05-03,ireland,0.967282717282717
2020-05-10,ireland,0.974275724275724
2020-05-17,ireland,0.981268731268731
2020-05-24,ireland,0.986013986013986
2020-05-31,ireland,0.989010989010989
2020-06-07,ireland,0.992257742257742
2020-06-14,ireland,0.995004995004995
2020-06-21,ireland,0.996753246753247
2020-06-28,ireland,0.998501498501498
2020-07-05,ireland,0.99975024975025
2020-07-12,ireland,0.99975024975025
2020-07-19,ireland,0.99975024975025
2020-07-26,ireland,1
2020-08-02,ireland,1
2020-08-09,ireland,1
2020-08-16,ireland,1
2020-08-23,ireland,1
2020-08-30,ireland,1
2020-09-06,ireland,1
2020-09-13,ireland,1
2020-09-20,ireland,1
2020-09-27,ireland,1
2020-10-04,ireland,1
2020-10-11,ireland,1
2020-10-18,ireland,1
2020-10-25,ireland,1
2020-11-01,ireland,1
2020-11-08,ireland,1
2020-03-15,italy,0
2020-03-22,italy,0.996503496503496
2020-03-29,italy,0.996503496503496
2020-04-05,italy,0.996503496503496
2020-04-12,italy,0.996503496503496
2020-04-19,italy,0.996503496503496
2020-04-26,italy,0.996503496503496
2020-05-03,italy,0.996503496503496
2020-05-10,italy,0.996503496503496
2020-05-17,italy,0.996753246753247
2020-05-24,italy,0.997752247752248
2020-05-31,italy,0.998251748251748
2020-06-07,italy,0.998751248751249
2020-06-14,italy,0.998751248751249
2020-06-21,italy,0.999000999000999
2020-06-28,italy,0.999000999000999
2020-07-05,italy,0.99975024975025
2020-07-12,italy,1
2020-07-19,italy,1
2020-07-26,italy,1
2020-08-02,italy,1
2020-08-09,italy,1
2020-08-16,italy,1
2020-08-23,italy,1
2020-08-30,italy,1
2020-09-06,italy,1
2020-09-13,italy,1
2020-09-20,italy,1
2020-09-27,italy,1
2020-10-04,italy,1
2020-10-11,italy,1
2020-10-18,italy,1
2020-10-25,italy,1
2020-11-01,italy,1
2020-11-08,italy,1
2020-03-15,kosovo,0
2020-03-22,kosovo,0
2020-03-29,kosovo,0
2020-04-05,kosovo,0
2020-04-12,kosovo,0
2020-04-19,kosovo,0.541708291708292
2020-04-26,kosovo,0.541708291708292
2020-05-03,kosovo,0.541708291708292
2020-05-10,kosovo,0.640609390609391
2020-05-17,kosovo,0.738261738261738
2020-05-24,kosovo,0.811688311688312
2020-05-31,kosovo,0.863886113886114
2020-06-07,kosovo,0.902347652347652
2020-06-14,kosovo,0.931068931068931
2020-06-21,kosovo,0.9498001998002
2020-06-28,kosovo,0.966783216783217
2020-07-05,kosovo,0.976773226773227
2020-07-12,kosovo,0.982517482517482
2020-07-19,kosovo,0.988761238761239
2020-07-26,kosovo,0.992007992007992
2020-08-02,kosovo,0.993756243756244
2020-08-09,kosovo,0.995754245754246
2020-08-16,kosovo,0.996503496503496
2020-08-23,kosovo,0.997252747252747
2020-08-30,kosovo,0.998001998001998
2020-09-06,kosovo,0.998751248751249
2020-09-13,kosovo,0.999250749250749
2020-09-20,kosovo,0.999500499500499
2020-09-27,kosovo,0.99975024975025
2020-10-04,kosovo,0.99975024975025
2020-10-11,kosovo,0.99975024975025
2020-10-18,kosovo,1
2020-10-25,kosovo,1
2020-11-01,kosovo,1
2020-11-08,kosovo,1
2020-03-15,moldova,0
2020-03-22,moldova,0
2020-03-29,moldova,0
2020-04-05,moldova,0
2020-04-12,moldova,0
2020-04-19,moldova,0.699050949050949
2020-04-26,moldova,0.699050949050949
2020-05-03,moldova,0.699050949050949
2020-05-10,moldova,0.82017982017982
2020-05-17,moldova,0.887362637362637
2020-05-24,moldova,0.928321678321678
2020-05-31,moldova,0.956293706293706
2020-06-07,moldova,0.97052947052947
2020-06-14,moldova,0.981768231768232
2020-06-21,moldova,0.987512487512488
2020-06-28,moldova,0.992007992007992
2020-07-05,moldova,0.994255744255744
2020-07-12,moldova,0.996003996003996
2020-07-19,moldova,0.997502497502497
2020-07-26,moldova,0.998251748251748
2020-08-02,moldova,0.999250749250749
2020-08-09,moldova,0.99975024975025
2020-08-16,moldova,1
2020-08-23,moldova,1
2020-08-30,moldova,1
2020-09-06,moldova,1
2020-09-13,moldova,1
2020-09-20,moldova,1
2020-09-27,moldova,1
2020-10-04,moldova,1
2020-10-11,moldova,1
2020-10-18,moldova,1
2020-10-25,moldova,1
2020-11-01,moldova,1
2020-11-08,moldova,1
2020-03-15,netherlands,0
2020-03-22,netherlands,0
2020-03-29,netherlands,0
2020-04-05,netherlands,0
2020-04-12,netherlands,0.975274725274725
2020-04-19,netherlands,0.975274725274725
2020-04-26,netherlands,0.975274725274725
2020-05-03,netherlands,0.975274725274725
2020-05-10,netherlands,0.977772227772228
2020-05-17,netherlands,0.981518481518482
2020-05-24,netherlands,0.986013986013986
2020-05-31,netherlands,0.990759240759241
2020-06-07,netherlands,0.993256743256743
2020-06-14,netherlands,0.995754245754246
2020-06-21,netherlands,0.996753246753247
2020-06-28,netherlands,0.997752247752248
2020-07-05,netherlands,0.998501498501498
2020-07-12,netherlands,0.999000999000999
2020-07-19,netherlands,0.999500499500499
2020-07-26,netherlands,0.99975024975025
2020-08-02,netherlands,0.99975024975025
2020-08-09,netherlands,1
2020-08-16,netherlands,1
2020-08-23,netherlands,1
2020-08-30,netherlands,1
2020-09-06,netherlands,1
2020-09-13,netherlands,1
2020-09-20,netherlands,1
2020-09-27,netherlands,1
2020-10-04,netherlands,1
2020-10-11,netherlands,1
2020-10-18,netherlands,1
2020-10-25,netherlands,1
2020-11-01,netherlands,1
2020-11-08,netherlands,1
2020-03-15,northmacedonia,0
2020-03-22,northmacedonia,0
2020-03-29,northmacedonia,0
2020-04-05,northmacedonia,0
2020-04-12,northmacedonia,0
2020-04-19,northmacedonia,0.754745254745255
2020-04-26,northmacedonia,0.754745254745255
2020-05-03,northmacedonia,0.754745254745255
2020-05-10,northmacedonia,0.841658341658342
2020-05-17,northmacedonia,0.895604395604396
2020-05-24,northmacedonia,0.931818181818182
2020-05-31,northmacedonia,0.954795204795205
2020-06-07,northmacedonia,0.968781218781219
2020-06-14,northmacedonia,0.97977022977023
2020-06-21,northmacedonia,0.986513486513487
2020-06-28,northmacedonia,0.990759240759241
2020-07-05,northmacedonia,0.993506493506494
2020-07-12,northmacedonia,0.995254745254745
2020-07-19,northmacedonia,0.996503496503496
2020-07-26,northmacedonia,0.998751248751249
2020-08-02,northmacedonia,0.999000999000999
2020-08-09,northmacedonia,0.999250749250749
2020-08-16,northmacedonia,0.999250749250749
2020-08-23,northmacedonia,0.999250749250749
2020-08-30,northmacedonia,0.9995004995005
2020-09-06,northmacedonia,0.99975024975025
2020-09-13,northmacedonia,1
2020-09-20,northmacedonia,1
2020-09-27,northmacedonia,1
2020-10-04,northmacedonia,1
2020-10-11,northmacedonia,1
2020-10-18,northmacedonia,1
2020-10-25,northmacedonia,1
2020-11-01,northmacedonia,1
2020-11-08,northmacedonia,1
2020-03-15,norway,0
2020-03-22,norway,0
2020-03-29,norway,0.995754245754246
2020-04-05,norway,0.995754245754246
2020-04-12,norway,0.995754245754246
2020-04-19,norway,0.995754245754246
2020-04-26,norway,0.995754245754246
2020-05-03,norway,0.995754245754246
2020-05-10,norway,0.996003996003996
2020-05-17,norway,0.996003996003996
2020-05-24,norway,0.997002997002997
2020-05-31,norway,0.997752247752248
2020-06-07,norway,0.998751248751249
2020-06-14,norway,0.998751248751249
2020-06-21,norway,0.998751248751249
2020-06-28,norway,0.999250749250749
2020-07-05,norway,0.999250749250749
2020-07-12,norway,0.999500499500499
2020-07-19,norway,0.999500499500499
2020-07-26,norway,0.999500499500499
2020-08-02,norway,0.999500499500499
2020-08-09,norway,1
2020-08-16,norway,1
2020-08-23,norway,1
2020-08-30,norway,1
2020-09-06,norway,1
2020-09-13,norway,1
2020-09-20,norway,1
2020-09-27,norway,1
2020-10-04,norway,1
2020-10-11,norway,1
2020-10-18,norway,1
2020-10-25,norway,1
2020-11-01,norway,1
2020-11-08,norway,1
2020-03-15,poland,0
2020-03-22,poland,0
2020-03-29,poland,0
2020-04-05,poland,0
2020-04-12,poland,0
2020-04-19,poland,0
2020-04-26,poland,0.643356643356643
2020-05-03,poland,0.643356643356643
2020-05-10,poland,0.751248751248751
2020-05-17,poland,0.820429570429571
2020-05-24,poland,0.865634365634366
2020-05-31,poland,0.905094905094905
2020-06-07,poland,0.930569430569431
2020-06-14,poland,0.946303696303696
2020-06-21,poland,0.961538461538461
2020-06-28,poland,0.974525474525475
2020-07-05,poland,0.983016983016983
2020-07-12,poland,0.987762237762238
2020-07-19,poland,0.991258741258741
2020-07-26,poland,0.993506493506493
2020-08-02,poland,0.995254745254745
2020-08-09,poland,0.996753246753247
2020-08-16,poland,0.998251748251748
2020-08-23,poland,0.998251748251748
2020-08-30,poland,0.998751248751249
2020-09-06,poland,0.999500499500499
2020-09-13,poland,0.99975024975025
2020-09-20,poland,0.99975024975025
2020-09-27,poland,0.99975024975025
2020-10-04,poland,0.99975024975025
2020-10-11,poland,0.99975024975025
2020-10-18,poland,1
2020-10-25,poland,1
2020-11-01,poland,1
2020-11-08,poland,1
2020-03-15,portugal,0
2020-03-22,portugal,0
2020-03-29,portugal,0
2020-04-05,portugal,0
2020-04-12,portugal,0.99000999000999
2020-04-19,portugal,0.99000999000999
2020-04-26,portugal,0.99000999000999
2020-05-03,portugal,0.99000999000999
2020-05-10,portugal,0.991008991008991
2020-05-17,portugal,0.992757242757243
2020-05-24,portugal,0.994755244755245
2020-05-31,portugal,0.996253746253746
2020-06-07,portugal,0.997502497502498
2020-06-14,portugal,0.998251748251748
2020-06-21,portugal,0.998501498501498
2020-06-28,portugal,0.998501498501498
2020-07-05,portugal,0.99975024975025
2020-07-12,portugal,0.99975024975025
2020-07-19,portugal,0.99975024975025
2020-07-26,portugal,0.99975024975025
2020-08-02,portugal,0.99975024975025
2020-08-09,portugal,1
2020-08-16,portugal,1
2020-08-23,portugal,1
2020-08-30,portugal,1
2020-09-06,portugal,1
2020-09-13,portugal,1
2020-09-20,portugal,1
2020-09-27,portugal,1
2020-10-04,portugal,1
2020-10-11,portugal,1
2020-10-18,portugal,1
2020-10-25,portugal,1
2020-11-01,portugal,1
2020-11-08,portugal,1
2020-03-15,romania,0
2020-03-22,romania,0
2020-03-29,romania,0
2020-04-05,romania,0
2020-04-12,romania,0.593406593406593
2020-04-19,romania,0.593406593406593
2020-04-26,romania,0.593406593406593
2020-05-03,romania,0.593406593406593
2020-05-10,romania,0.700549450549451
2020-05-17,romania,0.782217782217782
2020-05-24,romania,0.838411588411588
2020-05-31,romania,0.877372627372627
2020-06-07,romania,0.914335664335664
2020-06-14,romania,0.936063936063936
2020-06-21,romania,0.950799200799201
2020-06-28,romania,0.963786213786214
2020-07-05,romania,0.972027972027972
2020-07-12,romania,0.98001998001998
2020-07-19,romania,0.988011988011988
2020-07-26,romania,0.991508491508491
2020-08-02,romania,0.994505494505495
2020-08-09,romania,0.995754245754246
2020-08-16,romania,0.997002997002997
2020-08-23,romania,0.998001998001998
2020-08-30,romania,0.998251748251748
2020-09-06,romania,0.998751248751249
2020-09-13,romania,0.999500499500499
2020-09-20,romania,1
2020-09-27,romania,1
2020-10-04,romania,1
2020-10-11,romania,1
2020-10-18,romania,1
2020-10-25,romania,1
2020-11-01,romania,1
2020-11-08,romania,1
2020-03-15,russia,0
2020-03-22,russia,0
2020-03-29,russia,0
2020-04-05,russia,0
2020-04-12,russia,0
2020-04-19,russia,0
2020-04-26,russia,0
2020-05-03,russia,0
2020-05-10,russia,0.36038961038961
2020-05-17,russia,0.464535464535465
2020-05-24,russia,0.563436563436564
2020-05-31,russia,0.65034965034965
2020-06-07,russia,0.728021978021978
2020-06-14,russia,0.792957042957043
2020-06-21,russia,0.843906093906094
2020-06-28,russia,0.883616383616384
2020-07-05,russia,0.917082917082917
2020-07-12,russia,0.936813186813187
2020-07-19,russia,0.950549450549451
2020-07-26,russia,0.966283716283716
2020-08-02,russia,0.978521478521479
2020-08-09,russia,0.985264735264735
2020-08-16,russia,0.98976023976024
2020-08-23,russia,0.994755244755245
2020-08-30,russia,0.997002997002997
2020-09-06,russia,0.997502497502498
2020-09-13,russia,0.998501498501498
2020-09-20,russia,0.998501498501498
2020-09-27,russia,0.999000999000999
2020-10-04,russia,0.99975024975025
2020-10-11,russia,1
2020-10-18,russia,1
2020-10-25,russia,1
2020-11-01,russia,1
2020-11-08,russia,1
2020-03-15,sanmarino,0
2020-03-22,sanmarino,0
2020-03-29,sanmarino,0
2020-04-05,sanmarino,0
2020-04-12,sanmarino,0.423967774420947
2020-04-19,sanmarino,0.847935548841893
2020-04-26,sanmarino,0.847935548841893
2020-05-03,sanmarino,0.847935548841893
2020-05-10,sanmarino,0.890663213926054
2020-05-17,sanmarino,0.923176521363833
2020-05-24,sanmarino,0.94662638469285
2020-05-31,sanmarino,0.962451445835132
2020-06-07,sanmarino,0.972234210904906
2020-06-14,sanmarino,0.980146741476047
2020-06-21,sanmarino,0.986332901740757
2020-06-28,sanmarino,0.990361099122428
2020-07-05,sanmarino,0.993094518774277
2020-07-12,sanmarino,0.995540210041721
2020-07-19,sanmarino,0.996834987771544
2020-07-26,sanmarino,0.997698172924759
2020-08-02,sanmarino,0.998273629693569
2020-08-09,sanmarino,0.998561358077975
2020-08-16,sanmarino,0.99942454323119
2020-08-23,sanmarino,0.999568407423392
2020-08-30,sanmarino,0.999856135807797
2020-09-06,sanmarino,0.999856135807797
2020-09-13,sanmarino,0.999856135807797
2020-09-20,sanmarino,0.999856135807797
2020-09-27,sanmarino,1
2020-10-04,sanmarino,1
2020-10-11,sanmarino,1
2020-10-18,sanmarino,1
2020-10-25,sanmarino,1
2020-11-01,sanmarino,1
2020-11-08,sanmarino,1
2020-03-15,serbia,0
2020-03-22,serbia,0
2020-03-29,serbia,0
2020-04-05,serbia,0
2020-04-12,serbia,0
2020-04-19,serbia,0.736763236763237
2020-04-26,serbia,0.736763236763237
2020-05-03,serbia,0.736763236763237
2020-05-10,serbia,0.816933066933067
2020-05-17,serbia,0.865884115884116
2020-05-24,serbia,0.897102897102897
2020-05-31,serbia,0.91958041958042
2020-06-07,serbia,0.942807192807193
2020-06-14,serbia,0.956043956043956
2020-06-21,serbia,0.966533466533467
2020-06-28,serbia,0.974775224775225
2020-07-05,serbia,0.977772227772228
2020-07-12,serbia,0.983516483516483
2020-07-19,serbia,0.989010989010989
2020-07-26,serbia,0.992757242757243
2020-08-02,serbia,0.994255744255744
2020-08-09,serbia,0.995504495504495
2020-08-16,serbia,0.996503496503496
2020-08-23,serbia,0.997502497502498
2020-08-30,serbia,0.997752247752248
2020-09-06,serbia,0.998001998001998
2020-09-13,serbia,0.998501498501498
2020-09-20,serbia,0.998501498501498
2020-09-27,serbia,0.998751248751249
2020-10-04,serbia,0.999500499500499
2020-10-11,serbia,0.99975024975025
2020-10-18,serbia,1
2020-10-25,serbia,1
2020-11-01,serbia,1
2020-11-08,serbia,1
2020-03-15,slovenia,0
2020-03-22,slovenia,0
2020-03-29,slovenia,0.697802197802198
2020-04-05,slovenia,0.697802197802198
2020-04-12,slovenia,0.697802197802198
2020-04-19,slovenia,0.697802197802198
2020-04-26,slovenia,0.697802197802198
2020-05-03,slovenia,0.697802197802198
2020-05-10,slovenia,0.795454545454545
2020-05-17,slovenia,0.865384615384615
2020-05-24,slovenia,0.908341658341658
2020-05-31,slovenia,0.935814185814186
2020-06-07,slovenia,0.955544455544456
2020-06-14,slovenia,0.969280719280719
2020-06-21,slovenia,0.979520479520479
2020-06-28,slovenia,0.984265734265734
2020-07-05,slovenia,0.989010989010989
2020-07-12,slovenia,0.992507492507493
2020-07-19,slovenia,0.993756243756244
2020-07-26,slovenia,0.995504495504495
2020-08-02,slovenia,0.996503496503496
2020-08-09,slovenia,0.997002997002997
2020-08-16,slovenia,0.998001998001998
2020-08-23,slovenia,0.999000999000999
2020-08-30,slovenia,0.999250749250749
2020-09-06,slovenia,1
2020-09-13,slovenia,1
2020-09-20,slovenia,1
2020-09-27,slovenia,1
2020-10-04,slovenia,1
2020-10-11,slovenia,1
2020-10-18,slovenia,1
2020-10-25,slovenia,1
2020-11-01,slovenia,1
2020-11-08,slovenia,1
2020-03-15,spain,0
2020-03-22,spain,0
2020-03-29,spain,0.999500499500499
2020-04-05,spain,0.999500499500499
2020-04-12,spain,0.999500499500499
2020-04-19,spain,0.999500499500499
2020-04-26,spain,0.999500499500499
2020-05-03,spain,0.999500499500499
2020-05-10,spain,0.999500499500499
2020-05-17,spain,0.999500499500499
2020-05-24,spain,0.999500499500499
2020-05-31,spain,0.999500499500499
2020-06-07,spain,0.999500499500499
2020-06-14,spain,0.999500499500499
2020-06-21,spain,0.999500499500499
2020-06-28,spain,0.999500499500499
2020-07-05,spain,0.999500499500499
2020-07-12,spain,0.99975024975025
2020-07-19,spain,0.99975024975025
2020-07-26,spain,1
2020-08-02,spain,1
2020-08-09,spain,1
2020-08-16,spain,1
2020-08-23,spain,1
2020-08-30,spain,1
2020-09-06,spain,1
2020-09-13,spain,1
2020-09-20,spain,1
2020-09-27,spain,1
2020-10-04,spain,1
2020-10-11,spain,1
2020-10-18,spain,1
2020-10-25,spain,1
2020-11-01,spain,1
2020-11-08,spain,1
2020-03-15,sweden,0
2020-03-22,sweden,0
2020-03-29,sweden,0
2020-04-05,sweden,0
2020-04-12,sweden,0
2020-04-19,sweden,0
2020-04-26,sweden,0.520979020979021
2020-05-03,sweden,0.520979020979021
2020-05-10,sweden,0.7002997002997
2020-05-17,sweden,0.821928071928072
2020-05-24,sweden,0.890859140859141
2020-05-31,sweden,0.935314685314685
2020-06-07,sweden,0.961788211788212
2020-06-14,sweden,0.976273726273726
2020-06-21,sweden,0.984265734265734
2020-06-28,sweden,0.991008991008991
2020-07-05,sweden,0.995504495504495
2020-07-12,sweden,0.996503496503496
2020-07-19,sweden,0.998751248751249
2020-07-26,sweden,1
2020-08-02,sweden,1
2020-08-09,sweden,1
2020-08-16,sweden,1
2020-08-23,sweden,1
2020-08-30,sweden,1
2020-09-06,sweden,1
2020-09-13,sweden,1
2020-09-20,sweden,1
2020-09-27,sweden,1
2020-10-04,sweden,1
2020-10-11,sweden,1
2020-10-18,sweden,1
2020-10-25,sweden,1
2020-11-01,sweden,1
2020-11-08,sweden,1
2020-03-15,switzerland,0
2020-03-22,switzerland,0
2020-03-29,switzerland,0.997502497502498
2020-04-05,switzerland,0.997502497502498
2020-04-12,switzerland,0.997502497502498
2020-04-19,switzerland,0.997502497502498
2020-04-26,switzerland,0.997502497502498
2020-05-03,switzerland,0.997502497502498
2020-05-10,switzerland,0.997752247752248
2020-05-17,switzerland,0.997752247752248
2020-05-24,switzerland,0.998001998001998
2020-05-31,switzerland,0.998001998001998
2020-06-07,switzerland,0.998501498501498
2020-06-14,switzerland,0.999250749250749
2020-06-21,switzerland,0.9995004995005
2020-06-28,switzerland,0.9995004995005
2020-07-05,switzerland,0.9995004995005
2020-07-12,switzerland,0.99975024975025
2020-07-19,switzerland,1
2020-07-26,switzerland,1
2020-08-02,switzerland,1
2020-08-09,switzerland,1
2020-08-16,switzerland,1
2020-08-23,switzerland,1
2020-08-30,switzerland,1
2020-09-06,switzerland,1
2020-09-13,switzerland,1
2020-09-20,switzerland,1
2020-09-27,switzerland,1
2020-10-04,switzerland,1
2020-10-11,switzerland,1
2020-10-18,switzerland,1
2020-10-25,switzerland,1
2020-11-01,switzerland,1
2020-11-08,switzerland,1
2020-03-15,unitedkingdom,0
2020-03-22,unitedkingdom,0
2020-03-29,unitedkingdom,0
2020-04-05,unitedkingdom,0
2020-04-12,unitedkingdom,0.714785214785215
2020-04-19,unitedkingdom,0.714785214785215
2020-04-26,unitedkingdom,0.714785214785215
2020-05-03,unitedkingdom,0.714785214785215
2020-05-10,unitedkingdom,0.741008991008991
2020-05-17,unitedkingdom,0.790709290709291
2020-05-24,unitedkingdom,0.842157842157842
2020-05-31,unitedkingdom,0.88036963036963
2020-06-07,unitedkingdom,0.90959040959041
2020-06-14,unitedkingdom,0.931068931068931
2020-06-21,unitedkingdom,0.946803196803197
2020-06-28,unitedkingdom,0.961788211788212
2020-07-05,unitedkingdom,0.972777222777223
2020-07-12,unitedkingdom,0.981768231768232
2020-07-19,unitedkingdom,0.986763236763237
2020-07-26,unitedkingdom,0.989260739260739
2020-08-02,unitedkingdom,0.992257742257742
2020-08-09,unitedkingdom,0.993506493506494
2020-08-16,unitedkingdom,0.995254745254745
2020-08-23,unitedkingdom,0.996753246753247
2020-08-30,unitedkingdom,0.998251748251748
2020-09-06,unitedkingdom,0.999000999000999
2020-09-13,unitedkingdom,0.999250749250749
2020-09-20,unitedkingdom,0.9995004995005
2020-09-27,unitedkingdom,0.9995004995005
2020-10-04,unitedkingdom,0.9995004995005
2020-10-11,unitedkingdom,0.99975024975025
2020-10-18,unitedkingdom,0.99975024975025
2020-10-25,unitedkingdom,1
2020-11-01,unitedkingdom,1
2020-11-08,unitedkingdom,1
2020-03-15,us,0
2020-03-22,us,0
2020-03-29,us,0
2020-04-05,us,0
2020-04-12,us,0
2020-04-19,us,0
2020-04-26,us,0.503996003996004
2020-05-03,us,0.503996003996004
2020-05-10,us,0.60964035964036
2020-05-17,us,0.72002997002997
2020-05-24,us,0.800949050949051
2020-05-31,us,0.860889110889111
2020-06-07,us,0.905344655344655
2020-06-14,us,0.935314685314685
2020-06-21,us,0.953296703296703
2020-06-28,us,0.965784215784216
2020-07-05,us,0.975024975024975
2020-07-12,us,0.981768231768232
2020-07-19,us,0.987512487512488
2020-07-26,us,0.99025974025974
2020-08-02,us,0.993256743256743
2020-08-09,us,0.995754245754246
2020-08-16,us,0.997002997002997
2020-08-23,us,0.998001998001998
2020-08-30,us,0.998751248751249
2020-09-06,us,0.999250749250749
2020-09-13,us,0.999500499500499
2020-09-20,us,0.99975024975025
2020-09-27,us,1
2020-10-04,us,1
2020-10-11,us,1
2020-10-18,us,1
2020-10-25,us,1
2020-11-01,us,1
2020-11-08,us,1
2020-03-15,argentina,0
2020-03-22,argentina,0
2020-03-29,argentina,0
2020-04-05,argentina,0
2020-04-12,argentina,0
2020-04-19,argentina,0
2020-04-26,argentina,0.812937062937063
2020-05-03,argentina,0.812937062937063
2020-05-10,argentina,0.84040959040959
2020-05-17,argentina,0.877372627372627
2020-05-24,argentina,0.904845154845155
2020-05-31,argentina,0.931068931068931
2020-06-07,argentina,0.955044955044955
2020-06-14,argentina,0.968781218781219
2020-06-21,argentina,0.979520479520479
2020-06-28,argentina,0.986263736263736
2020-07-05,argentina,0.990759240759241
2020-07-12,argentina,0.994755244755245
2020-07-19,argentina,0.996003996003996
2020-07-26,argentina,0.996753246753247
2020-08-02,argentina,0.998751248751249
2020-08-09,argentina,0.999500499500499
2020-08-16,argentina,0.99975024975025
2020-08-23,argentina,1
2020-08-30,argentina,1
2020-09-06,argentina,1
2020-09-13,argentina,1
2020-09-20,argentina,1
2020-09-27,argentina,1
2020-10-04,argentina,1
2020-10-11,argentina,1
2020-10-18,argentina,1
2020-10-25,argentina,1
2020-11-01,argentina,1
2020-11-08,argentina,1
2020-03-15,bolivia,0
2020-03-22,bolivia,0
2020-03-29,bolivia,0
2020-04-05,bolivia,0
2020-04-12,bolivia,0
2020-04-19,bolivia,0
2020-04-26,bolivia,0
2020-05-03,bolivia,0
2020-05-10,bolivia,0.715784215784216
2020-05-17,bolivia,0.739010989010989
2020-05-24,bolivia,0.762987012987013
2020-05-31,bolivia,0.792457542457543
2020-06-07,bolivia,0.824675324675325
2020-06-14,bolivia,0.857142857142857
2020-06-21,bolivia,0.887362637362637
2020-06-28,bolivia,0.912587412587413
2020-07-05,bolivia,0.931068931068931
2020-07-12,bolivia,0.947302697302697
2020-07-19,bolivia,0.961788211788212
2020-07-26,bolivia,0.972027972027972
2020-08-02,bolivia,0.980769230769231
2020-08-09,bolivia,0.987262737262737
2020-08-16,bolivia,0.990509490509491
2020-08-23,bolivia,0.993256743256743
2020-08-30,bolivia,0.994755244755245
2020-09-06,bolivia,0.996503496503496
2020-09-13,bolivia,0.997002997002997
2020-09-20,bolivia,0.997502497502498
2020-09-27,bolivia,0.998001998001998
2020-10-04,bolivia,0.998251748251748
2020-10-11,bolivia,0.998751248751249
2020-10-18,bolivia,0.998751248751249
2020-10-25,bolivia,0.999000999000999
2020-11-01,bolivia,1
2020-11-08,bolivia,1
2020-03-15,brazil,0
2020-03-22,brazil,0
2020-03-29,brazil,0
2020-04-05,brazil,0
2020-04-12,brazil,0
2020-04-19,brazil,0
2020-04-26,brazil,0
2020-05-03,brazil,0.458291708291708
2020-05-10,brazil,0.508491508491509
2020-05-17,brazil,0.596653346653347
2020-05-24,brazil,0.68981018981019
2020-05-31,brazil,0.755744255744256
2020-06-07,brazil,0.808691308691309
2020-06-14,brazil,0.851898101898102
2020-06-21,brazil,0.89010989010989
2020-06-28,brazil,0.923076923076923
2020-07-05,brazil,0.940809190809191
2020-07-12,brazil,0.957542457542458
2020-07-19,brazil,0.969030969030969
2020-07-26,brazil,0.975774225774226
2020-08-02,brazil,0.983266733266733
2020-08-09,brazil,0.989260739260739
2020-08-16,brazil,0.993006993006993
2020-08-23,brazil,0.994755244755245
2020-08-30,brazil,0.996253746253746
2020-09-06,brazil,0.997752247752248
2020-09-13,brazil,0.998001998001998
2020-09-20,brazil,0.998501498501498
2020-09-27,brazil,0.999250749250749
2020-10-04,brazil,0.999500499500499
2020-10-11,brazil,0.99975024975025
2020-10-18,brazil,1
2020-10-25,brazil,1
2020-11-01,brazil,1
2020-11-08,brazil,1
2020-03-15,colombia,0
2020-03-22,colombia,0
2020-03-29,colombia,0
2020-04-05,colombia,0
2020-04-12,colombia,0
2020-04-19,colombia,0
2020-04-26,colombia,0
2020-05-03,colombia,0.441308691308691
2020-05-10,colombia,0.537462537462537
2020-05-17,colombia,0.625874125874126
2020-05-24,colombia,0.704295704295704
2020-05-31,colombia,0.76973026973027
2020-06-07,colombia,0.820679320679321
2020-06-14,colombia,0.865884115884116
2020-06-21,colombia,0.895854145854146
2020-06-28,colombia,0.924075924075924
2020-07-05,colombia,0.942057942057942
2020-07-12,colombia,0.954545454545455
2020-07-19,colombia,0.965534465534466
2020-07-26,colombia,0.974275724275724
2020-08-02,colombia,0.982017982017982
2020-08-09,colombia,0.986763236763237
2020-08-16,colombia,0.991258741258741
2020-08-23,colombia,0.994505494505495
2020-08-30,colombia,0.996003996003996
2020-09-06,colombia,0.997502497502498
2020-09-13,colombia,0.998001998001998
2020-09-20,colombia,0.998251748251748
2020-09-27,colombia,0.998501498501498
2020-10-04,colombia,0.999000999000999
2020-10-11,colombia,0.999000999000999
2020-10-18,colombia,0.9995004995005
2020-10-25,colombia,1
2020-11-01,colombia,1
2020-11-08,colombia,1
2020-03-15,cuba,0
2020-03-22,cuba,0
2020-03-29,cuba,0
2020-04-05,cuba,0
2020-04-12,cuba,0
2020-04-19,cuba,0
2020-04-26,cuba,0
2020-05-03,cuba,0.677072927072927
2020-05-10,cuba,0.803696303696304
2020-05-17,cuba,0.875124875124875
2020-05-24,cuba,0.914585414585415
2020-05-31,cuba,0.941308691308691
2020-06-07,cuba,0.958791208791209
2020-06-14,cuba,0.970779220779221
2020-06-21,cuba,0.98001998001998
2020-06-28,cuba,0.986013986013986
2020-07-05,cuba,0.989260739260739
2020-07-12,cuba,0.992507492507493
2020-07-19,cuba,0.995004995004995
2020-07-26,cuba,0.996753246753247
2020-08-02,cuba,0.997502497502498
2020-08-09,cuba,0.998001998001998
2020-08-16,cuba,0.998501498501498
2020-08-23,cuba,0.998751248751249
2020-08-30,cuba,0.999250749250749
2020-09-06,cuba,0.999500499500499
2020-09-13,cuba,1
2020-09-20,cuba,1
2020-09-27,cuba,1
2020-10-04,cuba,1
2020-10-11,cuba,1
2020-10-18,cuba,1
2020-10-25,cuba,1
2020-11-01,cuba,1
2020-11-08,cuba,1
2020-03-15,dominicanrepublic,0
2020-03-22,dominicanrepublic,0
2020-03-29,dominicanrepublic,0
2020-04-05,dominicanrepublic,0
2020-04-12,dominicanrepublic,0
2020-04-19,dominicanrepublic,0
2020-04-26,dominicanrepublic,0
2020-05-03,dominicanrepublic,0
2020-05-10,dominicanrepublic,0.608891108891109
2020-05-17,dominicanrepublic,0.701048951048951
2020-05-24,dominicanrepublic,0.770729270729271
2020-05-31,dominicanrepublic,0.820929070929071
2020-06-07,dominicanrepublic,0.862637362637363
2020-06-14,dominicanrepublic,0.897602397602398
2020-06-21,dominicanrepublic,0.922077922077922
2020-06-28,dominicanrepublic,0.943306693306693
2020-07-05,dominicanrepublic,0.960789210789211
2020-07-12,dominicanrepublic,0.971528471528472
2020-07-19,dominicanrepublic,0.978521478521479
2020-07-26,dominicanrepublic,0.983266733266733
2020-08-02,dominicanrepublic,0.987512487512488
2020-08-09,dominicanrepublic,0.99050949050949
2020-08-16,dominicanrepublic,0.993506493506493
2020-08-23,dominicanrepublic,0.994255744255744
2020-08-30,dominicanrepublic,0.996003996003996
2020-09-06,dominicanrepublic,0.996503496503496
2020-09-13,dominicanrepublic,0.997252747252747
2020-09-20,dominicanrepublic,0.997752247752248
2020-09-27,dominicanrepublic,0.998251748251748
2020-10-04,dominicanrepublic,0.999000999000999
2020-10-11,dominicanrepublic,0.999000999000999
2020-10-18,dominicanrepublic,0.999500499500499
2020-10-25,dominicanrepublic,0.99975024975025
2020-11-01,dominicanrepublic,1
2020-11-08,dominicanrepublic,1
2020-03-15,ecuador,0
2020-03-22,ecuador,0
2020-03-29,ecuador,0
2020-04-05,ecuador,0
2020-04-12,ecuador,0
2020-04-19,ecuador,0
2020-04-26,ecuador,0.74975024975025
2020-05-03,ecuador,0.74975024975025
2020-05-10,ecuador,0.74975024975025
2020-05-17,ecuador,0.752747252747253
2020-05-24,ecuador,0.766733266733267
2020-05-31,ecuador,0.786213786213786
2020-06-07,ecuador,0.823426573426574
2020-06-14,ecuador,0.852647352647353
2020-06-21,ecuador,0.882867132867133
2020-06-28,ecuador,0.907092907092907
2020-07-05,ecuador,0.932817182817183
2020-07-12,ecuador,0.949550449550449
2020-07-19,ecuador,0.962537462537463
2020-07-26,ecuador,0.973776223776224
2020-08-02,ecuador,0.98026973026973
2020-08-09,ecuador,0.986263736263736
2020-08-16,ecuador,0.992007992007992
2020-08-23,ecuador,0.994755244755245
2020-08-30,ecuador,0.996753246753247
2020-09-06,ecuador,0.997002997002997
2020-09-13,ecuador,0.997752247752248
2020-09-20,ecuador,0.998751248751249
2020-09-27,ecuador,0.998751248751249
2020-10-04,ecuador,0.998751248751249
2020-10-11,ecuador,0.999000999000999
2020-10-18,ecuador,0.999500499500499
2020-10-25,ecuador,0.999500499500499
2020-11-01,ecuador,1
2020-11-08,ecuador,1
2020-03-15,honduras,0
2020-03-22,honduras,0
2020-03-29,honduras,0
2020-04-05,honduras,0
2020-04-12,honduras,0
2020-04-19,honduras,0
2020-04-26,honduras,0
2020-05-03,honduras,0.902097902097902
2020-05-10,honduras,0.905344655344655
2020-05-17,honduras,0.911838161838162
2020-05-24,honduras,0.92032967032967
2020-05-31,honduras,0.92982017982018
2020-06-07,honduras,0.941558441558442
2020-06-14,honduras,0.950549450549451
2020-06-21,honduras,0.96003996003996
2020-06-28,honduras,0.968531468531468
2020-07-05,honduras,0.973776223776224
2020-07-12,honduras,0.97977022977023
2020-07-19,honduras,0.984015984015984
2020-07-26,honduras,0.989010989010989
2020-08-02,honduras,0.992507492507493
2020-08-09,honduras,0.995004995004995
2020-08-16,honduras,0.996003996003996
2020-08-23,honduras,0.997002997002997
2020-08-30,honduras,0.998001998001998
2020-09-06,honduras,0.998001998001998
2020-09-13,honduras,0.998501498501498
2020-09-20,honduras,0.999250749250749
2020-09-27,honduras,0.999500499500499
2020-10-04,honduras,0.99975024975025
2020-10-11,honduras,0.99975024975025
2020-10-18,honduras,1
2020-10-25,honduras,1
2020-11-01,honduras,1
2020-11-08,honduras,1
2020-03-15,mexico,0
2020-03-22,mexico,0
2020-03-29,mexico,0
2020-04-05,mexico,0
2020-04-12,mexico,0
2020-04-19,mexico,0
2020-04-26,mexico,0
2020-05-03,mexico,0.278971028971029
2020-05-10,mexico,0.426573426573427
2020-05-17,mexico,0.575424575424576
2020-05-24,mexico,0.683566433566434
2020-05-31,mexico,0.767482517482518
2020-06-07,mexico,0.824925074925075
2020-06-14,mexico,0.871878121878122
2020-06-21,mexico,0.900599400599401
2020-06-28,mexico,0.927822177822178
2020-07-05,mexico,0.946053946053946
2020-07-12,mexico,0.958791208791209
2020-07-19,mexico,0.969280719280719
2020-07-26,mexico,0.97952047952048
2020-08-02,mexico,0.985514485514486
2020-08-09,mexico,0.990759240759241
2020-08-16,mexico,0.993506493506494
2020-08-23,mexico,0.996003996003996
2020-08-30,mexico,0.997752247752248
2020-09-06,mexico,0.998751248751249
2020-09-13,mexico,0.999000999000999
2020-09-20,mexico,0.9995004995005
2020-09-27,mexico,0.9995004995005
2020-10-04,mexico,0.9995004995005
2020-10-11,mexico,0.99975024975025
2020-10-18,mexico,1
2020-10-25,mexico,1
2020-11-01,mexico,1
2020-11-08,mexico,1
2020-03-15,peru,0
2020-03-22,peru,0
2020-03-29,peru,0
2020-04-05,peru,0
2020-04-12,peru,0
2020-04-19,peru,0
2020-04-26,peru,0.268981018981019
2020-05-03,peru,0.268981018981019
2020-05-10,peru,0.37037962037962
2020-05-17,peru,0.482017982017982
2020-05-24,peru,0.579420579420579
2020-05-31,peru,0.66033966033966
2020-06-07,peru,0.737762237762238
2020-06-14,peru,0.79945054945055
2020-06-21,peru,0.851148851148851
2020-06-28,peru,0.887362637362637
2020-07-05,peru,0.917832167832168
2020-07-12,peru,0.939060939060939
2020-07-19,peru,0.955794205794206
2020-07-26,peru,0.971028971028971
2020-08-02,peru,0.977522477522477
2020-08-09,peru,0.983766233766234
2020-08-16,peru,0.988261738261738
2020-08-23,peru,0.991258741258741
2020-08-30,peru,0.993256743256743
2020-09-06,peru,0.995004995004995
2020-09-13,peru,0.997502497502498
2020-09-20,peru,0.999000999000999
2020-09-27,peru,0.999250749250749
2020-10-04,peru,0.999250749250749
2020-10-11,peru,0.999250749250749
2020-10-18,peru,0.999500499500499
2020-10-25,peru,0.99975024975025
2020-11-01,peru,1
2020-11-08,peru,1
2020-03-15,burkinafaso,0
2020-03-22,burkinafaso,0
2020-03-29,burkinafaso,0
2020-04-05,burkinafaso,0
2020-04-12,burkinafaso,0.841158841158841
2020-04-19,burkinafaso,0.841158841158841
2020-04-26,burkinafaso,0.841158841158841
2020-05-03,burkinafaso,0.841158841158841
2020-05-10,burkinafaso,0.900849150849151
2020-05-17,burkinafaso,0.934815184815185
2020-05-24,burkinafaso,0.957292707292707
2020-05-31,burkinafaso,0.96978021978022
2020-06-07,burkinafaso,0.978771228771229
2020-06-14,burkinafaso,0.983516483516484
2020-06-21,burkinafaso,0.986513486513487
2020-06-28,burkinafaso,0.990509490509491
2020-07-05,burkinafaso,0.993506493506494
2020-07-12,burkinafaso,0.994505494505495
2020-07-19,burkinafaso,0.996503496503496
2020-07-26,burkinafaso,0.997252747252747
2020-08-02,burkinafaso,0.998001998001998
2020-08-09,burkinafaso,0.998751248751249
2020-08-16,burkinafaso,0.999000999000999
2020-08-23,burkinafaso,0.999250749250749
2020-08-30,burkinafaso,0.999250749250749
2020-09-06,burkinafaso,0.999250749250749
2020-09-13,burkinafaso,0.99975024975025
2020-09-20,burkinafaso,0.99975024975025
2020-09-27,burkinafaso,1
2020-10-04,burkinafaso,1
2020-10-11,burkinafaso,1
2020-10-18,burkinafaso,1
2020-10-25,burkinafaso,1
2020-11-01,burkinafaso,1
2020-11-08,burkinafaso,1
2020-03-15,cameroon,0
2020-03-22,cameroon,0
2020-03-29,cameroon,0
2020-04-05,cameroon,0
2020-04-12,cameroon,0
2020-04-19,cameroon,0
2020-04-26,cameroon,0
2020-05-03,cameroon,0.849150849150849
2020-05-10,cameroon,0.88961038961039
2020-05-17,cameroon,0.923826173826174
2020-05-24,cameroon,0.942307692307692
2020-05-31,cameroon,0.959040959040959
2020-06-07,cameroon,0.971028971028971
2020-06-14,cameroon,0.978771228771229
2020-06-21,cameroon,0.986763236763237
2020-06-28,cameroon,0.992257742257742
2020-07-05,cameroon,0.995254745254745
2020-07-12,cameroon,0.997252747252747
2020-07-19,cameroon,0.998001998001998
2020-07-26,cameroon,0.998751248751249
2020-08-02,cameroon,0.999250749250749
2020-08-09,cameroon,0.999500499500499
2020-08-16,cameroon,1
2020-08-23,cameroon,1
2020-08-30,cameroon,1
2020-09-06,cameroon,1
2020-09-13,cameroon,1
2020-09-20,cameroon,1
2020-09-27,cameroon,1
2020-10-04,cameroon,1
2020-10-11,cameroon,1
2020-10-18,cameroon,1
2020-10-25,cameroon,1
2020-11-01,cameroon,1
2020-11-08,cameroon,1
2020-03-15,democraticcongo,0
2020-03-22,democraticcongo,0
2020-03-29,democraticcongo,0
2020-04-05,democraticcongo,0
2020-04-12,democraticcongo,0
2020-04-19,democraticcongo,0
2020-04-26,democraticcongo,0
2020-05-03,democraticcongo,0.778471528471529
2020-05-10,democraticcongo,0.812437562437562
2020-05-17,democraticcongo,0.846153846153846
2020-05-24,democraticcongo,0.873626373626374
2020-05-31,democraticcongo,0.895604395604396
2020-06-07,democraticcongo,0.917832167832168
2020-06-14,democraticcongo,0.935064935064935
2020-06-21,democraticcongo,0.948301698301698
2020-06-28,democraticcongo,0.958791208791209
2020-07-05,democraticcongo,0.968531468531468
2020-07-12,democraticcongo,0.976023976023976
2020-07-19,democraticcongo,0.980769230769231
2020-07-26,democraticcongo,0.986763236763237
2020-08-02,democraticcongo,0.99000999000999
2020-08-09,democraticcongo,0.993256743256743
2020-08-16,democraticcongo,0.995504495504495
2020-08-23,democraticcongo,0.996253746253746
2020-08-30,democraticcongo,0.997002997002997
2020-09-06,democraticcongo,0.998251748251748
2020-09-13,democraticcongo,0.999000999000999
2020-09-20,democraticcongo,0.999000999000999
2020-09-27,democraticcongo,0.999500499500499
2020-10-04,democraticcongo,0.99975024975025
2020-10-11,democraticcongo,1
2020-10-18,democraticcongo,1
2020-10-25,democraticcongo,1
2020-11-01,democraticcongo,1
2020-11-08,democraticcongo,1
2020-03-15,mali,0
2020-03-22,mali,0
2020-03-29,mali,0
2020-04-05,mali,0
2020-04-12,mali,0
2020-04-19,mali,0
2020-04-26,mali,0
2020-05-03,mali,0.599150849150849
2020-05-10,mali,0.699050949050949
2020-05-17,mali,0.774475524475525
2020-05-24,mali,0.833166833166833
2020-05-31,mali,0.876873126873127
2020-06-07,mali,0.912087912087912
2020-06-14,mali,0.939310689310689
2020-06-21,mali,0.959040959040959
2020-06-28,mali,0.970529470529471
2020-07-05,mali,0.98026973026973
2020-07-12,mali,0.987012987012987
2020-07-19,mali,0.99000999000999
2020-07-26,mali,0.991758241758242
2020-08-02,mali,0.994005994005994
2020-08-09,mali,0.997252747252747
2020-08-16,mali,0.998001998001998
2020-08-23,mali,0.998751248751249
2020-08-30,mali,0.999250749250749
2020-09-06,mali,0.99975024975025
2020-09-13,mali,1
2020-09-20,mali,1
2020-09-27,mali,1
2020-10-04,mali,1
2020-10-11,mali,1
2020-10-18,mali,1
2020-10-25,mali,1
2020-11-01,mali,1
2020-11-08,mali,1
2020-03-15,nigeria,0
2020-03-22,nigeria,0
2020-03-29,nigeria,0
2020-04-05,nigeria,0
2020-04-12,nigeria,0
2020-04-19,nigeria,0
2020-04-26,nigeria,0
2020-05-03,nigeria,0.356143856143856
2020-05-10,nigeria,0.456793206793207
2020-05-17,nigeria,0.564435564435564
2020-05-24,nigeria,0.669330669330669
2020-05-31,nigeria,0.761238761238761
2020-06-07,nigeria,0.822427572427572
2020-06-14,nigeria,0.875624375624376
2020-06-21,nigeria,0.910839160839161
2020-06-28,nigeria,0.940809190809191
2020-07-05,nigeria,0.96028971028971
2020-07-12,nigeria,0.972027972027972
2020-07-19,nigeria,0.981018981018981
2020-07-26,nigeria,0.988011988011988
2020-08-02,nigeria,0.992507492507493
2020-08-09,nigeria,0.995004995004995
2020-08-16,nigeria,0.996503496503496
2020-08-23,nigeria,0.997252747252747
2020-08-30,nigeria,0.998001998001998
2020-09-06,nigeria,0.998251748251748
2020-09-13,nigeria,0.999250749250749
2020-09-20,nigeria,0.999250749250749
2020-09-27,nigeria,0.999500499500499
2020-10-04,nigeria,0.999500499500499
2020-10-11,nigeria,0.999500499500499
2020-10-18,nigeria,0.99975024975025
2020-10-25,nigeria,1
2020-11-01,nigeria,1
2020-11-08,nigeria,1
2020-03-15,somalia,0
2020-03-22,somalia,0
2020-03-29,somalia,0
2020-04-05,somalia,0
2020-04-12,somalia,0
2020-04-19,somalia,0
2020-04-26,somalia,0.327172827172827
2020-05-03,somalia,0.327172827172827
2020-05-10,somalia,0.38011988011988
2020-05-17,somalia,0.435064935064935
2020-05-24,somalia,0.508991008991009
2020-05-31,somalia,0.579170829170829
2020-06-07,somalia,0.645104895104895
2020-06-14,somalia,0.708291708291708
2020-06-21,somalia,0.770979020979021
2020-06-28,somalia,0.820929070929071
2020-07-05,somalia,0.864385614385614
2020-07-12,somalia,0.897102897102897
2020-07-19,somalia,0.926823176823177
2020-07-26,somalia,0.944805194805195
2020-08-02,somalia,0.959290709290709
2020-08-09,somalia,0.97027972027972
2020-08-16,somalia,0.977772227772228
2020-08-23,somalia,0.984265734265734
2020-08-30,somalia,0.988011988011988
2020-09-06,somalia,0.991008991008991
2020-09-13,somalia,0.993006993006993
2020-09-20,somalia,0.995004995004995
2020-09-27,somalia,0.996503496503496
2020-10-04,somalia,0.998251748251748
2020-10-11,somalia,0.998251748251748
2020-10-18,somalia,0.999250749250749
2020-10-25,somalia,0.99975024975025
2020-11-01,somalia,1
2020-11-08,somalia,1
2020-03-15,southafrica,0
2020-03-22,southafrica,0
2020-03-29,southafrica,0
2020-04-05,southafrica,0
2020-04-12,southafrica,0
2020-04-19,southafrica,0
2020-04-26,southafrica,0
2020-05-03,southafrica,0
2020-05-10,southafrica,0.506743256743257
2020-05-17,southafrica,0.593406593406593
2020-05-24,southafrica,0.677572427572428
2020-05-31,southafrica,0.751248751248751
2020-06-07,southafrica,0.807692307692308
2020-06-14,southafrica,0.853646353646354
2020-06-21,southafrica,0.88961038961039
2020-06-28,southafrica,0.918581418581418
2020-07-05,southafrica,0.936813186813187
2020-07-12,southafrica,0.956543456543456
2020-07-19,southafrica,0.965284715284715
2020-07-26,southafrica,0.973776223776224
2020-08-02,southafrica,0.982767232767233
2020-08-09,southafrica,0.987262737262737
2020-08-16,southafrica,0.991258741258741
2020-08-23,southafrica,0.993256743256743
2020-08-30,southafrica,0.994005994005994
2020-09-06,southafrica,0.995254745254745
2020-09-13,southafrica,0.996753246753247
2020-09-20,southafrica,0.997752247752248
2020-09-27,southafrica,0.998501498501498
2020-10-04,southafrica,0.998751248751249
2020-10-11,southafrica,0.998751248751249
2020-10-18,southafrica,0.999250749250749
2020-10-25,southafrica,0.99975024975025
2020-11-01,southafrica,1
2020-11-08,southafrica,1
2020-03-15,turkey,0
2020-03-22,turkey,0
2020-03-29,turkey,0
2020-04-05,turkey,0
2020-04-12,turkey,0.947302697302697
2020-04-19,turkey,0.947302697302697
2020-04-26,turkey,0.947302697302697
2020-05-03,turkey,0.947302697302697
2020-05-10,turkey,0.964035964035964
2020-05-17,turkey,0.974775224775225
2020-05-24,turkey,0.982017982017982
2020-05-31,turkey,0.984515484515484
2020-06-07,turkey,0.98951048951049
2020-06-14,turkey,0.992257742257742
2020-06-21,turkey,0.993006993006993
2020-06-28,turkey,0.995504495504495
2020-07-05,turkey,0.996503496503496
2020-07-12,turkey,0.997752247752248
2020-07-19,turkey,0.998001998001998
2020-07-26,turkey,0.998751248751249
2020-08-02,turkey,0.999000999000999
2020-08-09,turkey,0.9995004995005
2020-08-16,turkey,0.99975024975025
2020-08-23,turkey,1
2020-08-30,turkey,1
2020-09-06,turkey,1
2020-09-13,turkey,1
2020-09-20,turkey,1
2020-09-27,turkey,1
2020-10-04,turkey,1
2020-10-11,turkey,1
2020-10-18,turkey,1
2020-10-25,turkey,1
2020-11-01,turkey,1
2020-11-08,turkey,1
2020-03-15,australia,0
2020-03-22,australia,0
2020-03-29,australia,0.175574425574426
2020-04-05,australia,0.175574425574426
2020-04-12,australia,0.175574425574426
2020-04-19,australia,0.175574425574426
2020-04-26,australia,0.175574425574426
2020-05-03,australia,0.175574425574426
2020-05-10,australia,0.306193806193806
2020-05-17,australia,0.43981018981019
2020-05-24,australia,0.555194805194805
2020-05-31,australia,0.654595404595405
2020-06-07,australia,0.736013986013986
2020-06-14,australia,0.791208791208791
2020-06-21,australia,0.838661338661339
2020-06-28,australia,0.874875124875125
2020-07-05,australia,0.900599400599401
2020-07-12,australia,0.921578421578422
2020-07-19,australia,0.942057942057942
2020-07-26,australia,0.953796203796204
2020-08-02,australia,0.968531468531468
2020-08-09,australia,0.975524475524475
2020-08-16,australia,0.982017982017982
2020-08-23,australia,0.986013986013986
2020-08-30,australia,0.99000999000999
2020-09-06,australia,0.993756243756244
2020-09-13,australia,0.994755244755245
2020-09-20,australia,0.996003996003996
2020-09-27,australia,0.996753246753247
2020-10-04,australia,0.997752247752248
2020-10-11,australia,0.998251748251748
2020-10-18,australia,0.998751248751249
2020-10-25,australia,0.999500499500499
2020-11-01,australia,1
2020-11-08,australia,1
2020-03-15,indonesia,0
2020-03-22,indonesia,0
2020-03-29,indonesia,0
2020-04-05,indonesia,0
2020-04-12,indonesia,0
2020-04-19,indonesia,0
2020-04-26,indonesia,0.488511488511489
2020-05-03,indonesia,0.488511488511489
2020-05-10,indonesia,0.640609390609391
2020-05-17,indonesia,0.742257742257742
2020-05-24,indonesia,0.807192807192807
2020-05-31,indonesia,0.860889110889111
2020-06-07,indonesia,0.892607392607393
2020-06-14,indonesia,0.921078921078921
2020-06-21,indonesia,0.944055944055944
2020-06-28,indonesia,0.96003996003996
2020-07-05,indonesia,0.968531468531468
2020-07-12,indonesia,0.976273726273726
2020-07-19,indonesia,0.981768231768232
2020-07-26,indonesia,0.986763236763237
2020-08-02,indonesia,0.990509490509491
2020-08-09,indonesia,0.993006993006993
2020-08-16,indonesia,0.994255744255744
2020-08-23,indonesia,0.996003996003996
2020-08-30,indonesia,0.997502497502498
2020-09-06,indonesia,0.998251748251748
2020-09-13,indonesia,0.998501498501498
2020-09-20,indonesia,0.998751248751249
2020-09-27,indonesia,0.999500499500499
2020-10-04,indonesia,0.999500499500499
2020-10-11,indonesia,0.99975024975025
2020-10-18,indonesia,0.99975024975025
2020-10-25,indonesia,0.99975024975025
2020-11-01,indonesia,1
2020-11-08,indonesia,1
2020-03-15,japan,0
2020-03-22,japan,0
2020-03-29,japan,0
2020-04-05,japan,0
2020-04-12,japan,0
2020-04-19,japan,0.924825174825175
2020-04-26,japan,0.924825174825175
2020-05-03,japan,0.924825174825175
2020-05-10,japan,0.934065934065934
2020-05-17,japan,0.951298701298701
2020-05-24,japan,0.962287712287712
2020-05-31,japan,0.972277722277722
2020-06-07,japan,0.979520479520479
2020-06-14,japan,0.985514485514486
2020-06-21,japan,0.991508491508491
2020-06-28,japan,0.994255744255744
2020-07-05,japan,0.995754245754246
2020-07-12,japan,0.998501498501498
2020-07-19,japan,0.998501498501498
2020-07-26,japan,0.999250749250749
2020-08-02,japan,1
2020-08-09,japan,1
2020-08-16,japan,1
2020-08-23,japan,1
2020-08-30,japan,1
2020-09-06,japan,1
2020-09-13,japan,1
2020-09-20,japan,1
2020-09-27,japan,1
2020-10-04,japan,1
2020-10-11,japan,1
2020-10-18,japan,1
2020-10-25,japan,1
2020-11-01,japan,1
2020-11-08,japan,1
2020-03-15,malaysia,0
2020-03-22,malaysia,0
2020-03-29,malaysia,0.56018981018981
2020-04-05,malaysia,0.56018981018981
2020-04-12,malaysia,0.56018981018981
2020-04-19,malaysia,0.56018981018981
2020-04-26,malaysia,0.56018981018981
2020-05-03,malaysia,0.56018981018981
2020-05-10,malaysia,0.672327672327672
2020-05-17,malaysia,0.757742257742258
2020-05-24,malaysia,0.816933066933067
2020-05-31,malaysia,0.855394605394606
2020-06-07,malaysia,0.893606393606394
2020-06-14,malaysia,0.918081918081918
2020-06-21,malaysia,0.941308691308691
2020-06-28,malaysia,0.954295704295704
2020-07-05,malaysia,0.965034965034965
2020-07-12,malaysia,0.975274725274725
2020-07-19,malaysia,0.981268731268731
2020-07-26,malaysia,0.986513486513486
2020-08-02,malaysia,0.99025974025974
2020-08-09,malaysia,0.992257742257742
2020-08-16,malaysia,0.993756243756244
2020-08-23,malaysia,0.994505494505495
2020-08-30,malaysia,0.996003996003996
2020-09-06,malaysia,0.997252747252747
2020-09-13,malaysia,0.998251748251748
2020-09-20,malaysia,0.998251748251748
2020-09-27,malaysia,0.998751248751249
2020-10-04,malaysia,0.999250749250749
2020-10-11,malaysia,0.999500499500499
2020-10-18,malaysia,0.99975024975025
2020-10-25,malaysia,0.99975024975025
2020-11-01,malaysia,1
2020-11-08,malaysia,1
2020-03-15,philippines,0
2020-03-22,philippines,0
2020-03-29,philippines,0
2020-04-05,philippines,0.692057942057942
2020-04-12,philippines,0.692057942057942
2020-04-19,philippines,0.692057942057942
2020-04-26,philippines,0.692057942057942
2020-05-03,philippines,0.692057942057942
2020-05-10,philippines,0.765984015984016
2020-05-17,philippines,0.825674325674326
2020-05-24,philippines,0.864635364635365
2020-05-31,philippines,0.896103896103896
2020-06-07,philippines,0.921828171828172
2020-06-14,philippines,0.943056943056943
2020-06-21,philippines,0.958041958041958
2020-06-28,philippines,0.968031968031968
2020-07-05,philippines,0.976523476523477
2020-07-12,philippines,0.981268731268731
2020-07-19,philippines,0.984015984015984
2020-07-26,philippines,0.988761238761239
2020-08-02,philippines,0.993756243756244
2020-08-09,philippines,0.995004995004995
2020-08-16,philippines,0.996003996003996
2020-08-23,philippines,0.996753246753247
2020-08-30,philippines,0.998001998001998
2020-09-06,philippines,0.999000999000999
2020-09-13,philippines,0.999000999000999
2020-09-20,philippines,0.999250749250749
2020-09-27,philippines,0.999500499500499
2020-10-04,philippines,1
2020-10-11,philippines,1
2020-10-18,philippines,1
2020-10-25,philippines,1
2020-11-01,philippines,1
2020-11-08,philippines,1
2020-03-15,southkorea,0.998251748251748
2020-03-22,southkorea,0.998251748251748
2020-03-29,southkorea,0.998251748251748
2020-04-05,southkorea,0.998251748251748
2020-04-12,southkorea,0.998251748251748
2020-04-19,southkorea,0.998251748251748
2020-04-26,southkorea,0.998251748251748
2020-05-03,southkorea,0.998251748251748
2020-05-10,southkorea,0.998251748251748
2020-05-17,southkorea,0.998501498501498
2020-05-24,southkorea,0.998501498501498
2020-05-31,southkorea,0.998501498501498
2020-06-07,southkorea,0.998751248751249
2020-06-14,southkorea,0.998751248751249
2020-06-21,southkorea,0.999000999000999
2020-06-28,southkorea,0.999500499500499
2020-07-05,southkorea,0.999500499500499
2020-07-12,southkorea,0.999500499500499
2020-07-19,southkorea,0.999500499500499
2020-07-26,southkorea,0.99975024975025
2020-08-02,southkorea,0.99975024975025
2020-08-09,southkorea,1
2020-08-16,southkorea,1
2020-08-23,southkorea,1
2020-08-30,southkorea,1
2020-09-06,southkorea,1
2020-09-13,southkorea,1
2020-09-20,southkorea,1
2020-09-27,southkorea,1
2020-10-04,southkorea,1
2020-10-11,southkorea,1
2020-10-18,southkorea,1
2020-10-25,southkorea,1
2020-11-01,southkorea,1
2020-11-08,southkorea,1
2020-03-15,thailand,0
2020-03-22,thailand,0
2020-03-29,thailand,0.731268731268731
2020-04-05,thailand,0.731268731268731
2020-04-12,thailand,0.731268731268731
2020-04-19,thailand,0.731268731268731
2020-04-26,thailand,0.731268731268731
2020-05-03,thailand,0.731268731268731
2020-05-10,thailand,0.806693306693307
2020-05-17,thailand,0.868381618381618
2020-05-24,thailand,0.909340659340659
2020-05-31,thailand,0.93981018981019
2020-06-07,thailand,0.96003996003996
2020-06-14,thailand,0.974025974025974
2020-06-21,thailand,0.978271728271728
2020-06-28,thailand,0.985264735264735
2020-07-05,thailand,0.988511488511488
2020-07-12,thailand,0.991508491508491
2020-07-19,thailand,0.994755244755245
2020-07-26,thailand,0.995504495504495
2020-08-02,thailand,0.997002997002997
2020-08-09,thailand,0.997752247752248
2020-08-16,thailand,0.998251748251748
2020-08-23,thailand,0.999000999000999
2020-08-30,thailand,0.999250749250749
2020-09-06,thailand,0.999500499500499
2020-09-13,thailand,0.999500499500499
2020-09-20,thailand,0.99975024975025
2020-09-27,thailand,0.99975024975025
2020-10-04,thailand,1
2020-10-11,thailand,1
2020-10-18,thailand,1
2020-10-25,thailand,1
2020-11-01,thailand,1
2020-11-08,thailand,1
