weekdate,simple_state,cumulative_prob
2020-03-15,alabama,0
2020-03-22,alabama,0
2020-03-29,alabama,0
2020-04-05,alabama,0
2020-04-12,alabama,0
2020-04-19,alabama,0
2020-04-26,alabama,0
2020-05-03,alabama,0.515484515484515
2020-05-10,alabama,0.551198801198801
2020-05-17,alabama,0.664085914085914
2020-05-24,alabama,0.75
2020-05-31,alabama,0.821928071928072
2020-06-07,alabama,0.868131868131868
2020-06-14,alabama,0.902097902097902
2020-06-21,alabama,0.928321678321678
2020-06-28,alabama,0.944055944055944
2020-07-05,alabama,0.959290709290709
2020-07-12,alabama,0.96953046953047
2020-07-19,alabama,0.978771228771229
2020-07-26,alabama,0.984265734265734
2020-08-02,alabama,0.988011988011988
2020-08-09,alabama,0.991508491508491
2020-08-16,alabama,0.994755244755245
2020-08-23,alabama,0.996503496503496
2020-08-30,alabama,0.997502497502498
2020-09-06,alabama,0.998001998001998
2020-09-13,alabama,0.999000999000999
2020-09-20,alabama,0.999000999000999
2020-09-27,alabama,0.999250749250749
2020-10-04,alabama,0.99975024975025
2020-10-11,alabama,0.99975024975025
2020-10-18,alabama,0.99975024975025
2020-10-25,alabama,1
2020-11-01,alabama,1
2020-11-08,alabama,1
2020-11-15,alabama,1
2020-03-15,alaska,0
2020-03-22,alaska,0
2020-03-29,alaska,0.999500499500499
2020-04-05,alaska,0.999500499500499
2020-04-12,alaska,0.999500499500499
2020-04-19,alaska,0.999500499500499
2020-04-26,alaska,0.999500499500499
2020-05-03,alaska,0.999500499500499
2020-05-10,alaska,0.999500499500499
2020-05-17,alaska,0.999500499500499
2020-05-24,alaska,0.999500499500499
2020-05-31,alaska,0.999500499500499
2020-06-07,alaska,0.999500499500499
2020-06-14,alaska,0.99975024975025
2020-06-21,alaska,0.99975024975025
2020-06-28,alaska,0.99975024975025
2020-07-05,alaska,0.99975024975025
2020-07-12,alaska,0.99975024975025
2020-07-19,alaska,0.99975024975025
2020-07-26,alaska,0.99975024975025
2020-08-02,alaska,0.99975024975025
2020-08-09,alaska,0.99975024975025
2020-08-16,alaska,0.99975024975025
2020-08-23,alaska,0.99975024975025
2020-08-30,alaska,0.99975024975025
2020-09-06,alaska,0.99975024975025
2020-09-13,alaska,0.99975024975025
2020-09-20,alaska,0.99975024975025
2020-09-27,alaska,0.99975024975025
2020-10-04,alaska,1
2020-10-11,alaska,1
2020-10-18,alaska,1
2020-10-25,alaska,1
2020-11-01,alaska,1
2020-11-08,alaska,1
2020-11-15,alaska,1
2020-03-15,arizona,0
2020-03-22,arizona,0
2020-03-29,arizona,0
2020-04-05,arizona,0
2020-04-12,arizona,0
2020-04-19,arizona,0
2020-04-26,arizona,0
2020-05-03,arizona,0.338911088911089
2020-05-10,arizona,0.417582417582418
2020-05-17,arizona,0.573176823176823
2020-05-24,arizona,0.683816183816184
2020-05-31,arizona,0.769230769230769
2020-06-07,arizona,0.833166833166833
2020-06-14,arizona,0.875124875124875
2020-06-21,arizona,0.91033966033966
2020-06-28,arizona,0.932817182817183
2020-07-05,arizona,0.950549450549451
2020-07-12,arizona,0.966283716283716
2020-07-19,arizona,0.976023976023976
2020-07-26,arizona,0.982767232767233
2020-08-02,arizona,0.987512487512488
2020-08-09,arizona,0.98976023976024
2020-08-16,arizona,0.991508491508491
2020-08-23,arizona,0.993506493506493
2020-08-30,arizona,0.995004995004995
2020-09-06,arizona,0.996753246753247
2020-09-13,arizona,0.997252747252747
2020-09-20,arizona,0.997752247752248
2020-09-27,arizona,0.999000999000999
2020-10-04,arizona,0.999500499500499
2020-10-11,arizona,0.99975024975025
2020-10-18,arizona,0.99975024975025
2020-10-25,arizona,0.99975024975025
2020-11-01,arizona,1
2020-11-08,arizona,1
2020-11-15,arizona,1
2020-03-15,arkansas,0
2020-03-22,arkansas,0
2020-03-29,arkansas,0
2020-04-05,arkansas,0
2020-04-12,arkansas,0
2020-04-19,arkansas,0
2020-04-26,arkansas,0.994005994005994
2020-05-03,arkansas,0.994005994005994
2020-05-10,arkansas,0.994005994005994
2020-05-17,arkansas,0.994005994005994
2020-05-24,arkansas,0.994505494505495
2020-05-31,arkansas,0.995254745254745
2020-06-07,arkansas,0.995504495504495
2020-06-14,arkansas,0.996503496503496
2020-06-21,arkansas,0.996753246753247
2020-06-28,arkansas,0.997502497502498
2020-07-05,arkansas,0.997502497502498
2020-07-12,arkansas,0.998501498501498
2020-07-19,arkansas,0.998751248751249
2020-07-26,arkansas,0.99975024975025
2020-08-02,arkansas,0.99975024975025
2020-08-09,arkansas,1
2020-08-16,arkansas,1
2020-08-23,arkansas,1
2020-08-30,arkansas,1
2020-09-06,arkansas,1
2020-09-13,arkansas,1
2020-09-20,arkansas,1
2020-09-27,arkansas,1
2020-10-04,arkansas,1
2020-10-11,arkansas,1
2020-10-18,arkansas,1
2020-10-25,arkansas,1
2020-11-01,arkansas,1
2020-11-08,arkansas,1
2020-11-15,arkansas,1
2020-03-15,california,0
2020-03-22,california,0
2020-03-29,california,0
2020-04-05,california,0
2020-04-12,california,0
2020-04-19,california,0
2020-04-26,california,0
2020-05-03,california,0.419330669330669
2020-05-10,california,0.461038961038961
2020-05-17,california,0.586913086913087
2020-05-24,california,0.697302697302697
2020-05-31,california,0.77997002997003
2020-06-07,california,0.83966033966034
2020-06-14,california,0.884615384615385
2020-06-21,california,0.914835164835165
2020-06-28,california,0.934315684315684
2020-07-05,california,0.952297702297702
2020-07-12,california,0.965534465534466
2020-07-19,california,0.975524475524475
2020-07-26,california,0.983266733266733
2020-08-02,california,0.988261738261738
2020-08-09,california,0.992757242757243
2020-08-16,california,0.995254745254745
2020-08-23,california,0.997002997002997
2020-08-30,california,0.997752247752248
2020-09-06,california,0.998251748251748
2020-09-13,california,0.998751248751249
2020-09-20,california,0.999250749250749
2020-09-27,california,0.999500499500499
2020-10-04,california,0.999500499500499
2020-10-11,california,0.999500499500499
2020-10-18,california,0.999500499500499
2020-10-25,california,0.999500499500499
2020-11-01,california,0.99975024975025
2020-11-08,california,1
2020-11-15,california,1
2020-03-15,colorado,0
2020-03-22,colorado,0
2020-03-29,colorado,0
2020-04-05,colorado,0
2020-04-12,colorado,0
2020-04-19,colorado,0
2020-04-26,colorado,0.919330669330669
2020-05-03,colorado,0.919330669330669
2020-05-10,colorado,0.92007992007992
2020-05-17,colorado,0.928071928071928
2020-05-24,colorado,0.937062937062937
2020-05-31,colorado,0.953546453546453
2020-06-07,colorado,0.968031968031968
2020-06-14,colorado,0.976023976023976
2020-06-21,colorado,0.983016983016983
2020-06-28,colorado,0.988761238761239
2020-07-05,colorado,0.993756243756244
2020-07-12,colorado,0.996003996003996
2020-07-19,colorado,0.997002997002997
2020-07-26,colorado,0.997752247752248
2020-08-02,colorado,0.998001998001998
2020-08-09,colorado,0.998751248751249
2020-08-16,colorado,0.999500499500499
2020-08-23,colorado,1
2020-08-30,colorado,1
2020-09-06,colorado,1
2020-09-13,colorado,1
2020-09-20,colorado,1
2020-09-27,colorado,1
2020-10-04,colorado,1
2020-10-11,colorado,1
2020-10-18,colorado,1
2020-10-25,colorado,1
2020-11-01,colorado,1
2020-11-08,colorado,1
2020-11-15,colorado,1
2020-03-15,connecticut,0
2020-03-22,connecticut,0
2020-03-29,connecticut,0
2020-04-05,connecticut,0
2020-04-12,connecticut,0
2020-04-19,connecticut,0
2020-04-26,connecticut,0.992257742257742
2020-05-03,connecticut,0.992257742257742
2020-05-10,connecticut,0.992257742257742
2020-05-17,connecticut,0.992257742257742
2020-05-24,connecticut,0.992507492507493
2020-05-31,connecticut,0.992507492507493
2020-06-07,connecticut,0.992757242757243
2020-06-14,connecticut,0.993256743256743
2020-06-21,connecticut,0.993756243756244
2020-06-28,connecticut,0.994755244755245
2020-07-05,connecticut,0.995254745254745
2020-07-12,connecticut,0.997002997002997
2020-07-19,connecticut,0.997752247752248
2020-07-26,connecticut,0.997752247752248
2020-08-02,connecticut,0.998001998001998
2020-08-09,connecticut,0.998751248751249
2020-08-16,connecticut,0.999500499500499
2020-08-23,connecticut,0.999500499500499
2020-08-30,connecticut,0.999500499500499
2020-09-06,connecticut,0.999500499500499
2020-09-13,connecticut,0.99975024975025
2020-09-20,connecticut,1
2020-09-27,connecticut,1
2020-10-04,connecticut,1
2020-10-11,connecticut,1
2020-10-18,connecticut,1
2020-10-25,connecticut,1
2020-11-01,connecticut,1
2020-11-08,connecticut,1
2020-11-15,connecticut,1
2020-03-15,delaware,0
2020-03-22,delaware,0
2020-03-29,delaware,0
2020-04-05,delaware,0
2020-04-12,delaware,0
2020-04-19,delaware,0
2020-04-26,delaware,0
2020-05-03,delaware,0.83016983016983
2020-05-10,delaware,0.831918081918082
2020-05-17,delaware,0.852397602397602
2020-05-24,delaware,0.89010989010989
2020-05-31,delaware,0.921078921078921
2020-06-07,delaware,0.948551448551449
2020-06-14,delaware,0.963036963036963
2020-06-21,delaware,0.976023976023976
2020-06-28,delaware,0.984765234765235
2020-07-05,delaware,0.99050949050949
2020-07-12,delaware,0.993506493506493
2020-07-19,delaware,0.997002997002997
2020-07-26,delaware,0.997752247752248
2020-08-02,delaware,0.998501498501498
2020-08-09,delaware,0.999500499500499
2020-08-16,delaware,0.999500499500499
2020-08-23,delaware,0.999500499500499
2020-08-30,delaware,0.99975024975025
2020-09-06,delaware,0.99975024975025
2020-09-13,delaware,1
2020-09-20,delaware,1
2020-09-27,delaware,1
2020-10-04,delaware,1
2020-10-11,delaware,1
2020-10-18,delaware,1
2020-10-25,delaware,1
2020-11-01,delaware,1
2020-11-08,delaware,1
2020-11-15,delaware,1
2020-03-15,districtofcolumbia,0
2020-03-22,districtofcolumbia,0
2020-03-29,districtofcolumbia,0
2020-04-05,districtofcolumbia,0
2020-04-12,districtofcolumbia,0
2020-04-19,districtofcolumbia,0
2020-04-26,districtofcolumbia,0
2020-05-03,districtofcolumbia,0.82992007992008
2020-05-10,districtofcolumbia,0.83016983016983
2020-05-17,districtofcolumbia,0.845404595404595
2020-05-24,districtofcolumbia,0.86963036963037
2020-05-31,districtofcolumbia,0.893856143856144
2020-06-07,districtofcolumbia,0.919330669330669
2020-06-14,districtofcolumbia,0.941058941058941
2020-06-21,districtofcolumbia,0.955544455544456
2020-06-28,districtofcolumbia,0.966783216783217
2020-07-05,districtofcolumbia,0.975774225774226
2020-07-12,districtofcolumbia,0.983516483516483
2020-07-19,districtofcolumbia,0.99000999000999
2020-07-26,districtofcolumbia,0.993006993006993
2020-08-02,districtofcolumbia,0.995754245754246
2020-08-09,districtofcolumbia,0.997002997002997
2020-08-16,districtofcolumbia,0.998001998001998
2020-08-23,districtofcolumbia,0.998501498501498
2020-08-30,districtofcolumbia,0.998751248751249
2020-09-06,districtofcolumbia,0.999000999000999
2020-09-13,districtofcolumbia,0.999500499500499
2020-09-20,districtofcolumbia,0.999500499500499
2020-09-27,districtofcolumbia,0.99975024975025
2020-10-04,districtofcolumbia,1
2020-10-11,districtofcolumbia,1
2020-10-18,districtofcolumbia,1
2020-10-25,districtofcolumbia,1
2020-11-01,districtofcolumbia,1
2020-11-08,districtofcolumbia,1
2020-11-15,districtofcolumbia,1
2020-03-15,florida,0
2020-03-22,florida,0
2020-03-29,florida,0
2020-04-05,florida,0.972277722277722
2020-04-12,florida,0.972277722277722
2020-04-19,florida,0.972277722277722
2020-04-26,florida,0.972277722277722
2020-05-03,florida,0.972277722277722
2020-05-10,florida,0.972277722277722
2020-05-17,florida,0.972527472527472
2020-05-24,florida,0.973526473526474
2020-05-31,florida,0.976023976023976
2020-06-07,florida,0.979520479520479
2020-06-14,florida,0.985514485514486
2020-06-21,florida,0.989010989010989
2020-06-28,florida,0.99025974025974
2020-07-05,florida,0.992507492507493
2020-07-12,florida,0.994505494505495
2020-07-19,florida,0.995504495504495
2020-07-26,florida,0.996503496503496
2020-08-02,florida,0.997752247752248
2020-08-09,florida,0.998251748251748
2020-08-16,florida,0.998751248751249
2020-08-23,florida,0.999250749250749
2020-08-30,florida,0.999500499500499
2020-09-06,florida,0.999500499500499
2020-09-13,florida,0.99975024975025
2020-09-20,florida,0.99975024975025
2020-09-27,florida,0.99975024975025
2020-10-04,florida,0.99975024975025
2020-10-11,florida,0.99975024975025
2020-10-18,florida,1
2020-10-25,florida,1
2020-11-01,florida,1
2020-11-08,florida,1
2020-11-15,florida,1
2020-03-15,georgia,0
2020-03-22,georgia,0
2020-03-29,georgia,0
2020-04-05,georgia,0
2020-04-12,georgia,0
2020-04-19,georgia,0.906593406593407
2020-04-26,georgia,0.906593406593407
2020-05-03,georgia,0.906593406593407
2020-05-10,georgia,0.906843156843157
2020-05-17,georgia,0.910839160839161
2020-05-24,georgia,0.923576423576424
2020-05-31,georgia,0.936563436563437
2020-06-07,georgia,0.947552447552448
2020-06-14,georgia,0.95954045954046
2020-06-21,georgia,0.968281718281718
2020-06-28,georgia,0.976023976023976
2020-07-05,georgia,0.98026973026973
2020-07-12,georgia,0.984765234765235
2020-07-19,georgia,0.988761238761239
2020-07-26,georgia,0.993256743256743
2020-08-02,georgia,0.995504495504495
2020-08-09,georgia,0.997752247752248
2020-08-16,georgia,0.998001998001998
2020-08-23,georgia,0.999500499500499
2020-08-30,georgia,0.999500499500499
2020-09-06,georgia,0.999500499500499
2020-09-13,georgia,0.999500499500499
2020-09-20,georgia,0.99975024975025
2020-09-27,georgia,0.99975024975025
2020-10-04,georgia,1
2020-10-11,georgia,1
2020-10-18,georgia,1
2020-10-25,georgia,1
2020-11-01,georgia,1
2020-11-08,georgia,1
2020-11-15,georgia,1
2020-03-15,hawaii,0
2020-03-22,hawaii,0
2020-03-29,hawaii,0
2020-04-05,hawaii,1
2020-04-12,hawaii,1
2020-04-19,hawaii,1
2020-04-26,hawaii,1
2020-05-03,hawaii,1
2020-05-10,hawaii,1
2020-05-17,hawaii,1
2020-05-24,hawaii,1
2020-05-31,hawaii,1
2020-06-07,hawaii,1
2020-06-14,hawaii,1
2020-06-21,hawaii,1
2020-06-28,hawaii,1
2020-07-05,hawaii,1
2020-07-12,hawaii,1
2020-07-19,hawaii,1
2020-07-26,hawaii,1
2020-08-02,hawaii,1
2020-08-09,hawaii,1
2020-08-16,hawaii,1
2020-08-23,hawaii,1
2020-08-30,hawaii,1
2020-09-06,hawaii,1
2020-09-13,hawaii,1
2020-09-20,hawaii,1
2020-09-27,hawaii,1
2020-10-04,hawaii,1
2020-10-11,hawaii,1
2020-10-18,hawaii,1
2020-10-25,hawaii,1
2020-11-01,hawaii,1
2020-11-08,hawaii,1
2020-11-15,hawaii,1
2020-03-15,idaho,0
2020-03-22,idaho,0
2020-03-29,idaho,0
2020-04-05,idaho,0.995004995004995
2020-04-12,idaho,0.995004995004995
2020-04-19,idaho,0.995004995004995
2020-04-26,idaho,0.995004995004995
2020-05-03,idaho,0.995004995004995
2020-05-10,idaho,0.995004995004995
2020-05-17,idaho,0.995004995004995
2020-05-24,idaho,0.995004995004995
2020-05-31,idaho,0.995004995004995
2020-06-07,idaho,0.995254745254745
2020-06-14,idaho,0.996003996003996
2020-06-21,idaho,0.996503496503496
2020-06-28,idaho,0.997002997002997
2020-07-05,idaho,0.997752247752248
2020-07-12,idaho,0.998001998001998
2020-07-19,idaho,0.998251748251748
2020-07-26,idaho,0.998501498501498
2020-08-02,idaho,0.998751248751249
2020-08-09,idaho,0.999250749250749
2020-08-16,idaho,0.999250749250749
2020-08-23,idaho,0.999500499500499
2020-08-30,idaho,0.999500499500499
2020-09-06,idaho,0.999500499500499
2020-09-13,idaho,0.99975024975025
2020-09-20,idaho,0.99975024975025
2020-09-27,idaho,1
2020-10-04,idaho,1
2020-10-11,idaho,1
2020-10-18,idaho,1
2020-10-25,idaho,1
2020-11-01,idaho,1
2020-11-08,idaho,1
2020-11-15,idaho,1
2020-03-15,illinois,0
2020-03-22,illinois,0
2020-03-29,illinois,0
2020-04-05,illinois,0
2020-04-12,illinois,0
2020-04-19,illinois,0
2020-04-26,illinois,0
2020-05-03,illinois,0.507742257742258
2020-05-10,illinois,0.523726273726274
2020-05-17,illinois,0.62037962037962
2020-05-24,illinois,0.718281718281718
2020-05-31,illinois,0.796453546453547
2020-06-07,illinois,0.850649350649351
2020-06-14,illinois,0.89010989010989
2020-06-21,illinois,0.917332667332667
2020-06-28,illinois,0.939310689310689
2020-07-05,illinois,0.954795204795205
2020-07-12,illinois,0.966283716283716
2020-07-19,illinois,0.975774225774226
2020-07-26,illinois,0.981518481518482
2020-08-02,illinois,0.987262737262737
2020-08-09,illinois,0.993006993006993
2020-08-16,illinois,0.994505494505495
2020-08-23,illinois,0.995504495504496
2020-08-30,illinois,0.997002997002997
2020-09-06,illinois,0.998501498501499
2020-09-13,illinois,0.99975024975025
2020-09-20,illinois,0.99975024975025
2020-09-27,illinois,0.99975024975025
2020-10-04,illinois,0.99975024975025
2020-10-11,illinois,0.99975024975025
2020-10-18,illinois,0.99975024975025
2020-10-25,illinois,0.99975024975025
2020-11-01,illinois,1
2020-11-08,illinois,1
2020-11-15,illinois,1
2020-03-15,indiana,0
2020-03-22,indiana,0
2020-03-29,indiana,0
2020-04-05,indiana,0
2020-04-12,indiana,0
2020-04-19,indiana,0
2020-04-26,indiana,0
2020-05-03,indiana,0.373376623376623
2020-05-10,indiana,0.434565434565435
2020-05-17,indiana,0.591658341658342
2020-05-24,indiana,0.701798201798202
2020-05-31,indiana,0.777722277722278
2020-06-07,indiana,0.841158841158841
2020-06-14,indiana,0.87962037962038
2020-06-21,indiana,0.912087912087912
2020-06-28,indiana,0.933566433566433
2020-07-05,indiana,0.954545454545455
2020-07-12,indiana,0.967532467532468
2020-07-19,indiana,0.978271728271728
2020-07-26,indiana,0.983266733266733
2020-08-02,indiana,0.987762237762238
2020-08-09,indiana,0.991258741258741
2020-08-16,indiana,0.993506493506494
2020-08-23,indiana,0.996003996003996
2020-08-30,indiana,0.997002997002997
2020-09-06,indiana,0.997752247752248
2020-09-13,indiana,0.998251748251748
2020-09-20,indiana,0.999000999000999
2020-09-27,indiana,0.999000999000999
2020-10-04,indiana,0.999500499500499
2020-10-11,indiana,0.99975024975025
2020-10-18,indiana,0.99975024975025
2020-10-25,indiana,0.99975024975025
2020-11-01,indiana,1
2020-11-08,indiana,1
2020-11-15,indiana,1
2020-03-15,iowa,0
2020-03-22,iowa,0
2020-03-29,iowa,0
2020-04-05,iowa,0
2020-04-12,iowa,0
2020-04-19,iowa,0
2020-04-26,iowa,0
2020-05-03,iowa,0.808441558441558
2020-05-10,iowa,0.810939060939061
2020-05-17,iowa,0.84040959040959
2020-05-24,iowa,0.882617382617383
2020-05-31,iowa,0.921078921078921
2020-06-07,iowa,0.948051948051948
2020-06-14,iowa,0.964785214785215
2020-06-21,iowa,0.977272727272727
2020-06-28,iowa,0.983766233766234
2020-07-05,iowa,0.988761238761239
2020-07-12,iowa,0.993256743256743
2020-07-19,iowa,0.996003996003996
2020-07-26,iowa,0.996753246753247
2020-08-02,iowa,0.997752247752248
2020-08-09,iowa,0.998001998001998
2020-08-16,iowa,0.999000999000999
2020-08-23,iowa,0.999250749250749
2020-08-30,iowa,0.999250749250749
2020-09-06,iowa,0.999500499500499
2020-09-13,iowa,0.999500499500499
2020-09-20,iowa,0.99975024975025
2020-09-27,iowa,0.99975024975025
2020-10-04,iowa,1
2020-10-11,iowa,1
2020-10-18,iowa,1
2020-10-25,iowa,1
2020-11-01,iowa,1
2020-11-08,iowa,1
2020-11-15,iowa,1
2020-03-15,kansas,0
2020-03-22,kansas,0
2020-03-29,kansas,0
2020-04-05,kansas,0
2020-04-12,kansas,0
2020-04-19,kansas,0
2020-04-26,kansas,0
2020-05-03,kansas,0.590909090909091
2020-05-10,kansas,0.591658341658342
2020-05-17,kansas,0.626623376623377
2020-05-24,kansas,0.684565434565435
2020-05-31,kansas,0.741258741258741
2020-06-07,kansas,0.795204795204795
2020-06-14,kansas,0.843156843156843
2020-06-21,kansas,0.876873126873127
2020-06-28,kansas,0.904845154845155
2020-07-05,kansas,0.92982017982018
2020-07-12,kansas,0.948051948051948
2020-07-19,kansas,0.964535464535465
2020-07-26,kansas,0.974275724275724
2020-08-02,kansas,0.97977022977023
2020-08-09,kansas,0.986013986013986
2020-08-16,kansas,0.991008991008991
2020-08-23,kansas,0.993506493506494
2020-08-30,kansas,0.995004995004995
2020-09-06,kansas,0.997002997002997
2020-09-13,kansas,0.997752247752248
2020-09-20,kansas,0.998251748251748
2020-09-27,kansas,0.998751248751249
2020-10-04,kansas,0.999000999000999
2020-10-11,kansas,0.999000999000999
2020-10-18,kansas,0.999250749250749
2020-10-25,kansas,0.9995004995005
2020-11-01,kansas,0.99975024975025
2020-11-08,kansas,1
2020-11-15,kansas,1
2020-03-15,kentucky,0
2020-03-22,kentucky,0
2020-03-29,kentucky,0
2020-04-05,kentucky,0
2020-04-12,kentucky,0
2020-04-19,kentucky,0
2020-04-26,kentucky,0
2020-05-03,kentucky,0
2020-05-10,kentucky,0.810689310689311
2020-05-17,kentucky,0.816683316683317
2020-05-24,kentucky,0.836663336663337
2020-05-31,kentucky,0.867382617382618
2020-06-07,kentucky,0.891108891108891
2020-06-14,kentucky,0.919330669330669
2020-06-21,kentucky,0.939310689310689
2020-06-28,kentucky,0.953546453546454
2020-07-05,kentucky,0.965534465534466
2020-07-12,kentucky,0.974275724275724
2020-07-19,kentucky,0.980769230769231
2020-07-26,kentucky,0.985764235764236
2020-08-02,kentucky,0.989260739260739
2020-08-09,kentucky,0.992757242757243
2020-08-16,kentucky,0.994505494505495
2020-08-23,kentucky,0.996503496503496
2020-08-30,kentucky,0.997502497502498
2020-09-06,kentucky,0.998251748251748
2020-09-13,kentucky,0.998501498501498
2020-09-20,kentucky,0.999000999000999
2020-09-27,kentucky,0.999250749250749
2020-10-04,kentucky,1
2020-10-11,kentucky,1
2020-10-18,kentucky,1
2020-10-25,kentucky,1
2020-11-01,kentucky,1
2020-11-08,kentucky,1
2020-11-15,kentucky,1
2020-03-15,louisiana,0
2020-03-22,louisiana,0
2020-03-29,louisiana,0
2020-04-05,louisiana,0.999000999000999
2020-04-12,louisiana,0.999000999000999
2020-04-19,louisiana,0.999000999000999
2020-04-26,louisiana,0.999000999000999
2020-05-03,louisiana,0.999000999000999
2020-05-10,louisiana,0.999000999000999
2020-05-17,louisiana,0.999000999000999
2020-05-24,louisiana,0.999000999000999
2020-05-31,louisiana,0.999000999000999
2020-06-07,louisiana,0.999000999000999
2020-06-14,louisiana,0.999000999000999
2020-06-21,louisiana,0.999000999000999
2020-06-28,louisiana,0.999000999000999
2020-07-05,louisiana,0.999250749250749
2020-07-12,louisiana,0.999250749250749
2020-07-19,louisiana,0.999250749250749
2020-07-26,louisiana,0.9995004995005
2020-08-02,louisiana,0.9995004995005
2020-08-09,louisiana,0.9995004995005
2020-08-16,louisiana,0.99975024975025
2020-08-23,louisiana,0.99975024975025
2020-08-30,louisiana,0.99975024975025
2020-09-06,louisiana,0.99975024975025
2020-09-13,louisiana,1
2020-09-20,louisiana,1
2020-09-27,louisiana,1
2020-10-04,louisiana,1
2020-10-11,louisiana,1
2020-10-18,louisiana,1
2020-10-25,louisiana,1
2020-11-01,louisiana,1
2020-11-08,louisiana,1
2020-11-15,louisiana,1
2020-03-15,maine,0
2020-03-22,maine,0
2020-03-29,maine,0
2020-04-05,maine,0.907342657342657
2020-04-12,maine,0.907342657342657
2020-04-19,maine,0.907342657342657
2020-04-26,maine,0.907342657342657
2020-05-03,maine,0.907342657342657
2020-05-10,maine,0.908091908091908
2020-05-17,maine,0.913586413586414
2020-05-24,maine,0.924575424575425
2020-05-31,maine,0.938561438561439
2020-06-07,maine,0.951298701298701
2020-06-14,maine,0.962287712287712
2020-06-21,maine,0.974525474525474
2020-06-28,maine,0.981018981018981
2020-07-05,maine,0.984515484515484
2020-07-12,maine,0.987512487512488
2020-07-19,maine,0.990759240759241
2020-07-26,maine,0.993506493506493
2020-08-02,maine,0.995004995004995
2020-08-09,maine,0.996253746253746
2020-08-16,maine,0.997502497502497
2020-08-23,maine,0.998501498501498
2020-08-30,maine,0.998501498501498
2020-09-06,maine,0.998751248751249
2020-09-13,maine,0.999000999000999
2020-09-20,maine,0.999250749250749
2020-09-27,maine,0.99975024975025
2020-10-04,maine,0.99975024975025
2020-10-11,maine,0.99975024975025
2020-10-18,maine,0.99975024975025
2020-10-25,maine,1
2020-11-01,maine,1
2020-11-08,maine,1
2020-11-15,maine,1
2020-03-15,maryland,0
2020-03-22,maryland,0
2020-03-29,maryland,0
2020-04-05,maryland,0
2020-04-12,maryland,0
2020-04-19,maryland,0
2020-04-26,maryland,0
2020-05-03,maryland,0.731768231768232
2020-05-10,maryland,0.733016983016983
2020-05-17,maryland,0.753996003996004
2020-05-24,maryland,0.795204795204795
2020-05-31,maryland,0.841658341658342
2020-06-07,maryland,0.882617382617383
2020-06-14,maryland,0.918081918081918
2020-06-21,maryland,0.938311688311688
2020-06-28,maryland,0.953046953046953
2020-07-05,maryland,0.967032967032967
2020-07-12,maryland,0.978521478521479
2020-07-19,maryland,0.985014985014985
2020-07-26,maryland,0.991258741258741
2020-08-02,maryland,0.993506493506494
2020-08-09,maryland,0.995754245754246
2020-08-16,maryland,0.997252747252747
2020-08-23,maryland,0.997752247752248
2020-08-30,maryland,0.998251748251748
2020-09-06,maryland,0.999000999000999
2020-09-13,maryland,0.99975024975025
2020-09-20,maryland,1
2020-09-27,maryland,1
2020-10-04,maryland,1
2020-10-11,maryland,1
2020-10-18,maryland,1
2020-10-25,maryland,1
2020-11-01,maryland,1
2020-11-08,maryland,1
2020-11-15,maryland,1
2020-03-15,massachusetts,0
2020-03-22,massachusetts,0
2020-03-29,massachusetts,0
2020-04-05,massachusetts,0
2020-04-12,massachusetts,0
2020-04-19,massachusetts,0
2020-04-26,massachusetts,0.955044955044955
2020-05-03,massachusetts,0.955044955044955
2020-05-10,massachusetts,0.955044955044955
2020-05-17,massachusetts,0.955044955044955
2020-05-24,massachusetts,0.956793206793207
2020-05-31,massachusetts,0.962037962037962
2020-06-07,massachusetts,0.968281718281718
2020-06-14,massachusetts,0.976523476523477
2020-06-21,massachusetts,0.981768231768232
2020-06-28,massachusetts,0.986763236763237
2020-07-05,massachusetts,0.99000999000999
2020-07-12,massachusetts,0.992507492507493
2020-07-19,massachusetts,0.994505494505495
2020-07-26,massachusetts,0.995754245754246
2020-08-02,massachusetts,0.997502497502497
2020-08-09,massachusetts,0.998501498501498
2020-08-16,massachusetts,0.999250749250749
2020-08-23,massachusetts,0.999500499500499
2020-08-30,massachusetts,0.99975024975025
2020-09-06,massachusetts,1
2020-09-13,massachusetts,1
2020-09-20,massachusetts,1
2020-09-27,massachusetts,1
2020-10-04,massachusetts,1
2020-10-11,massachusetts,1
2020-10-18,massachusetts,1
2020-10-25,massachusetts,1
2020-11-01,massachusetts,1
2020-11-08,massachusetts,1
2020-11-15,massachusetts,1
2020-03-15,michigan,0
2020-03-22,michigan,0
2020-03-29,michigan,0
2020-04-05,michigan,0.987762237762238
2020-04-12,michigan,0.987762237762238
2020-04-19,michigan,0.987762237762238
2020-04-26,michigan,0.987762237762238
2020-05-03,michigan,0.987762237762238
2020-05-10,michigan,0.987762237762238
2020-05-17,michigan,0.988011988011988
2020-05-24,michigan,0.988261738261738
2020-05-31,michigan,0.989010989010989
2020-06-07,michigan,0.991258741258741
2020-06-14,michigan,0.992507492507493
2020-06-21,michigan,0.994505494505495
2020-06-28,michigan,0.995254745254745
2020-07-05,michigan,0.996253746253746
2020-07-12,michigan,0.997502497502498
2020-07-19,michigan,0.998001998001998
2020-07-26,michigan,0.998251748251748
2020-08-02,michigan,0.998501498501499
2020-08-09,michigan,0.998501498501499
2020-08-16,michigan,0.998751248751249
2020-08-23,michigan,0.999250749250749
2020-08-30,michigan,0.9995004995005
2020-09-06,michigan,0.9995004995005
2020-09-13,michigan,0.9995004995005
2020-09-20,michigan,0.99975024975025
2020-09-27,michigan,1
2020-10-04,michigan,1
2020-10-11,michigan,1
2020-10-18,michigan,1
2020-10-25,michigan,1
2020-11-01,michigan,1
2020-11-08,michigan,1
2020-11-15,michigan,1
2020-03-15,minnesota,0
2020-03-22,minnesota,0
2020-03-29,minnesota,0
2020-04-05,minnesota,0
2020-04-12,minnesota,0
2020-04-19,minnesota,0
2020-04-26,minnesota,0
2020-05-03,minnesota,0
2020-05-10,minnesota,0.165834165834166
2020-05-17,minnesota,0.320929070929071
2020-05-24,minnesota,0.444805194805195
2020-05-31,minnesota,0.555944055944056
2020-06-07,minnesota,0.648851148851149
2020-06-14,minnesota,0.735264735264735
2020-06-21,minnesota,0.79995004995005
2020-06-28,minnesota,0.855894105894106
2020-07-05,minnesota,0.897102897102897
2020-07-12,minnesota,0.925574425574426
2020-07-19,minnesota,0.949050949050949
2020-07-26,minnesota,0.963786213786214
2020-08-02,minnesota,0.974775224775225
2020-08-09,minnesota,0.983266733266733
2020-08-16,minnesota,0.988011988011988
2020-08-23,minnesota,0.991508491508491
2020-08-30,minnesota,0.995004995004995
2020-09-06,minnesota,0.996003996003996
2020-09-13,minnesota,0.997002997002997
2020-09-20,minnesota,0.998251748251748
2020-09-27,minnesota,0.999250749250749
2020-10-04,minnesota,0.999500499500499
2020-10-11,minnesota,0.999500499500499
2020-10-18,minnesota,1
2020-10-25,minnesota,1
2020-11-01,minnesota,1
2020-11-08,minnesota,1
2020-11-15,minnesota,1
2020-03-15,mississippi,0
2020-03-22,mississippi,0
2020-03-29,mississippi,0
2020-04-05,mississippi,0
2020-04-12,mississippi,0
2020-04-19,mississippi,0
2020-04-26,mississippi,0
2020-05-03,mississippi,0.6500999000999
2020-05-10,mississippi,0.666583416583417
2020-05-17,mississippi,0.731018981018981
2020-05-24,mississippi,0.792207792207792
2020-05-31,mississippi,0.844155844155844
2020-06-07,mississippi,0.885114885114885
2020-06-14,mississippi,0.90984015984016
2020-06-21,mississippi,0.931568431568432
2020-06-28,mississippi,0.9498001998002
2020-07-05,mississippi,0.964285714285714
2020-07-12,mississippi,0.975274725274725
2020-07-19,mississippi,0.981518481518482
2020-07-26,mississippi,0.987262737262737
2020-08-02,mississippi,0.990509490509491
2020-08-09,mississippi,0.994755244755245
2020-08-16,mississippi,0.996253746253746
2020-08-23,mississippi,0.998251748251748
2020-08-30,mississippi,0.999250749250749
2020-09-06,mississippi,0.9995004995005
2020-09-13,mississippi,0.9995004995005
2020-09-20,mississippi,0.99975024975025
2020-09-27,mississippi,0.99975024975025
2020-10-04,mississippi,0.99975024975025
2020-10-11,mississippi,0.99975024975025
2020-10-18,mississippi,1
2020-10-25,mississippi,1
2020-11-01,mississippi,1
2020-11-08,mississippi,1
2020-11-15,mississippi,1
2020-03-15,missouri,0
2020-03-22,missouri,0
2020-03-29,missouri,0
2020-04-05,missouri,0
2020-04-12,missouri,0.808941058941059
2020-04-19,missouri,0.808941058941059
2020-04-26,missouri,0.808941058941059
2020-05-03,missouri,0.808941058941059
2020-05-10,missouri,0.810939060939061
2020-05-17,missouri,0.833166833166833
2020-05-24,missouri,0.861638361638362
2020-05-31,missouri,0.896353646353646
2020-06-07,missouri,0.921328671328671
2020-06-14,missouri,0.943806193806194
2020-06-21,missouri,0.958541458541459
2020-06-28,missouri,0.96978021978022
2020-07-05,missouri,0.98026973026973
2020-07-12,missouri,0.984515484515484
2020-07-19,missouri,0.988011988011988
2020-07-26,missouri,0.991508491508491
2020-08-02,missouri,0.993506493506494
2020-08-09,missouri,0.995254745254745
2020-08-16,missouri,0.997002997002997
2020-08-23,missouri,0.998751248751249
2020-08-30,missouri,0.999000999000999
2020-09-06,missouri,0.999250749250749
2020-09-13,missouri,0.999500499500499
2020-09-20,missouri,0.999500499500499
2020-09-27,missouri,0.99975024975025
2020-10-04,missouri,1
2020-10-11,missouri,1
2020-10-18,missouri,1
2020-10-25,missouri,1
2020-11-01,missouri,1
2020-11-08,missouri,1
2020-11-15,missouri,1
2020-03-15,montana,0
2020-03-22,montana,0
2020-03-29,montana,0
2020-04-05,montana,1
2020-04-12,montana,1
2020-04-19,montana,1
2020-04-26,montana,1
2020-05-03,montana,1
2020-05-10,montana,1
2020-05-17,montana,1
2020-05-24,montana,1
2020-05-31,montana,1
2020-06-07,montana,1
2020-06-14,montana,1
2020-06-21,montana,1
2020-06-28,montana,1
2020-07-05,montana,1
2020-07-12,montana,1
2020-07-19,montana,1
2020-07-26,montana,1
2020-08-02,montana,1
2020-08-09,montana,1
2020-08-16,montana,1
2020-08-23,montana,1
2020-08-30,montana,1
2020-09-06,montana,1
2020-09-13,montana,1
2020-09-20,montana,1
2020-09-27,montana,1
2020-10-04,montana,1
2020-10-11,montana,1
2020-10-18,montana,1
2020-10-25,montana,1
2020-11-01,montana,1
2020-11-08,montana,1
2020-11-15,montana,1
2020-03-15,nebraska,0
2020-03-22,nebraska,0
2020-03-29,nebraska,0
2020-04-05,nebraska,0
2020-04-12,nebraska,0
2020-04-19,nebraska,0
2020-04-26,nebraska,0
2020-05-03,nebraska,0.696303696303696
2020-05-10,nebraska,0.696303696303696
2020-05-17,nebraska,0.706543456543457
2020-05-24,nebraska,0.740759240759241
2020-05-31,nebraska,0.782467532467532
2020-06-07,nebraska,0.824175824175824
2020-06-14,nebraska,0.861388611388611
2020-06-21,nebraska,0.893606393606394
2020-06-28,nebraska,0.918331668331668
2020-07-05,nebraska,0.94030969030969
2020-07-12,nebraska,0.956043956043956
2020-07-19,nebraska,0.97002997002997
2020-07-26,nebraska,0.978271728271728
2020-08-02,nebraska,0.985264735264735
2020-08-09,nebraska,0.988511488511488
2020-08-16,nebraska,0.993756243756244
2020-08-23,nebraska,0.994755244755245
2020-08-30,nebraska,0.995254745254745
2020-09-06,nebraska,0.997002997002997
2020-09-13,nebraska,0.998501498501498
2020-09-20,nebraska,0.999500499500499
2020-09-27,nebraska,0.99975024975025
2020-10-04,nebraska,0.99975024975025
2020-10-11,nebraska,1
2020-10-18,nebraska,1
2020-10-25,nebraska,1
2020-11-01,nebraska,1
2020-11-08,nebraska,1
2020-11-15,nebraska,1
2020-03-15,nevada,0
2020-03-22,nevada,0
2020-03-29,nevada,0
2020-04-05,nevada,0
2020-04-12,nevada,0
2020-04-19,nevada,0.986513486513486
2020-04-26,nevada,0.986513486513486
2020-05-03,nevada,0.986513486513486
2020-05-10,nevada,0.986513486513486
2020-05-17,nevada,0.987012987012987
2020-05-24,nevada,0.989260739260739
2020-05-31,nevada,0.991008991008991
2020-06-07,nevada,0.993756243756244
2020-06-14,nevada,0.996003996003996
2020-06-21,nevada,0.997502497502497
2020-06-28,nevada,0.998251748251748
2020-07-05,nevada,0.999000999000999
2020-07-12,nevada,0.999000999000999
2020-07-19,nevada,0.999500499500499
2020-07-26,nevada,0.99975024975025
2020-08-02,nevada,0.99975024975025
2020-08-09,nevada,1
2020-08-16,nevada,1
2020-08-23,nevada,1
2020-08-30,nevada,1
2020-09-06,nevada,1
2020-09-13,nevada,1
2020-09-20,nevada,1
2020-09-27,nevada,1
2020-10-04,nevada,1
2020-10-11,nevada,1
2020-10-18,nevada,1
2020-10-25,nevada,1
2020-11-01,nevada,1
2020-11-08,nevada,1
2020-11-15,nevada,1
2020-03-15,newhampshire,0
2020-03-22,newhampshire,0
2020-03-29,newhampshire,0
2020-04-05,newhampshire,0
2020-04-12,newhampshire,0
2020-04-19,newhampshire,0.834915084915085
2020-04-26,newhampshire,0.834915084915085
2020-05-03,newhampshire,0.834915084915085
2020-05-10,newhampshire,0.836163836163836
2020-05-17,newhampshire,0.844655344655345
2020-05-24,newhampshire,0.864385614385614
2020-05-31,newhampshire,0.885114885114885
2020-06-07,newhampshire,0.908341658341658
2020-06-14,newhampshire,0.92957042957043
2020-06-21,newhampshire,0.947052947052947
2020-06-28,newhampshire,0.959290709290709
2020-07-05,newhampshire,0.968281718281718
2020-07-12,newhampshire,0.978021978021978
2020-07-19,newhampshire,0.985014985014985
2020-07-26,newhampshire,0.989510489510489
2020-08-02,newhampshire,0.992757242757243
2020-08-09,newhampshire,0.993756243756244
2020-08-16,newhampshire,0.995754245754246
2020-08-23,newhampshire,0.996753246753247
2020-08-30,newhampshire,0.998251748251748
2020-09-06,newhampshire,0.999000999000999
2020-09-13,newhampshire,0.999000999000999
2020-09-20,newhampshire,0.999000999000999
2020-09-27,newhampshire,0.999250749250749
2020-10-04,newhampshire,0.999500499500499
2020-10-11,newhampshire,0.99975024975025
2020-10-18,newhampshire,0.99975024975025
2020-10-25,newhampshire,0.99975024975025
2020-11-01,newhampshire,0.99975024975025
2020-11-08,newhampshire,1
2020-11-15,newhampshire,1
2020-03-15,newjersey,0
2020-03-22,newjersey,0
2020-03-29,newjersey,0
2020-04-05,newjersey,0.981268731268731
2020-04-12,newjersey,0.981268731268731
2020-04-19,newjersey,0.981268731268731
2020-04-26,newjersey,0.981268731268731
2020-05-03,newjersey,0.981268731268731
2020-05-10,newjersey,0.981268731268731
2020-05-17,newjersey,0.984015984015984
2020-05-24,newjersey,0.987762237762238
2020-05-31,newjersey,0.992007992007992
2020-06-07,newjersey,0.995254745254745
2020-06-14,newjersey,0.997252747252747
2020-06-21,newjersey,0.998001998001998
2020-06-28,newjersey,0.998251748251748
2020-07-05,newjersey,0.999000999000999
2020-07-12,newjersey,0.999000999000999
2020-07-19,newjersey,0.999250749250749
2020-07-26,newjersey,0.999250749250749
2020-08-02,newjersey,0.99975024975025
2020-08-09,newjersey,0.99975024975025
2020-08-16,newjersey,1
2020-08-23,newjersey,1
2020-08-30,newjersey,1
2020-09-06,newjersey,1
2020-09-13,newjersey,1
2020-09-20,newjersey,1
2020-09-27,newjersey,1
2020-10-04,newjersey,1
2020-10-11,newjersey,1
2020-10-18,newjersey,1
2020-10-25,newjersey,1
2020-11-01,newjersey,1
2020-11-08,newjersey,1
2020-11-15,newjersey,1
2020-03-15,newmexico,0
2020-03-22,newmexico,0
2020-03-29,newmexico,0
2020-04-05,newmexico,0
2020-04-12,newmexico,0
2020-04-19,newmexico,0
2020-04-26,newmexico,0.362217266645428
2020-05-03,newmexico,0.724434533290857
2020-05-10,newmexico,0.736699585855368
2020-05-17,newmexico,0.781936922586811
2020-05-24,newmexico,0.826218540936604
2020-05-31,newmexico,0.870181586492514
2020-06-07,newmexico,0.902835297865562
2020-06-14,newmexico,0.925135393437401
2020-06-21,newmexico,0.947116916215355
2020-06-28,newmexico,0.9625676967187
2020-07-05,newmexico,0.973239885313794
2020-07-12,newmexico,0.979133482000637
2020-07-19,newmexico,0.985186365084422
2020-07-26,newmexico,0.990124243389614
2020-08-02,newmexico,0.994265689710099
2020-08-09,newmexico,0.996177126473399
2020-08-16,newmexico,0.996654985664224
2020-08-23,newmexico,0.997610704045874
2020-08-30,newmexico,0.998088563236699
2020-09-06,newmexico,0.998407136030583
2020-09-13,newmexico,0.998884995221408
2020-09-20,newmexico,0.999203568015291
2020-09-27,newmexico,0.999522140809175
2020-10-04,newmexico,0.999681427206117
2020-10-11,newmexico,0.999681427206117
2020-10-18,newmexico,0.999840713603058
2020-10-25,newmexico,0.999840713603058
2020-11-01,newmexico,1
2020-11-08,newmexico,1
2020-11-15,newmexico,1
2020-03-15,newyork,0
2020-03-22,newyork,0
2020-03-29,newyork,0
2020-04-05,newyork,0
2020-04-12,newyork,0
2020-04-19,newyork,0.998751248751249
2020-04-26,newyork,0.998751248751249
2020-05-03,newyork,0.998751248751249
2020-05-10,newyork,0.998751248751249
2020-05-17,newyork,0.998751248751249
2020-05-24,newyork,0.999000999000999
2020-05-31,newyork,0.999250749250749
2020-06-07,newyork,0.999250749250749
2020-06-14,newyork,0.999500499500499
2020-06-21,newyork,0.999500499500499
2020-06-28,newyork,0.999500499500499
2020-07-05,newyork,0.99975024975025
2020-07-12,newyork,0.99975024975025
2020-07-19,newyork,1
2020-07-26,newyork,1
2020-08-02,newyork,1
2020-08-09,newyork,1
2020-08-16,newyork,1
2020-08-23,newyork,1
2020-08-30,newyork,1
2020-09-06,newyork,1
2020-09-13,newyork,1
2020-09-20,newyork,1
2020-09-27,newyork,1
2020-10-04,newyork,1
2020-10-11,newyork,1
2020-10-18,newyork,1
2020-10-25,newyork,1
2020-11-01,newyork,1
2020-11-08,newyork,1
2020-11-15,newyork,1
2020-03-15,northcarolina,0
2020-03-22,northcarolina,0
2020-03-29,northcarolina,0
2020-04-05,northcarolina,0
2020-04-12,northcarolina,0
2020-04-19,northcarolina,0
2020-04-26,northcarolina,0
2020-05-03,northcarolina,0.397352647352647
2020-05-10,northcarolina,0.459040959040959
2020-05-17,northcarolina,0.605144855144855
2020-05-24,northcarolina,0.707042957042957
2020-05-31,northcarolina,0.784715284715285
2020-06-07,northcarolina,0.840909090909091
2020-06-14,northcarolina,0.885614385614386
2020-06-21,northcarolina,0.915834165834166
2020-06-28,northcarolina,0.938811188811189
2020-07-05,northcarolina,0.951048951048951
2020-07-12,northcarolina,0.965534465534466
2020-07-19,northcarolina,0.976773226773227
2020-07-26,northcarolina,0.985264735264735
2020-08-02,northcarolina,0.990509490509491
2020-08-09,northcarolina,0.993756243756244
2020-08-16,northcarolina,0.995754245754246
2020-08-23,northcarolina,0.997252747252747
2020-08-30,northcarolina,0.998001998001998
2020-09-06,northcarolina,0.998501498501498
2020-09-13,northcarolina,0.999250749250749
2020-09-20,northcarolina,0.999500499500499
2020-09-27,northcarolina,0.999500499500499
2020-10-04,northcarolina,0.999500499500499
2020-10-11,northcarolina,0.999500499500499
2020-10-18,northcarolina,0.999500499500499
2020-10-25,northcarolina,0.99975024975025
2020-11-01,northcarolina,0.99975024975025
2020-11-08,northcarolina,1
2020-11-15,northcarolina,1
2020-03-15,northdakota,0
2020-03-22,northdakota,0
2020-03-29,northdakota,0
2020-04-05,northdakota,0
2020-04-12,northdakota,0
2020-04-19,northdakota,0.91958041958042
2020-04-26,northdakota,0.91958041958042
2020-05-03,northdakota,0.91958041958042
2020-05-10,northdakota,0.91958041958042
2020-05-17,northdakota,0.924075924075924
2020-05-24,northdakota,0.935064935064935
2020-05-31,northdakota,0.95004995004995
2020-06-07,northdakota,0.962287712287712
2020-06-14,northdakota,0.972527472527472
2020-06-21,northdakota,0.983016983016983
2020-06-28,northdakota,0.988511488511488
2020-07-05,northdakota,0.990509490509491
2020-07-12,northdakota,0.992757242757243
2020-07-19,northdakota,0.995254745254745
2020-07-26,northdakota,0.996253746253746
2020-08-02,northdakota,0.997752247752248
2020-08-09,northdakota,0.998251748251748
2020-08-16,northdakota,0.999000999000999
2020-08-23,northdakota,0.999250749250749
2020-08-30,northdakota,0.99975024975025
2020-09-06,northdakota,0.99975024975025
2020-09-13,northdakota,1
2020-09-20,northdakota,1
2020-09-27,northdakota,1
2020-10-04,northdakota,1
2020-10-11,northdakota,1
2020-10-18,northdakota,1
2020-10-25,northdakota,1
2020-11-01,northdakota,1
2020-11-08,northdakota,1
2020-11-15,northdakota,1
2020-03-15,ohio,0
2020-03-22,ohio,0
2020-03-29,ohio,0
2020-04-05,ohio,0
2020-04-12,ohio,0
2020-04-19,ohio,0
2020-04-26,ohio,0.86988011988012
2020-05-03,ohio,0.86988011988012
2020-05-10,ohio,0.86988011988012
2020-05-17,ohio,0.874125874125874
2020-05-24,ohio,0.889360639360639
2020-05-31,ohio,0.908091908091908
2020-06-07,ohio,0.92982017982018
2020-06-14,ohio,0.944805194805195
2020-06-21,ohio,0.963786213786214
2020-06-28,ohio,0.971778221778222
2020-07-05,ohio,0.98026973026973
2020-07-12,ohio,0.985264735264735
2020-07-19,ohio,0.99025974025974
2020-07-26,ohio,0.992757242757243
2020-08-02,ohio,0.993506493506494
2020-08-09,ohio,0.995504495504496
2020-08-16,ohio,0.996003996003996
2020-08-23,ohio,0.997502497502498
2020-08-30,ohio,0.998501498501498
2020-09-06,ohio,0.999000999000999
2020-09-13,ohio,0.999250749250749
2020-09-20,ohio,0.99975024975025
2020-09-27,ohio,0.99975024975025
2020-10-04,ohio,1
2020-10-11,ohio,1
2020-10-18,ohio,1
2020-10-25,ohio,1
2020-11-01,ohio,1
2020-11-08,ohio,1
2020-11-15,ohio,1
2020-03-15,oklahoma,0
2020-03-22,oklahoma,0
2020-03-29,oklahoma,0
2020-04-05,oklahoma,0.815934065934066
2020-04-12,oklahoma,0.815934065934066
2020-04-19,oklahoma,0.815934065934066
2020-04-26,oklahoma,0.815934065934066
2020-05-03,oklahoma,0.815934065934066
2020-05-10,oklahoma,0.81993006993007
2020-05-17,oklahoma,0.848651348651349
2020-05-24,oklahoma,0.883866133866134
2020-05-31,oklahoma,0.914585414585414
2020-06-07,oklahoma,0.935314685314685
2020-06-14,oklahoma,0.955294705294705
2020-06-21,oklahoma,0.966533466533467
2020-06-28,oklahoma,0.977272727272727
2020-07-05,oklahoma,0.981518481518482
2020-07-12,oklahoma,0.987012987012987
2020-07-19,oklahoma,0.991758241758242
2020-07-26,oklahoma,0.995004995004995
2020-08-02,oklahoma,0.996253746253746
2020-08-09,oklahoma,0.997502497502498
2020-08-16,oklahoma,0.998751248751249
2020-08-23,oklahoma,0.99975024975025
2020-08-30,oklahoma,1
2020-09-06,oklahoma,1
2020-09-13,oklahoma,1
2020-09-20,oklahoma,1
2020-09-27,oklahoma,1
2020-10-04,oklahoma,1
2020-10-11,oklahoma,1
2020-10-18,oklahoma,1
2020-10-25,oklahoma,1
2020-11-01,oklahoma,1
2020-11-08,oklahoma,1
2020-11-15,oklahoma,1
2020-03-15,oregon,0
2020-03-22,oregon,0
2020-03-29,oregon,0
2020-04-05,oregon,0
2020-04-12,oregon,0.86963036963037
2020-04-19,oregon,0.86963036963037
2020-04-26,oregon,0.86963036963037
2020-05-03,oregon,0.86963036963037
2020-05-10,oregon,0.86963036963037
2020-05-17,oregon,0.877372627372628
2020-05-24,oregon,0.894605394605395
2020-05-31,oregon,0.911088911088911
2020-06-07,oregon,0.927822177822178
2020-06-14,oregon,0.945304695304695
2020-06-21,oregon,0.95979020979021
2020-06-28,oregon,0.97027972027972
2020-07-05,oregon,0.978021978021978
2020-07-12,oregon,0.983266733266733
2020-07-19,oregon,0.988761238761239
2020-07-26,oregon,0.992257742257742
2020-08-02,oregon,0.994255744255744
2020-08-09,oregon,0.994505494505495
2020-08-16,oregon,0.995504495504495
2020-08-23,oregon,0.997002997002997
2020-08-30,oregon,0.997252747252747
2020-09-06,oregon,0.998501498501498
2020-09-13,oregon,0.999250749250749
2020-09-20,oregon,0.99975024975025
2020-09-27,oregon,1
2020-10-04,oregon,1
2020-10-11,oregon,1
2020-10-18,oregon,1
2020-10-25,oregon,1
2020-11-01,oregon,1
2020-11-08,oregon,1
2020-11-15,oregon,1
2020-03-15,pennsylvania,0
2020-03-22,pennsylvania,0
2020-03-29,pennsylvania,0
2020-04-05,pennsylvania,0
2020-04-12,pennsylvania,0
2020-04-19,pennsylvania,0
2020-04-26,pennsylvania,0.922077922077922
2020-05-03,pennsylvania,0.922077922077922
2020-05-10,pennsylvania,0.922077922077922
2020-05-17,pennsylvania,0.926323676323676
2020-05-24,pennsylvania,0.938811188811189
2020-05-31,pennsylvania,0.951048951048951
2020-06-07,pennsylvania,0.961038961038961
2020-06-14,pennsylvania,0.97027972027972
2020-06-21,pennsylvania,0.977022977022977
2020-06-28,pennsylvania,0.984765234765235
2020-07-05,pennsylvania,0.989010989010989
2020-07-12,pennsylvania,0.992757242757243
2020-07-19,pennsylvania,0.995004995004995
2020-07-26,pennsylvania,0.996003996003996
2020-08-02,pennsylvania,0.996253746253746
2020-08-09,pennsylvania,0.997002997002997
2020-08-16,pennsylvania,0.998001998001998
2020-08-23,pennsylvania,0.998251748251748
2020-08-30,pennsylvania,0.999000999000999
2020-09-06,pennsylvania,0.999000999000999
2020-09-13,pennsylvania,0.999500499500499
2020-09-20,pennsylvania,0.99975024975025
2020-09-27,pennsylvania,0.99975024975025
2020-10-04,pennsylvania,0.99975024975025
2020-10-11,pennsylvania,0.99975024975025
2020-10-18,pennsylvania,0.99975024975025
2020-10-25,pennsylvania,1
2020-11-01,pennsylvania,1
2020-11-08,pennsylvania,1
2020-11-15,pennsylvania,1
2020-03-15,puertorico,0
2020-03-22,puertorico,0
2020-03-29,puertorico,0
2020-04-05,puertorico,0
2020-04-12,puertorico,0
2020-04-19,puertorico,0
2020-04-26,puertorico,0
2020-05-03,puertorico,0.777472527472528
2020-05-10,puertorico,0.778971028971029
2020-05-17,puertorico,0.792707292707293
2020-05-24,puertorico,0.81968031968032
2020-05-31,puertorico,0.8503996003996
2020-06-07,puertorico,0.88036963036963
2020-06-14,puertorico,0.908841158841159
2020-06-21,puertorico,0.932317682317682
2020-06-28,puertorico,0.9502997002997
2020-07-05,puertorico,0.963536463536464
2020-07-12,puertorico,0.96953046953047
2020-07-19,puertorico,0.979020979020979
2020-07-26,puertorico,0.983766233766234
2020-08-02,puertorico,0.987762237762238
2020-08-09,puertorico,0.991258741258741
2020-08-16,puertorico,0.994505494505495
2020-08-23,puertorico,0.995504495504495
2020-08-30,puertorico,0.997002997002997
2020-09-06,puertorico,0.998001998001998
2020-09-13,puertorico,0.998501498501498
2020-09-20,puertorico,0.998751248751249
2020-09-27,puertorico,0.999000999000999
2020-10-04,puertorico,0.999500499500499
2020-10-11,puertorico,0.999500499500499
2020-10-18,puertorico,1
2020-10-25,puertorico,1
2020-11-01,puertorico,1
2020-11-08,puertorico,1
2020-11-15,puertorico,1
2020-03-15,rhodeisland,0
2020-03-22,rhodeisland,0
2020-03-29,rhodeisland,0
2020-04-05,rhodeisland,0
2020-04-12,rhodeisland,0
2020-04-19,rhodeisland,0.927322677322677
2020-04-26,rhodeisland,0.927322677322677
2020-05-03,rhodeisland,0.927322677322677
2020-05-10,rhodeisland,0.927572427572428
2020-05-17,rhodeisland,0.929070929070929
2020-05-24,rhodeisland,0.938811188811189
2020-05-31,rhodeisland,0.953046953046953
2020-06-07,rhodeisland,0.966033966033966
2020-06-14,rhodeisland,0.975024975024975
2020-06-21,rhodeisland,0.982017982017982
2020-06-28,rhodeisland,0.988261738261738
2020-07-05,rhodeisland,0.992007992007992
2020-07-12,rhodeisland,0.995004995004995
2020-07-19,rhodeisland,0.997252747252747
2020-07-26,rhodeisland,0.998001998001998
2020-08-02,rhodeisland,0.998501498501498
2020-08-09,rhodeisland,0.998751248751249
2020-08-16,rhodeisland,0.999000999000999
2020-08-23,rhodeisland,0.999250749250749
2020-08-30,rhodeisland,0.9995004995005
2020-09-06,rhodeisland,0.9995004995005
2020-09-13,rhodeisland,1
2020-09-20,rhodeisland,1
2020-09-27,rhodeisland,1
2020-10-04,rhodeisland,1
2020-10-11,rhodeisland,1
2020-10-18,rhodeisland,1
2020-10-25,rhodeisland,1
2020-11-01,rhodeisland,1
2020-11-08,rhodeisland,1
2020-11-15,rhodeisland,1
2020-03-15,southcarolina,0
2020-03-22,southcarolina,0
2020-03-29,southcarolina,0
2020-04-05,southcarolina,0
2020-04-12,southcarolina,0.95954045954046
2020-04-19,southcarolina,0.95954045954046
2020-04-26,southcarolina,0.95954045954046
2020-05-03,southcarolina,0.95954045954046
2020-05-10,southcarolina,0.95979020979021
2020-05-17,southcarolina,0.961538461538461
2020-05-24,southcarolina,0.967782217782218
2020-05-31,southcarolina,0.973526473526474
2020-06-07,southcarolina,0.979020979020979
2020-06-14,southcarolina,0.986763236763237
2020-06-21,southcarolina,0.990759240759241
2020-06-28,southcarolina,0.993756243756244
2020-07-05,southcarolina,0.995004995004995
2020-07-12,southcarolina,0.996003996003996
2020-07-19,southcarolina,0.997002997002997
2020-07-26,southcarolina,0.998001998001998
2020-08-02,southcarolina,0.999000999000999
2020-08-09,southcarolina,0.999000999000999
2020-08-16,southcarolina,0.999000999000999
2020-08-23,southcarolina,0.999500499500499
2020-08-30,southcarolina,0.999500499500499
2020-09-06,southcarolina,0.99975024975025
2020-09-13,southcarolina,0.99975024975025
2020-09-20,southcarolina,0.99975024975025
2020-09-27,southcarolina,0.99975024975025
2020-10-04,southcarolina,1
2020-10-11,southcarolina,1
2020-10-18,southcarolina,1
2020-10-25,southcarolina,1
2020-11-01,southcarolina,1
2020-11-08,southcarolina,1
2020-11-15,southcarolina,1
2020-03-15,southdakota,0
2020-03-22,southdakota,0
2020-03-29,southdakota,0
2020-04-05,southdakota,0
2020-04-12,southdakota,0
2020-04-19,southdakota,0.965784215784216
2020-04-26,southdakota,0.965784215784216
2020-05-03,southdakota,0.965784215784216
2020-05-10,southdakota,0.965784215784216
2020-05-17,southdakota,0.966033966033966
2020-05-24,southdakota,0.968781218781219
2020-05-31,southdakota,0.972777222777223
2020-06-07,southdakota,0.98026973026973
2020-06-14,southdakota,0.984765234765235
2020-06-21,southdakota,0.988511488511488
2020-06-28,southdakota,0.990509490509491
2020-07-05,southdakota,0.993256743256743
2020-07-12,southdakota,0.994255744255744
2020-07-19,southdakota,0.995254745254745
2020-07-26,southdakota,0.995504495504495
2020-08-02,southdakota,0.996503496503496
2020-08-09,southdakota,0.997752247752248
2020-08-16,southdakota,0.998501498501498
2020-08-23,southdakota,0.999000999000999
2020-08-30,southdakota,0.99975024975025
2020-09-06,southdakota,0.99975024975025
2020-09-13,southdakota,1
2020-09-20,southdakota,1
2020-09-27,southdakota,1
2020-10-04,southdakota,1
2020-10-11,southdakota,1
2020-10-18,southdakota,1
2020-10-25,southdakota,1
2020-11-01,southdakota,1
2020-11-08,southdakota,1
2020-11-15,southdakota,1
2020-03-15,tennessee,0
2020-03-22,tennessee,0
2020-03-29,tennessee,0
2020-04-05,tennessee,0
2020-04-12,tennessee,0
2020-04-19,tennessee,0
2020-04-26,tennessee,0
2020-05-03,tennessee,0.962787212787213
2020-05-10,tennessee,0.962787212787213
2020-05-17,tennessee,0.962787212787213
2020-05-24,tennessee,0.964785214785215
2020-05-31,tennessee,0.967532467532468
2020-06-07,tennessee,0.972777222777223
2020-06-14,tennessee,0.976023976023976
2020-06-21,tennessee,0.983016983016983
2020-06-28,tennessee,0.987512487512488
2020-07-05,tennessee,0.990759240759241
2020-07-12,tennessee,0.993256743256743
2020-07-19,tennessee,0.995004995004995
2020-07-26,tennessee,0.995754245754246
2020-08-02,tennessee,0.996253746253746
2020-08-09,tennessee,0.997252747252747
2020-08-16,tennessee,0.998501498501498
2020-08-23,tennessee,0.999500499500499
2020-08-30,tennessee,0.99975024975025
2020-09-06,tennessee,0.99975024975025
2020-09-13,tennessee,0.99975024975025
2020-09-20,tennessee,0.99975024975025
2020-09-27,tennessee,0.99975024975025
2020-10-04,tennessee,0.99975024975025
2020-10-11,tennessee,0.99975024975025
2020-10-18,tennessee,0.99975024975025
2020-10-25,tennessee,0.99975024975025
2020-11-01,tennessee,1
2020-11-08,tennessee,1
2020-11-15,tennessee,1
2020-03-15,texas,0
2020-03-22,texas,0
2020-03-29,texas,0
2020-04-05,texas,0
2020-04-12,texas,0
2020-04-19,texas,0
2020-04-26,texas,0
2020-05-03,texas,0.603646353646354
2020-05-10,texas,0.618381618381618
2020-05-17,texas,0.688311688311688
2020-05-24,texas,0.768981018981019
2020-05-31,texas,0.833666333666334
2020-06-07,texas,0.884865134865135
2020-06-14,texas,0.913086913086913
2020-06-21,texas,0.936313686313686
2020-06-28,texas,0.954045954045954
2020-07-05,texas,0.967532467532468
2020-07-12,texas,0.976773226773227
2020-07-19,texas,0.982267732267732
2020-07-26,texas,0.986763236763237
2020-08-02,texas,0.99025974025974
2020-08-09,texas,0.994005994005994
2020-08-16,texas,0.995504495504495
2020-08-23,texas,0.996753246753247
2020-08-30,texas,0.997502497502498
2020-09-06,texas,0.998251748251748
2020-09-13,texas,0.998501498501498
2020-09-20,texas,0.999250749250749
2020-09-27,texas,0.9995004995005
2020-10-04,texas,0.9995004995005
2020-10-11,texas,0.9995004995005
2020-10-18,texas,0.99975024975025
2020-10-25,texas,1
2020-11-01,texas,1
2020-11-08,texas,1
2020-11-15,texas,1
2020-03-15,utah,0
2020-03-22,utah,0
2020-03-29,utah,0
2020-04-05,utah,0
2020-04-12,utah,0.67982017982018
2020-04-19,utah,0.67982017982018
2020-04-26,utah,0.67982017982018
2020-05-03,utah,0.67982017982018
2020-05-10,utah,0.695054945054945
2020-05-17,utah,0.752997002997003
2020-05-24,utah,0.811438561438562
2020-05-31,utah,0.85964035964036
2020-06-07,utah,0.896353646353646
2020-06-14,utah,0.926323676323676
2020-06-21,utah,0.945054945054945
2020-06-28,utah,0.95954045954046
2020-07-05,utah,0.968781218781219
2020-07-12,utah,0.975524475524475
2020-07-19,utah,0.982517482517482
2020-07-26,utah,0.986763236763237
2020-08-02,utah,0.99025974025974
2020-08-09,utah,0.992507492507493
2020-08-16,utah,0.995254745254745
2020-08-23,utah,0.996503496503496
2020-08-30,utah,0.997502497502498
2020-09-06,utah,0.998501498501498
2020-09-13,utah,0.998751248751249
2020-09-20,utah,0.999250749250749
2020-09-27,utah,0.999250749250749
2020-10-04,utah,0.999500499500499
2020-10-11,utah,0.99975024975025
2020-10-18,utah,0.99975024975025
2020-10-25,utah,0.99975024975025
2020-11-01,utah,0.99975024975025
2020-11-08,utah,1
2020-11-15,utah,1
2020-03-15,vermont,0
2020-03-22,vermont,0
2020-03-29,vermont,0
2020-04-05,vermont,1
2020-04-12,vermont,1
2020-04-19,vermont,1
2020-04-26,vermont,1
2020-05-03,vermont,1
2020-05-10,vermont,1
2020-05-17,vermont,1
2020-05-24,vermont,1
2020-05-31,vermont,1
2020-06-07,vermont,1
2020-06-14,vermont,1
2020-06-21,vermont,1
2020-06-28,vermont,1
2020-07-05,vermont,1
2020-07-12,vermont,1
2020-07-19,vermont,1
2020-07-26,vermont,1
2020-08-02,vermont,1
2020-08-09,vermont,1
2020-08-16,vermont,1
2020-08-23,vermont,1
2020-08-30,vermont,1
2020-09-06,vermont,1
2020-09-13,vermont,1
2020-09-20,vermont,1
2020-09-27,vermont,1
2020-10-04,vermont,1
2020-10-11,vermont,1
2020-10-18,vermont,1
2020-10-25,vermont,1
2020-11-01,vermont,1
2020-11-08,vermont,1
2020-11-15,vermont,1
2020-03-15,virginia,0
2020-03-22,virginia,0
2020-03-29,virginia,0
2020-04-05,virginia,0
2020-04-12,virginia,0
2020-04-19,virginia,0
2020-04-26,virginia,0
2020-05-03,virginia,0.956043956043956
2020-05-10,virginia,0.956043956043956
2020-05-17,virginia,0.957792207792208
2020-05-24,virginia,0.964285714285714
2020-05-31,virginia,0.96978021978022
2020-06-07,virginia,0.978271728271728
2020-06-14,virginia,0.984515484515484
2020-06-21,virginia,0.988761238761239
2020-06-28,virginia,0.992007992007992
2020-07-05,virginia,0.994505494505495
2020-07-12,virginia,0.996503496503496
2020-07-19,virginia,0.997252747252747
2020-07-26,virginia,0.998251748251748
2020-08-02,virginia,0.999000999000999
2020-08-09,virginia,0.999000999000999
2020-08-16,virginia,0.999000999000999
2020-08-23,virginia,0.999000999000999
2020-08-30,virginia,0.999250749250749
2020-09-06,virginia,0.9995004995005
2020-09-13,virginia,0.99975024975025
2020-09-20,virginia,0.99975024975025
2020-09-27,virginia,1
2020-10-04,virginia,1
2020-10-11,virginia,1
2020-10-18,virginia,1
2020-10-25,virginia,1
2020-11-01,virginia,1
2020-11-08,virginia,1
2020-11-15,virginia,1
2020-03-15,virginislands,0
2020-03-22,virginislands,0
2020-03-29,virginislands,0.134615384615385
2020-04-05,virginislands,0.134615384615385
2020-04-12,virginislands,0.134615384615385
2020-04-19,virginislands,0.134615384615385
2020-04-26,virginislands,0.134615384615385
2020-05-03,virginislands,0.134615384615385
2020-05-10,virginislands,0.182817182817183
2020-05-17,virginislands,0.297702297702298
2020-05-24,virginislands,0.411588411588412
2020-05-31,virginislands,0.512737262737263
2020-06-07,virginislands,0.60964035964036
2020-06-14,virginislands,0.703046953046953
2020-06-21,virginislands,0.777472527472528
2020-06-28,virginislands,0.834915084915085
2020-07-05,virginislands,0.875124875124875
2020-07-12,virginislands,0.91008991008991
2020-07-19,virginislands,0.936313686313686
2020-07-26,virginislands,0.952297702297702
2020-08-02,virginislands,0.969280719280719
2020-08-09,virginislands,0.977772227772228
2020-08-16,virginislands,0.984765234765235
2020-08-23,virginislands,0.988511488511488
2020-08-30,virginislands,0.991258741258741
2020-09-06,virginislands,0.993256743256743
2020-09-13,virginislands,0.995254745254745
2020-09-20,virginislands,0.997002997002997
2020-09-27,virginislands,0.998001998001998
2020-10-04,virginislands,0.998251748251748
2020-10-11,virginislands,0.999000999000999
2020-10-18,virginislands,0.999250749250749
2020-10-25,virginislands,1
2020-11-01,virginislands,1
2020-11-08,virginislands,1
2020-11-15,virginislands,1
2020-03-15,washington,0
2020-03-22,washington,0
2020-03-29,washington,0
2020-04-05,washington,0.96953046953047
2020-04-12,washington,0.96953046953047
2020-04-19,washington,0.96953046953047
2020-04-26,washington,0.96953046953047
2020-05-03,washington,0.96953046953047
2020-05-10,washington,0.96953046953047
2020-05-17,washington,0.96978021978022
2020-05-24,washington,0.971528471528472
2020-05-31,washington,0.975024975024975
2020-06-07,washington,0.979520479520479
2020-06-14,washington,0.983266733266733
2020-06-21,washington,0.988011988011988
2020-06-28,washington,0.991258741258741
2020-07-05,washington,0.993506493506493
2020-07-12,washington,0.994505494505495
2020-07-19,washington,0.996253746253746
2020-07-26,washington,0.997252747252747
2020-08-02,washington,0.998001998001998
2020-08-09,washington,0.998251748251748
2020-08-16,washington,0.998751248751249
2020-08-23,washington,0.999500499500499
2020-08-30,washington,0.999500499500499
2020-09-06,washington,0.99975024975025
2020-09-13,washington,0.99975024975025
2020-09-20,washington,0.99975024975025
2020-09-27,washington,1
2020-10-04,washington,1
2020-10-11,washington,1
2020-10-18,washington,1
2020-10-25,washington,1
2020-11-01,washington,1
2020-11-08,washington,1
2020-11-15,washington,1
2020-03-15,westvirginia,0
2020-03-22,westvirginia,0
2020-03-29,westvirginia,0
2020-04-05,westvirginia,0
2020-04-12,westvirginia,0
2020-04-19,westvirginia,0
2020-04-26,westvirginia,0.992757242757243
2020-05-03,westvirginia,0.992757242757243
2020-05-10,westvirginia,0.992757242757243
2020-05-17,westvirginia,0.992757242757243
2020-05-24,westvirginia,0.993006993006993
2020-05-31,westvirginia,0.993506493506493
2020-06-07,westvirginia,0.993506493506493
2020-06-14,westvirginia,0.994505494505495
2020-06-21,westvirginia,0.995254745254745
2020-06-28,westvirginia,0.996753246753247
2020-07-05,westvirginia,0.998001998001998
2020-07-12,westvirginia,0.998251748251748
2020-07-19,westvirginia,0.998751248751249
2020-07-26,westvirginia,0.998751248751249
2020-08-02,westvirginia,0.999000999000999
2020-08-09,westvirginia,0.99975024975025
2020-08-16,westvirginia,0.99975024975025
2020-08-23,westvirginia,0.99975024975025
2020-08-30,westvirginia,0.99975024975025
2020-09-06,westvirginia,1
2020-09-13,westvirginia,1
2020-09-20,westvirginia,1
2020-09-27,westvirginia,1
2020-10-04,westvirginia,1
2020-10-11,westvirginia,1
2020-10-18,westvirginia,1
2020-10-25,westvirginia,1
2020-11-01,westvirginia,1
2020-11-08,westvirginia,1
2020-11-15,westvirginia,1
2020-03-15,wisconsin,0
2020-03-22,wisconsin,0
2020-03-29,wisconsin,0
2020-04-05,wisconsin,0
2020-04-12,wisconsin,0
2020-04-19,wisconsin,0
2020-04-26,wisconsin,0
2020-05-03,wisconsin,0.525724275724276
2020-05-10,wisconsin,0.547952047952048
2020-05-17,wisconsin,0.635614385614386
2020-05-24,wisconsin,0.725274725274725
2020-05-31,wisconsin,0.798201798201798
2020-06-07,wisconsin,0.851148851148851
2020-06-14,wisconsin,0.893606393606394
2020-06-21,wisconsin,0.923076923076923
2020-06-28,wisconsin,0.941808191808192
2020-07-05,wisconsin,0.958541458541459
2020-07-12,wisconsin,0.969280719280719
2020-07-19,wisconsin,0.978271728271728
2020-07-26,wisconsin,0.984515484515484
2020-08-02,wisconsin,0.988511488511488
2020-08-09,wisconsin,0.992007992007992
2020-08-16,wisconsin,0.995754245754246
2020-08-23,wisconsin,0.997502497502498
2020-08-30,wisconsin,0.997752247752248
2020-09-06,wisconsin,0.998501498501498
2020-09-13,wisconsin,0.999000999000999
2020-09-20,wisconsin,0.999250749250749
2020-09-27,wisconsin,0.999250749250749
2020-10-04,wisconsin,0.99975024975025
2020-10-11,wisconsin,0.99975024975025
2020-10-18,wisconsin,0.99975024975025
2020-10-25,wisconsin,1
2020-11-01,wisconsin,1
2020-11-08,wisconsin,1
2020-11-15,wisconsin,1
2020-03-15,wyoming,0
2020-03-22,wyoming,0
2020-03-29,wyoming,0
2020-04-05,wyoming,0
2020-04-12,wyoming,0
2020-04-19,wyoming,0
2020-04-26,wyoming,0.993506493506494
2020-05-03,wyoming,0.993506493506494
2020-05-10,wyoming,0.993506493506494
2020-05-17,wyoming,0.993506493506494
2020-05-24,wyoming,0.993506493506494
2020-05-31,wyoming,0.993506493506494
2020-06-07,wyoming,0.993506493506494
2020-06-14,wyoming,0.993756243756244
2020-06-21,wyoming,0.994255744255744
2020-06-28,wyoming,0.994505494505495
2020-07-05,wyoming,0.995004995004995
2020-07-12,wyoming,0.995754245754246
2020-07-19,wyoming,0.996753246753247
2020-07-26,wyoming,0.997002997002997
2020-08-02,wyoming,0.998501498501499
2020-08-09,wyoming,0.998751248751249
2020-08-16,wyoming,0.999250749250749
2020-08-23,wyoming,0.999250749250749
2020-08-30,wyoming,0.99975024975025
2020-09-06,wyoming,0.99975024975025
2020-09-13,wyoming,0.99975024975025
2020-09-20,wyoming,1
2020-09-27,wyoming,1
2020-10-04,wyoming,1
2020-10-11,wyoming,1
2020-10-18,wyoming,1
2020-10-25,wyoming,1
2020-11-01,wyoming,1
2020-11-08,wyoming,1
2020-11-15,wyoming,1
