weekdate,simple_state,prob
2020-03-15,alabama,0
2020-03-22,alabama,0
2020-03-29,alabama,0
2020-04-05,alabama,0
2020-04-12,alabama,0.582917082917083
2020-04-19,alabama,0.0869130869130869
2020-04-26,alabama,0.137112887112887
2020-05-03,alabama,0.0786713286713287
2020-05-10,alabama,0.04995004995005
2020-05-17,alabama,0.0292207792207792
2020-05-24,alabama,0.014985014985015
2020-05-31,alabama,0.00974025974025974
2020-06-07,alabama,0.0044955044955045
2020-06-14,alabama,0.002997002997003
2020-06-21,alabama,0.00174825174825175
2020-06-28,alabama,0.000749250749250749
2020-07-05,alabama,0.00024975024975025
2020-07-12,alabama,0
2020-07-19,alabama,0.00024975024975025
2020-07-26,alabama,0
2020-08-02,alabama,0
2020-08-09,alabama,0
2020-08-16,alabama,0
2020-08-23,alabama,0
2020-08-30,alabama,0
2020-09-06,alabama,0
2020-09-13,alabama,0
2020-09-20,alabama,0
2020-09-27,alabama,0
2020-10-04,alabama,0
2020-10-11,alabama,0
2020-10-18,alabama,0
2020-10-25,alabama,0
2020-03-15,alaska,0
2020-03-22,alaska,0
2020-03-29,alaska,0.696803196803197
2020-04-05,alaska,0
2020-04-12,alaska,0
2020-04-19,alaska,0.0769230769230769
2020-04-26,alaska,0.106143856143856
2020-05-03,alaska,0.0539460539460539
2020-05-10,alaska,0.0254745254745255
2020-05-17,alaska,0.0162337662337662
2020-05-24,alaska,0.00999000999000999
2020-05-31,alaska,0.00524475524475525
2020-06-07,alaska,0.00424575424575425
2020-06-14,alaska,0.00174825174825175
2020-06-21,alaska,0.0014985014985015
2020-06-28,alaska,0.00024975024975025
2020-07-05,alaska,0.000999000999000999
2020-07-12,alaska,0.00024975024975025
2020-07-19,alaska,0.00024975024975025
2020-07-26,alaska,0
2020-08-02,alaska,0
2020-08-09,alaska,0
2020-08-16,alaska,0
2020-08-23,alaska,0
2020-08-30,alaska,0
2020-09-06,alaska,0
2020-09-13,alaska,0
2020-09-20,alaska,0
2020-09-27,alaska,0
2020-10-04,alaska,0
2020-10-11,alaska,0
2020-10-18,alaska,0
2020-10-25,alaska,0
2020-03-15,arizona,0
2020-03-22,arizona,0
2020-03-29,arizona,0
2020-04-05,arizona,0
2020-04-12,arizona,0.694805194805195
2020-04-19,arizona,0.0374625374625375
2020-04-26,arizona,0.0701798201798202
2020-05-03,arizona,0.0581918081918082
2020-05-10,arizona,0.036963036963037
2020-05-17,arizona,0.0314685314685315
2020-05-24,arizona,0.0234765234765235
2020-05-31,arizona,0.014985014985015
2020-06-07,arizona,0.012987012987013
2020-06-14,arizona,0.00674325674325674
2020-06-21,arizona,0.004995004995005
2020-06-28,arizona,0.00274725274725275
2020-07-05,arizona,0.00174825174825175
2020-07-12,arizona,0.00174825174825175
2020-07-19,arizona,0
2020-07-26,arizona,0.00024975024975025
2020-08-02,arizona,0.0004995004995005
2020-08-09,arizona,0.0004995004995005
2020-08-16,arizona,0
2020-08-23,arizona,0.00024975024975025
2020-08-30,arizona,0
2020-09-06,arizona,0
2020-09-13,arizona,0
2020-09-20,arizona,0
2020-09-27,arizona,0
2020-10-04,arizona,0
2020-10-11,arizona,0
2020-10-18,arizona,0
2020-10-25,arizona,0
2020-03-15,arkansas,0
2020-03-22,arkansas,0
2020-03-29,arkansas,0
2020-04-05,arkansas,0
2020-04-12,arkansas,0
2020-04-19,arkansas,0.52972027972028
2020-04-26,arkansas,0.0576923076923077
2020-05-03,arkansas,0.0601898101898102
2020-05-10,arkansas,0.0511988011988012
2020-05-17,arkansas,0.0437062937062937
2020-05-24,arkansas,0.0447052947052947
2020-05-31,arkansas,0.0444555444555445
2020-06-07,arkansas,0.0317182817182817
2020-06-14,arkansas,0.0232267732267732
2020-06-21,arkansas,0.021978021978022
2020-06-28,arkansas,0.0214785214785215
2020-07-05,arkansas,0.0157342657342657
2020-07-12,arkansas,0.0107392607392607
2020-07-19,arkansas,0.0102397602397602
2020-07-26,arkansas,0.00599400599400599
2020-08-02,arkansas,0.004995004995005
2020-08-09,arkansas,0.00749250749250749
2020-08-16,arkansas,0.00424575424575425
2020-08-23,arkansas,0.00224775224775225
2020-08-30,arkansas,0.00324675324675325
2020-09-06,arkansas,0.0004995004995005
2020-09-13,arkansas,0.000999000999000999
2020-09-20,arkansas,0.00124875124875125
2020-09-27,arkansas,0.000749250749250749
2020-10-04,arkansas,0.0004995004995005
2020-10-11,arkansas,0.000749250749250749
2020-10-18,arkansas,0.00024975024975025
2020-10-25,arkansas,0
2020-03-15,california,0
2020-03-22,california,0
2020-03-29,california,0
2020-04-05,california,0
2020-04-12,california,0.658341658341658
2020-04-19,california,0.00474525474525475
2020-04-26,california,0.0576923076923077
2020-05-03,california,0.0834165834165834
2020-05-10,california,0.0624375624375624
2020-05-17,california,0.043956043956044
2020-05-24,california,0.0307192807192807
2020-05-31,california,0.022977022977023
2020-06-07,california,0.00924075924075924
2020-06-14,california,0.00874125874125874
2020-06-21,california,0.00799200799200799
2020-06-28,california,0.0034965034965035
2020-07-05,california,0.002997002997003
2020-07-12,california,0.00124875124875125
2020-07-19,california,0.00124875124875125
2020-07-26,california,0.00024975024975025
2020-08-02,california,0
2020-08-09,california,0.00024975024975025
2020-08-16,california,0.00024975024975025
2020-08-23,california,0
2020-08-30,california,0
2020-09-06,california,0
2020-09-13,california,0
2020-09-20,california,0
2020-09-27,california,0
2020-10-04,california,0
2020-10-11,california,0
2020-10-18,california,0
2020-10-25,california,0
2020-03-15,colorado,0
2020-03-22,colorado,0
2020-03-29,colorado,0
2020-04-05,colorado,0
2020-04-12,colorado,0
2020-04-19,colorado,0.622377622377622
2020-04-26,colorado,0.0314685314685315
2020-05-03,colorado,0.050949050949051
2020-05-10,colorado,0.0457042957042957
2020-05-17,colorado,0.0514485514485515
2020-05-24,colorado,0.038961038961039
2020-05-31,colorado,0.0344655344655345
2020-06-07,colorado,0.0247252747252747
2020-06-14,colorado,0.0214785214785215
2020-06-21,colorado,0.0177322677322677
2020-06-28,colorado,0.015984015984016
2020-07-05,colorado,0.010989010989011
2020-07-12,colorado,0.00699300699300699
2020-07-19,colorado,0.00774225774225774
2020-07-26,colorado,0.004995004995005
2020-08-02,colorado,0.002997002997003
2020-08-09,colorado,0.0024975024975025
2020-08-16,colorado,0.00274725274725275
2020-08-23,colorado,0.00274725274725275
2020-08-30,colorado,0.000749250749250749
2020-09-06,colorado,0.0004995004995005
2020-09-13,colorado,0.000749250749250749
2020-09-20,colorado,0
2020-09-27,colorado,0.00024975024975025
2020-10-04,colorado,0
2020-10-11,colorado,0.00024975024975025
2020-10-18,colorado,0.0004995004995005
2020-10-25,colorado,0
2020-03-15,connecticut,0
2020-03-22,connecticut,0
2020-03-29,connecticut,0
2020-04-05,connecticut,0
2020-04-12,connecticut,0.749000999000999
2020-04-19,connecticut,0.046953046953047
2020-04-26,connecticut,0.0721778221778222
2020-05-03,connecticut,0.0497002997002997
2020-05-10,connecticut,0.0332167832167832
2020-05-17,connecticut,0.0212287712287712
2020-05-24,connecticut,0.0122377622377622
2020-05-31,connecticut,0.00524475524475525
2020-06-07,connecticut,0.004995004995005
2020-06-14,connecticut,0.00224775224775225
2020-06-21,connecticut,0.00224775224775225
2020-06-28,connecticut,0
2020-07-05,connecticut,0.0004995004995005
2020-07-12,connecticut,0.00024975024975025
2020-07-19,connecticut,0
2020-07-26,connecticut,0
2020-08-02,connecticut,0
2020-08-09,connecticut,0
2020-08-16,connecticut,0
2020-08-23,connecticut,0
2020-08-30,connecticut,0
2020-09-06,connecticut,0
2020-09-13,connecticut,0
2020-09-20,connecticut,0
2020-09-27,connecticut,0
2020-10-04,connecticut,0
2020-10-11,connecticut,0
2020-10-18,connecticut,0
2020-10-25,connecticut,0
2020-03-15,delaware,0
2020-03-22,delaware,0
2020-03-29,delaware,0
2020-04-05,delaware,0
2020-04-12,delaware,0.588911088911089
2020-04-19,delaware,0.0874125874125874
2020-04-26,delaware,0.121628371628372
2020-05-03,delaware,0.0756743256743257
2020-05-10,delaware,0.0497002997002997
2020-05-17,delaware,0.0344655344655345
2020-05-24,delaware,0.0184815184815185
2020-05-31,delaware,0.0117382617382617
2020-06-07,delaware,0.00874125874125874
2020-06-14,delaware,0.00124875124875125
2020-06-21,delaware,0.000999000999000999
2020-06-28,delaware,0.00024975024975025
2020-07-05,delaware,0.0004995004995005
2020-07-12,delaware,0
2020-07-19,delaware,0
2020-07-26,delaware,0
2020-08-02,delaware,0.00024975024975025
2020-08-09,delaware,0
2020-08-16,delaware,0
2020-08-23,delaware,0
2020-08-30,delaware,0
2020-09-06,delaware,0
2020-09-13,delaware,0
2020-09-20,delaware,0
2020-09-27,delaware,0
2020-10-04,delaware,0
2020-10-11,delaware,0
2020-10-18,delaware,0
2020-10-25,delaware,0
2020-03-15,districtofcolumbia,0
2020-03-22,districtofcolumbia,0
2020-03-29,districtofcolumbia,0
2020-04-05,districtofcolumbia,0
2020-04-12,districtofcolumbia,0.655344655344655
2020-04-19,districtofcolumbia,0.0711788211788212
2020-04-26,districtofcolumbia,0.103396603396603
2020-05-03,districtofcolumbia,0.0664335664335664
2020-05-10,districtofcolumbia,0.0447052947052947
2020-05-17,districtofcolumbia,0.028971028971029
2020-05-24,districtofcolumbia,0.011988011988012
2020-05-31,districtofcolumbia,0.00949050949050949
2020-06-07,districtofcolumbia,0.00474525474525475
2020-06-14,districtofcolumbia,0.00124875124875125
2020-06-21,districtofcolumbia,0.000999000999000999
2020-06-28,districtofcolumbia,0.0004995004995005
2020-07-05,districtofcolumbia,0.000749250749250749
2020-07-12,districtofcolumbia,0.00024975024975025
2020-07-19,districtofcolumbia,0
2020-07-26,districtofcolumbia,0
2020-08-02,districtofcolumbia,0
2020-08-09,districtofcolumbia,0
2020-08-16,districtofcolumbia,0
2020-08-23,districtofcolumbia,0
2020-08-30,districtofcolumbia,0
2020-09-06,districtofcolumbia,0
2020-09-13,districtofcolumbia,0
2020-09-20,districtofcolumbia,0
2020-09-27,districtofcolumbia,0
2020-10-04,districtofcolumbia,0
2020-10-11,districtofcolumbia,0
2020-10-18,districtofcolumbia,0
2020-10-25,districtofcolumbia,0
2020-03-15,florida,0
2020-03-22,florida,0
2020-03-29,florida,0
2020-04-05,florida,0.752997002997003
2020-04-12,florida,0
2020-04-19,florida,0.0134865134865135
2020-04-26,florida,0.03996003996004
2020-05-03,florida,0.0506993006993007
2020-05-10,florida,0.0402097902097902
2020-05-17,florida,0.0287212787212787
2020-05-24,florida,0.0232267732267732
2020-05-31,florida,0.0202297702297702
2020-06-07,florida,0.00999000999000999
2020-06-14,florida,0.00649350649350649
2020-06-21,florida,0.00574425574425574
2020-06-28,florida,0.0034965034965035
2020-07-05,florida,0.000999000999000999
2020-07-12,florida,0.00124875124875125
2020-07-19,florida,0.00124875124875125
2020-07-26,florida,0.000749250749250749
2020-08-02,florida,0.00024975024975025
2020-08-09,florida,0.00024975024975025
2020-08-16,florida,0
2020-08-23,florida,0
2020-08-30,florida,0
2020-09-06,florida,0
2020-09-13,florida,0
2020-09-20,florida,0
2020-09-27,florida,0
2020-10-04,florida,0
2020-10-11,florida,0
2020-10-18,florida,0
2020-10-25,florida,0
2020-03-15,georgia,0
2020-03-22,georgia,0
2020-03-29,georgia,0
2020-04-05,georgia,0
2020-04-12,georgia,0.771228771228771
2020-04-19,georgia,0.0277222777222777
2020-04-26,georgia,0.0649350649350649
2020-05-03,georgia,0.0541958041958042
2020-05-10,georgia,0.035964035964036
2020-05-17,georgia,0.020979020979021
2020-05-24,georgia,0.0114885114885115
2020-05-31,georgia,0.00699300699300699
2020-06-07,georgia,0.00324675324675325
2020-06-14,georgia,0.000999000999000999
2020-06-21,georgia,0.000749250749250749
2020-06-28,georgia,0.0004995004995005
2020-07-05,georgia,0.00024975024975025
2020-07-12,georgia,0
2020-07-19,georgia,0.0004995004995005
2020-07-26,georgia,0.00024975024975025
2020-08-02,georgia,0
2020-08-09,georgia,0
2020-08-16,georgia,0
2020-08-23,georgia,0
2020-08-30,georgia,0
2020-09-06,georgia,0
2020-09-13,georgia,0
2020-09-20,georgia,0
2020-09-27,georgia,0
2020-10-04,georgia,0
2020-10-11,georgia,0
2020-10-18,georgia,0
2020-10-25,georgia,0
2020-03-15,hawaii,0
2020-03-22,hawaii,0
2020-03-29,hawaii,0
2020-04-05,hawaii,0.7002997002997
2020-04-12,hawaii,0
2020-04-19,hawaii,0.017982017982018
2020-04-26,hawaii,0.0337162837162837
2020-05-03,hawaii,0.0317182817182817
2020-05-10,hawaii,0.0394605394605395
2020-05-17,hawaii,0.0327172827172827
2020-05-24,hawaii,0.0264735264735265
2020-05-31,hawaii,0.0242257742257742
2020-06-07,hawaii,0.0174825174825175
2020-06-14,hawaii,0.0154845154845155
2020-06-21,hawaii,0.014985014985015
2020-06-28,hawaii,0.0112387612387612
2020-07-05,hawaii,0.00699300699300699
2020-07-12,hawaii,0.00849150849150849
2020-07-19,hawaii,0.00324675324675325
2020-07-26,hawaii,0.0044955044955045
2020-08-02,hawaii,0.00374625374625375
2020-08-09,hawaii,0.001998001998002
2020-08-16,hawaii,0.0014985014985015
2020-08-23,hawaii,0.0014985014985015
2020-08-30,hawaii,0.000749250749250749
2020-09-06,hawaii,0.00024975024975025
2020-09-13,hawaii,0.00024975024975025
2020-09-20,hawaii,0.00024975024975025
2020-09-27,hawaii,0.00024975024975025
2020-10-04,hawaii,0.00024975024975025
2020-10-11,hawaii,0.00024975024975025
2020-10-18,hawaii,0
2020-10-25,hawaii,0
2020-03-15,idaho,0
2020-03-22,idaho,0
2020-03-29,idaho,0
2020-04-05,idaho,0.930819180819181
2020-04-12,idaho,0
2020-04-19,idaho,0.0234765234765235
2020-04-26,idaho,0.0224775224775225
2020-05-03,idaho,0.00924075924075924
2020-05-10,idaho,0.00749250749250749
2020-05-17,idaho,0.0034965034965035
2020-05-24,idaho,0.000999000999000999
2020-05-31,idaho,0.000999000999000999
2020-06-07,idaho,0
2020-06-14,idaho,0.00024975024975025
2020-06-21,idaho,0.0004995004995005
2020-06-28,idaho,0.00024975024975025
2020-07-05,idaho,0
2020-07-12,idaho,0
2020-07-19,idaho,0
2020-07-26,idaho,0
2020-08-02,idaho,0
2020-08-09,idaho,0
2020-08-16,idaho,0
2020-08-23,idaho,0
2020-08-30,idaho,0
2020-09-06,idaho,0
2020-09-13,idaho,0
2020-09-20,idaho,0
2020-09-27,idaho,0
2020-10-04,idaho,0
2020-10-11,idaho,0
2020-10-18,idaho,0
2020-10-25,idaho,0
2020-03-15,illinois,0
2020-03-22,illinois,0
2020-03-29,illinois,0
2020-04-05,illinois,0
2020-04-12,illinois,0.717532467532468
2020-04-19,illinois,0.0182317682317682
2020-04-26,illinois,0.0621878121878122
2020-05-03,illinois,0.0604395604395604
2020-05-10,illinois,0.0487012987012987
2020-05-17,illinois,0.0334665334665335
2020-05-24,illinois,0.0222277722277722
2020-05-31,illinois,0.013986013986014
2020-06-07,illinois,0.0102397602397602
2020-06-14,illinois,0.00599400599400599
2020-06-21,illinois,0.0024975024975025
2020-06-28,illinois,0.0014985014985015
2020-07-05,illinois,0.0014985014985015
2020-07-12,illinois,0.000749250749250749
2020-07-19,illinois,0
2020-07-26,illinois,0.00024975024975025
2020-08-02,illinois,0.00024975024975025
2020-08-09,illinois,0
2020-08-16,illinois,0.00024975024975025
2020-08-23,illinois,0
2020-08-30,illinois,0
2020-09-06,illinois,0
2020-09-13,illinois,0
2020-09-20,illinois,0
2020-09-27,illinois,0
2020-10-04,illinois,0
2020-10-11,illinois,0
2020-10-18,illinois,0
2020-10-25,illinois,0
2020-03-15,indiana,0
2020-03-22,indiana,0
2020-03-29,indiana,0
2020-04-05,indiana,0
2020-04-12,indiana,0.607392607392607
2020-04-19,indiana,0.10964035964036
2020-04-26,indiana,0.130869130869131
2020-05-03,indiana,0.0744255744255744
2020-05-10,indiana,0.0402097902097902
2020-05-17,indiana,0.016983016983017
2020-05-24,indiana,0.0102397602397602
2020-05-31,indiana,0.00524475524475525
2020-06-07,indiana,0.002997002997003
2020-06-14,indiana,0.00024975024975025
2020-06-21,indiana,0.0004995004995005
2020-06-28,indiana,0.0004995004995005
2020-07-05,indiana,0.00024975024975025
2020-07-12,indiana,0.00024975024975025
2020-07-19,indiana,0.00024975024975025
2020-07-26,indiana,0
2020-08-02,indiana,0
2020-08-09,indiana,0
2020-08-16,indiana,0
2020-08-23,indiana,0
2020-08-30,indiana,0
2020-09-06,indiana,0
2020-09-13,indiana,0
2020-09-20,indiana,0
2020-09-27,indiana,0
2020-10-04,indiana,0
2020-10-11,indiana,0
2020-10-18,indiana,0
2020-10-25,indiana,0
2020-03-15,iowa,0
2020-03-22,iowa,0
2020-03-29,iowa,0
2020-04-05,iowa,0
2020-04-12,iowa,0
2020-04-19,iowa,0.469280719280719
2020-04-26,iowa,0.138361638361638
2020-05-03,iowa,0.117132867132867
2020-05-10,iowa,0.0909090909090909
2020-05-17,iowa,0.0639360639360639
2020-05-24,iowa,0.042957042957043
2020-05-31,iowa,0.0272227772227772
2020-06-07,iowa,0.0182317682317682
2020-06-14,iowa,0.013986013986014
2020-06-21,iowa,0.00749250749250749
2020-06-28,iowa,0.002997002997003
2020-07-05,iowa,0.00324675324675325
2020-07-12,iowa,0.00224775224775225
2020-07-19,iowa,0.00124875124875125
2020-07-26,iowa,0.00024975024975025
2020-08-02,iowa,0
2020-08-09,iowa,0.00024975024975025
2020-08-16,iowa,0
2020-08-23,iowa,0
2020-08-30,iowa,0
2020-09-06,iowa,0.00024975024975025
2020-09-13,iowa,0
2020-09-20,iowa,0
2020-09-27,iowa,0
2020-10-04,iowa,0
2020-10-11,iowa,0
2020-10-18,iowa,0
2020-10-25,iowa,0
2020-03-15,kansas,0
2020-03-22,kansas,0
2020-03-29,kansas,0
2020-04-05,kansas,0
2020-04-12,kansas,0.768981018981019
2020-04-19,kansas,0.0634365634365634
2020-04-26,kansas,0.0644355644355644
2020-05-03,kansas,0.0422077922077922
2020-05-10,kansas,0.0304695304695305
2020-05-17,kansas,0.0104895104895105
2020-05-24,kansas,0.00774225774225774
2020-05-31,kansas,0.00474525474525475
2020-06-07,kansas,0.002997002997003
2020-06-14,kansas,0.00174825174825175
2020-06-21,kansas,0.00124875124875125
2020-06-28,kansas,0.000999000999000999
2020-07-05,kansas,0.00024975024975025
2020-07-12,kansas,0
2020-07-19,kansas,0
2020-07-26,kansas,0
2020-08-02,kansas,0.00024975024975025
2020-08-09,kansas,0
2020-08-16,kansas,0
2020-08-23,kansas,0
2020-08-30,kansas,0
2020-09-06,kansas,0
2020-09-13,kansas,0
2020-09-20,kansas,0
2020-09-27,kansas,0
2020-10-04,kansas,0
2020-10-11,kansas,0
2020-10-18,kansas,0
2020-10-25,kansas,0
2020-03-15,kentucky,0
2020-03-22,kentucky,0
2020-03-29,kentucky,0
2020-04-05,kentucky,0
2020-04-12,kentucky,0.788961038961039
2020-04-19,kentucky,0.0204795204795205
2020-04-26,kentucky,0.047952047952048
2020-05-03,kentucky,0.0511988011988012
2020-05-10,kentucky,0.03996003996004
2020-05-17,kentucky,0.0222277722277722
2020-05-24,kentucky,0.0142357642357642
2020-05-31,kentucky,0.00674325674325674
2020-06-07,kentucky,0.003996003996004
2020-06-14,kentucky,0.001998001998002
2020-06-21,kentucky,0.0014985014985015
2020-06-28,kentucky,0.000749250749250749
2020-07-05,kentucky,0
2020-07-12,kentucky,0
2020-07-19,kentucky,0
2020-07-26,kentucky,0
2020-08-02,kentucky,0
2020-08-09,kentucky,0
2020-08-16,kentucky,0
2020-08-23,kentucky,0
2020-08-30,kentucky,0
2020-09-06,kentucky,0
2020-09-13,kentucky,0
2020-09-20,kentucky,0
2020-09-27,kentucky,0
2020-10-04,kentucky,0
2020-10-11,kentucky,0
2020-10-18,kentucky,0
2020-10-25,kentucky,0
2020-03-15,louisiana,0
2020-03-22,louisiana,0
2020-03-29,louisiana,0
2020-04-05,louisiana,0.918081918081918
2020-04-12,louisiana,0
2020-04-19,louisiana,0.0314685314685315
2020-04-26,louisiana,0.0277222777222777
2020-05-03,louisiana,0.0102397602397602
2020-05-10,louisiana,0.00674325674325674
2020-05-17,louisiana,0.00324675324675325
2020-05-24,louisiana,0.000749250749250749
2020-05-31,louisiana,0.000749250749250749
2020-06-07,louisiana,0.000749250749250749
2020-06-14,louisiana,0.00024975024975025
2020-06-21,louisiana,0
2020-06-28,louisiana,0
2020-07-05,louisiana,0
2020-07-12,louisiana,0
2020-07-19,louisiana,0
2020-07-26,louisiana,0
2020-08-02,louisiana,0
2020-08-09,louisiana,0
2020-08-16,louisiana,0
2020-08-23,louisiana,0
2020-08-30,louisiana,0
2020-09-06,louisiana,0
2020-09-13,louisiana,0
2020-09-20,louisiana,0
2020-09-27,louisiana,0
2020-10-04,louisiana,0
2020-10-11,louisiana,0
2020-10-18,louisiana,0
2020-10-25,louisiana,0
2020-03-15,maine,0
2020-03-22,maine,0
2020-03-29,maine,0
2020-04-05,maine,0.635864135864136
2020-04-12,maine,0
2020-04-19,maine,0.0272227772227772
2020-04-26,maine,0.044955044955045
2020-05-03,maine,0.0422077922077922
2020-05-10,maine,0.037962037962038
2020-05-17,maine,0.0342157842157842
2020-05-24,maine,0.0314685314685315
2020-05-31,maine,0.027972027972028
2020-06-07,maine,0.0237262737262737
2020-06-14,maine,0.0187312687312687
2020-06-21,maine,0.0174825174825175
2020-06-28,maine,0.0122377622377622
2020-07-05,maine,0.012987012987013
2020-07-12,maine,0.00899100899100899
2020-07-19,maine,0.00749250749250749
2020-07-26,maine,0.0044955044955045
2020-08-02,maine,0.001998001998002
2020-08-09,maine,0.00324675324675325
2020-08-16,maine,0.00124875124875125
2020-08-23,maine,0.0024975024975025
2020-08-30,maine,0.00024975024975025
2020-09-06,maine,0.000749250749250749
2020-09-13,maine,0.000749250749250749
2020-09-20,maine,0.00024975024975025
2020-09-27,maine,0.0004995004995005
2020-10-04,maine,0.00024975024975025
2020-10-11,maine,0.00024975024975025
2020-10-18,maine,0
2020-10-25,maine,0
2020-03-15,maryland,0
2020-03-22,maryland,0
2020-03-29,maryland,0
2020-04-05,maryland,0
2020-04-12,maryland,0.688811188811189
2020-04-19,maryland,0.040959040959041
2020-04-26,maryland,0.0866633366633367
2020-05-03,maryland,0.0691808191808192
2020-05-10,maryland,0.046953046953047
2020-05-17,maryland,0.0282217782217782
2020-05-24,maryland,0.0192307692307692
2020-05-31,maryland,0.010989010989011
2020-06-07,maryland,0.0034965034965035
2020-06-14,maryland,0.00224775224775225
2020-06-21,maryland,0.0024975024975025
2020-06-28,maryland,0.00024975024975025
2020-07-05,maryland,0
2020-07-12,maryland,0.00024975024975025
2020-07-19,maryland,0.00024975024975025
2020-07-26,maryland,0
2020-08-02,maryland,0
2020-08-09,maryland,0
2020-08-16,maryland,0
2020-08-23,maryland,0
2020-08-30,maryland,0
2020-09-06,maryland,0
2020-09-13,maryland,0
2020-09-20,maryland,0
2020-09-27,maryland,0
2020-10-04,maryland,0
2020-10-11,maryland,0
2020-10-18,maryland,0
2020-10-25,maryland,0
2020-03-15,massachusetts,0
2020-03-22,massachusetts,0
2020-03-29,massachusetts,0
2020-04-05,massachusetts,0
2020-04-12,massachusetts,0
2020-04-19,massachusetts,0.542957042957043
2020-04-26,massachusetts,0.129120879120879
2020-05-03,massachusetts,0.109140859140859
2020-05-10,massachusetts,0.0796703296703297
2020-05-17,massachusetts,0.0536963036963037
2020-05-24,massachusetts,0.033966033966034
2020-05-31,massachusetts,0.0237262737262737
2020-06-07,massachusetts,0.010989010989011
2020-06-14,massachusetts,0.00774225774225774
2020-06-21,massachusetts,0.00424575424575425
2020-06-28,massachusetts,0.001998001998002
2020-07-05,massachusetts,0.000999000999000999
2020-07-12,massachusetts,0.0004995004995005
2020-07-19,massachusetts,0.000749250749250749
2020-07-26,massachusetts,0
2020-08-02,massachusetts,0.00024975024975025
2020-08-09,massachusetts,0
2020-08-16,massachusetts,0
2020-08-23,massachusetts,0.00024975024975025
2020-08-30,massachusetts,0
2020-09-06,massachusetts,0
2020-09-13,massachusetts,0
2020-09-20,massachusetts,0
2020-09-27,massachusetts,0
2020-10-04,massachusetts,0
2020-10-11,massachusetts,0
2020-10-18,massachusetts,0
2020-10-25,massachusetts,0
2020-03-15,michigan,0
2020-03-22,michigan,0
2020-03-29,michigan,0
2020-04-05,michigan,0.707292707292707
2020-04-12,michigan,0
2020-04-19,michigan,0.0819180819180819
2020-04-26,michigan,0.101148851148851
2020-05-03,michigan,0.0516983016983017
2020-05-10,michigan,0.0282217782217782
2020-05-17,michigan,0.0157342657342657
2020-05-24,michigan,0.00674325674325674
2020-05-31,michigan,0.00324675324675325
2020-06-07,michigan,0.00174825174825175
2020-06-14,michigan,0.000999000999000999
2020-06-21,michigan,0.000999000999000999
2020-06-28,michigan,0.00024975024975025
2020-07-05,michigan,0
2020-07-12,michigan,0
2020-07-19,michigan,0
2020-07-26,michigan,0
2020-08-02,michigan,0
2020-08-09,michigan,0
2020-08-16,michigan,0
2020-08-23,michigan,0
2020-08-30,michigan,0
2020-09-06,michigan,0
2020-09-13,michigan,0
2020-09-20,michigan,0
2020-09-27,michigan,0
2020-10-04,michigan,0
2020-10-11,michigan,0
2020-10-18,michigan,0
2020-10-25,michigan,0
2020-03-15,minnesota,0
2020-03-22,minnesota,0
2020-03-29,minnesota,0
2020-04-05,minnesota,0
2020-04-12,minnesota,0
2020-04-19,minnesota,0.519230769230769
2020-04-26,minnesota,0.0539460539460539
2020-05-03,minnesota,0.0644355644355644
2020-05-10,minnesota,0.0606893106893107
2020-05-17,minnesota,0.0531968031968032
2020-05-24,minnesota,0.0482017982017982
2020-05-31,minnesota,0.0387112887112887
2020-06-07,minnesota,0.0337162837162837
2020-06-14,minnesota,0.0304695304695305
2020-06-21,minnesota,0.0212287712287712
2020-06-28,minnesota,0.0182317682317682
2020-07-05,minnesota,0.0154845154845155
2020-07-12,minnesota,0.0132367632367632
2020-07-19,minnesota,0.00799200799200799
2020-07-26,minnesota,0.00524475524475525
2020-08-02,minnesota,0.0044955044955045
2020-08-09,minnesota,0.0044955044955045
2020-08-16,minnesota,0.00224775224775225
2020-08-23,minnesota,0.0014985014985015
2020-08-30,minnesota,0.000749250749250749
2020-09-06,minnesota,0.00024975024975025
2020-09-13,minnesota,0.000999000999000999
2020-09-20,minnesota,0.00024975024975025
2020-09-27,minnesota,0
2020-10-04,minnesota,0.0004995004995005
2020-10-11,minnesota,0.00024975024975025
2020-10-18,minnesota,0.00024975024975025
2020-10-25,minnesota,0
2020-03-15,mississippi,0
2020-03-22,mississippi,0
2020-03-29,mississippi,0
2020-04-05,mississippi,0
2020-04-12,mississippi,0
2020-04-19,mississippi,0.728021978021978
2020-04-26,mississippi,0.0889110889110889
2020-05-03,mississippi,0.0659340659340659
2020-05-10,mississippi,0.0434565434565435
2020-05-17,mississippi,0.0282217782217782
2020-05-24,mississippi,0.0192307692307692
2020-05-31,mississippi,0.0112387612387612
2020-06-07,mississippi,0.00699300699300699
2020-06-14,mississippi,0.00324675324675325
2020-06-21,mississippi,0.002997002997003
2020-06-28,mississippi,0.000999000999000999
2020-07-05,mississippi,0
2020-07-12,mississippi,0.00024975024975025
2020-07-19,mississippi,0.00024975024975025
2020-07-26,mississippi,0.00024975024975025
2020-08-02,mississippi,0
2020-08-09,mississippi,0
2020-08-16,mississippi,0
2020-08-23,mississippi,0
2020-08-30,mississippi,0
2020-09-06,mississippi,0
2020-09-13,mississippi,0
2020-09-20,mississippi,0
2020-09-27,mississippi,0
2020-10-04,mississippi,0
2020-10-11,mississippi,0
2020-10-18,mississippi,0
2020-10-25,mississippi,0
2020-03-15,missouri,0
2020-03-22,missouri,0
2020-03-29,missouri,0
2020-04-05,missouri,0
2020-04-12,missouri,0.799200799200799
2020-04-19,missouri,0.0611888111888112
2020-04-26,missouri,0.0649350649350649
2020-05-03,missouri,0.031968031968032
2020-05-10,missouri,0.020979020979021
2020-05-17,missouri,0.00724275724275724
2020-05-24,missouri,0.00774225774225774
2020-05-31,missouri,0.0034965034965035
2020-06-07,missouri,0.0014985014985015
2020-06-14,missouri,0.000749250749250749
2020-06-21,missouri,0.00024975024975025
2020-06-28,missouri,0.00024975024975025
2020-07-05,missouri,0.0004995004995005
2020-07-12,missouri,0
2020-07-19,missouri,0
2020-07-26,missouri,0
2020-08-02,missouri,0
2020-08-09,missouri,0
2020-08-16,missouri,0
2020-08-23,missouri,0
2020-08-30,missouri,0
2020-09-06,missouri,0
2020-09-13,missouri,0
2020-09-20,missouri,0
2020-09-27,missouri,0
2020-10-04,missouri,0
2020-10-11,missouri,0
2020-10-18,missouri,0
2020-10-25,missouri,0
2020-03-15,montana,0
2020-03-22,montana,0
2020-03-29,montana,0
2020-04-05,montana,0.777722277722278
2020-04-12,montana,0
2020-04-19,montana,0.0766733266733267
2020-04-26,montana,0.0696803196803197
2020-05-03,montana,0.0384615384615385
2020-05-10,montana,0.0157342657342657
2020-05-17,montana,0.0122377622377622
2020-05-24,montana,0.00424575424575425
2020-05-31,montana,0.0014985014985015
2020-06-07,montana,0.0014985014985015
2020-06-14,montana,0.000999000999000999
2020-06-21,montana,0.00024975024975025
2020-06-28,montana,0.0004995004995005
2020-07-05,montana,0.0004995004995005
2020-07-12,montana,0
2020-07-19,montana,0
2020-07-26,montana,0
2020-08-02,montana,0
2020-08-09,montana,0
2020-08-16,montana,0
2020-08-23,montana,0
2020-08-30,montana,0
2020-09-06,montana,0
2020-09-13,montana,0
2020-09-20,montana,0
2020-09-27,montana,0
2020-10-04,montana,0
2020-10-11,montana,0
2020-10-18,montana,0
2020-10-25,montana,0
2020-03-15,nebraska,0
2020-03-22,nebraska,0
2020-03-29,nebraska,0
2020-04-05,nebraska,0
2020-04-12,nebraska,0
2020-04-19,nebraska,0.544455544455544
2020-04-26,nebraska,0.135864135864136
2020-05-03,nebraska,0.112137862137862
2020-05-10,nebraska,0.0721778221778222
2020-05-17,nebraska,0.0526973026973027
2020-05-24,nebraska,0.035964035964036
2020-05-31,nebraska,0.0197302697302697
2020-06-07,nebraska,0.0104895104895105
2020-06-14,nebraska,0.00824175824175824
2020-06-21,nebraska,0.003996003996004
2020-06-28,nebraska,0.0024975024975025
2020-07-05,nebraska,0.00124875124875125
2020-07-12,nebraska,0
2020-07-19,nebraska,0.0004995004995005
2020-07-26,nebraska,0
2020-08-02,nebraska,0
2020-08-09,nebraska,0
2020-08-16,nebraska,0
2020-08-23,nebraska,0
2020-08-30,nebraska,0
2020-09-06,nebraska,0
2020-09-13,nebraska,0
2020-09-20,nebraska,0
2020-09-27,nebraska,0
2020-10-04,nebraska,0
2020-10-11,nebraska,0
2020-10-18,nebraska,0
2020-10-25,nebraska,0
2020-03-15,nevada,0
2020-03-22,nevada,0
2020-03-29,nevada,0
2020-04-05,nevada,0.79945054945055
2020-04-12,nevada,0
2020-04-19,nevada,0.047952047952048
2020-04-26,nevada,0.0574425574425574
2020-05-03,nevada,0.0397102897102897
2020-05-10,nevada,0.0242257742257742
2020-05-17,nevada,0.014985014985015
2020-05-24,nevada,0.00749250749250749
2020-05-31,nevada,0.00374625374625375
2020-06-07,nevada,0.001998001998002
2020-06-14,nevada,0.000749250749250749
2020-06-21,nevada,0.000999000999000999
2020-06-28,nevada,0.0004995004995005
2020-07-05,nevada,0.0004995004995005
2020-07-12,nevada,0
2020-07-19,nevada,0.00024975024975025
2020-07-26,nevada,0
2020-08-02,nevada,0
2020-08-09,nevada,0
2020-08-16,nevada,0
2020-08-23,nevada,0
2020-08-30,nevada,0
2020-09-06,nevada,0
2020-09-13,nevada,0
2020-09-20,nevada,0
2020-09-27,nevada,0
2020-10-04,nevada,0
2020-10-11,nevada,0
2020-10-18,nevada,0
2020-10-25,nevada,0
2020-03-15,newhampshire,0
2020-03-22,newhampshire,0
2020-03-29,newhampshire,0
2020-04-05,newhampshire,0
2020-04-12,newhampshire,0
2020-04-19,newhampshire,0.748251748251748
2020-04-26,newhampshire,0.00949050949050949
2020-05-03,newhampshire,0.0154845154845155
2020-05-10,newhampshire,0.0247252747252747
2020-05-17,newhampshire,0.025974025974026
2020-05-24,newhampshire,0.0297202797202797
2020-05-31,newhampshire,0.024975024975025
2020-06-07,newhampshire,0.0222277722277722
2020-06-14,newhampshire,0.0197302697302697
2020-06-21,newhampshire,0.0174825174825175
2020-06-28,newhampshire,0.011988011988012
2020-07-05,newhampshire,0.0127372627372627
2020-07-12,newhampshire,0.00749250749250749
2020-07-19,newhampshire,0.00824175824175824
2020-07-26,newhampshire,0.00624375624375624
2020-08-02,newhampshire,0.0034965034965035
2020-08-09,newhampshire,0.0034965034965035
2020-08-16,newhampshire,0.00274725274725275
2020-08-23,newhampshire,0.00124875124875125
2020-08-30,newhampshire,0.00124875124875125
2020-09-06,newhampshire,0.000999000999000999
2020-09-13,newhampshire,0.0004995004995005
2020-09-20,newhampshire,0.0004995004995005
2020-09-27,newhampshire,0.000749250749250749
2020-10-04,newhampshire,0.00024975024975025
2020-10-11,newhampshire,0
2020-10-18,newhampshire,0
2020-10-25,newhampshire,0
2020-03-15,newjersey,0
2020-03-22,newjersey,0
2020-03-29,newjersey,0
2020-04-05,newjersey,0.487012987012987
2020-04-12,newjersey,0
2020-04-19,newjersey,0.0776723276723277
2020-04-26,newjersey,0.153346653346653
2020-05-03,newjersey,0.0981518481518481
2020-05-10,newjersey,0.0716783216783217
2020-05-17,newjersey,0.0427072927072927
2020-05-24,newjersey,0.0264735264735265
2020-05-31,newjersey,0.0192307692307692
2020-06-07,newjersey,0.0114885114885115
2020-06-14,newjersey,0.00474525474525475
2020-06-21,newjersey,0.00324675324675325
2020-06-28,newjersey,0.001998001998002
2020-07-05,newjersey,0.000999000999000999
2020-07-12,newjersey,0.000749250749250749
2020-07-19,newjersey,0
2020-07-26,newjersey,0
2020-08-02,newjersey,0.00024975024975025
2020-08-09,newjersey,0.00024975024975025
2020-08-16,newjersey,0
2020-08-23,newjersey,0
2020-08-30,newjersey,0
2020-09-06,newjersey,0
2020-09-13,newjersey,0
2020-09-20,newjersey,0
2020-09-27,newjersey,0
2020-10-04,newjersey,0
2020-10-11,newjersey,0
2020-10-18,newjersey,0
2020-10-25,newjersey,0
2020-03-15,newmexico,0
2020-03-22,newmexico,0
2020-03-29,newmexico,0
2020-04-05,newmexico,0
2020-04-12,newmexico,0.672577422577423
2020-04-19,newmexico,0.02997002997003
2020-04-26,newmexico,0.0716783216783217
2020-05-03,newmexico,0.0611888111888112
2020-05-10,newmexico,0.0494505494505495
2020-05-17,newmexico,0.038961038961039
2020-05-24,newmexico,0.0287212787212787
2020-05-31,newmexico,0.0207292707292707
2020-06-07,newmexico,0.00999000999000999
2020-06-14,newmexico,0.00624375624375624
2020-06-21,newmexico,0.0054945054945055
2020-06-28,newmexico,0.001998001998002
2020-07-05,newmexico,0.001998001998002
2020-07-12,newmexico,0.0004995004995005
2020-07-19,newmexico,0
2020-07-26,newmexico,0.0004995004995005
2020-08-02,newmexico,0
2020-08-09,newmexico,0
2020-08-16,newmexico,0
2020-08-23,newmexico,0
2020-08-30,newmexico,0
2020-09-06,newmexico,0
2020-09-13,newmexico,0
2020-09-20,newmexico,0
2020-09-27,newmexico,0
2020-10-04,newmexico,0
2020-10-11,newmexico,0
2020-10-18,newmexico,0
2020-10-25,newmexico,0
2020-03-15,newyork,0
2020-03-22,newyork,0
2020-03-29,newyork,0
2020-04-05,newyork,0
2020-04-12,newyork,0
2020-04-19,newyork,0.66033966033966
2020-04-26,newyork,0.162587412587413
2020-05-03,newyork,0.0866633366633367
2020-05-10,newyork,0.0467032967032967
2020-05-17,newyork,0.0204795204795205
2020-05-24,newyork,0.0122377622377622
2020-05-31,newyork,0.00599400599400599
2020-06-07,newyork,0.00224775224775225
2020-06-14,newyork,0.000999000999000999
2020-06-21,newyork,0.000749250749250749
2020-06-28,newyork,0.000749250749250749
2020-07-05,newyork,0
2020-07-12,newyork,0.00024975024975025
2020-07-19,newyork,0
2020-07-26,newyork,0
2020-08-02,newyork,0
2020-08-09,newyork,0
2020-08-16,newyork,0
2020-08-23,newyork,0
2020-08-30,newyork,0
2020-09-06,newyork,0
2020-09-13,newyork,0
2020-09-20,newyork,0
2020-09-27,newyork,0
2020-10-04,newyork,0
2020-10-11,newyork,0
2020-10-18,newyork,0
2020-10-25,newyork,0
2020-03-15,northcarolina,0
2020-03-22,northcarolina,0
2020-03-29,northcarolina,0
2020-04-05,northcarolina,0
2020-04-12,northcarolina,0.534465534465535
2020-04-19,northcarolina,0.0809190809190809
2020-04-26,northcarolina,0.138111888111888
2020-05-03,northcarolina,0.101398601398601
2020-05-10,northcarolina,0.0574425574425574
2020-05-17,northcarolina,0.0384615384615385
2020-05-24,northcarolina,0.0227272727272727
2020-05-31,northcarolina,0.0132367632367632
2020-06-07,northcarolina,0.00624375624375624
2020-06-14,northcarolina,0.00224775224775225
2020-06-21,northcarolina,0.00224775224775225
2020-06-28,northcarolina,0.0014985014985015
2020-07-05,northcarolina,0.0004995004995005
2020-07-12,northcarolina,0
2020-07-19,northcarolina,0.00024975024975025
2020-07-26,northcarolina,0.00024975024975025
2020-08-02,northcarolina,0
2020-08-09,northcarolina,0
2020-08-16,northcarolina,0
2020-08-23,northcarolina,0
2020-08-30,northcarolina,0
2020-09-06,northcarolina,0
2020-09-13,northcarolina,0
2020-09-20,northcarolina,0
2020-09-27,northcarolina,0
2020-10-04,northcarolina,0
2020-10-11,northcarolina,0
2020-10-18,northcarolina,0
2020-10-25,northcarolina,0
2020-03-15,northdakota,0
2020-03-22,northdakota,0
2020-03-29,northdakota,0.400599400599401
2020-04-05,northdakota,0
2020-04-12,northdakota,0
2020-04-19,northdakota,0.0494505494505495
2020-04-26,northdakota,0.0889110889110889
2020-05-03,northdakota,0.0696803196803197
2020-05-10,northdakota,0.0646853146853147
2020-05-17,northdakota,0.0564435564435564
2020-05-24,northdakota,0.0541958041958042
2020-05-31,northdakota,0.0377122877122877
2020-06-07,northdakota,0.0367132867132867
2020-06-14,northdakota,0.0284715284715285
2020-06-21,northdakota,0.0232267732267732
2020-06-28,northdakota,0.0212287712287712
2020-07-05,northdakota,0.0157342657342657
2020-07-12,northdakota,0.0132367632367632
2020-07-19,northdakota,0.00674325674325674
2020-07-26,northdakota,0.00774225774225774
2020-08-02,northdakota,0.00599400599400599
2020-08-09,northdakota,0.00599400599400599
2020-08-16,northdakota,0.00224775224775225
2020-08-23,northdakota,0.0034965034965035
2020-08-30,northdakota,0.001998001998002
2020-09-06,northdakota,0.000999000999000999
2020-09-13,northdakota,0.00174825174825175
2020-09-20,northdakota,0.000749250749250749
2020-09-27,northdakota,0.000749250749250749
2020-10-04,northdakota,0.000999000999000999
2020-10-11,northdakota,0.00024975024975025
2020-10-18,northdakota,0
2020-10-25,northdakota,0
2020-03-15,ohio,0
2020-03-22,ohio,0
2020-03-29,ohio,0
2020-04-05,ohio,0
2020-04-12,ohio,0
2020-04-19,ohio,0.487762237762238
2020-04-26,ohio,0.106893106893107
2020-05-03,ohio,0.0989010989010989
2020-05-10,ohio,0.0741758241758242
2020-05-17,ohio,0.0606893106893107
2020-05-24,ohio,0.0422077922077922
2020-05-31,ohio,0.0392107892107892
2020-06-07,ohio,0.024975024975025
2020-06-14,ohio,0.0192307692307692
2020-06-21,ohio,0.0104895104895105
2020-06-28,ohio,0.0117382617382617
2020-07-05,ohio,0.00774225774225774
2020-07-12,ohio,0.0054945054945055
2020-07-19,ohio,0.003996003996004
2020-07-26,ohio,0.001998001998002
2020-08-02,ohio,0.000999000999000999
2020-08-09,ohio,0.00224775224775225
2020-08-16,ohio,0
2020-08-23,ohio,0
2020-08-30,ohio,0.00024975024975025
2020-09-06,ohio,0
2020-09-13,ohio,0.00024975024975025
2020-09-20,ohio,0
2020-09-27,ohio,0.0004995004995005
2020-10-04,ohio,0.00024975024975025
2020-10-11,ohio,0
2020-10-18,ohio,0
2020-10-25,ohio,0
2020-03-15,oklahoma,0
2020-03-22,oklahoma,0
2020-03-29,oklahoma,0
2020-04-05,oklahoma,0.65984015984016
2020-04-12,oklahoma,0
2020-04-19,oklahoma,0.0916583416583417
2020-04-26,oklahoma,0.0949050949050949
2020-05-03,oklahoma,0.0671828171828172
2020-05-10,oklahoma,0.032967032967033
2020-05-17,oklahoma,0.0247252747252747
2020-05-24,oklahoma,0.0107392607392607
2020-05-31,oklahoma,0.00824175824175824
2020-06-07,oklahoma,0.0044955044955045
2020-06-14,oklahoma,0.001998001998002
2020-06-21,oklahoma,0.000999000999000999
2020-06-28,oklahoma,0.0014985014985015
2020-07-05,oklahoma,0.0004995004995005
2020-07-12,oklahoma,0
2020-07-19,oklahoma,0
2020-07-26,oklahoma,0
2020-08-02,oklahoma,0.00024975024975025
2020-08-09,oklahoma,0
2020-08-16,oklahoma,0
2020-08-23,oklahoma,0
2020-08-30,oklahoma,0
2020-09-06,oklahoma,0
2020-09-13,oklahoma,0
2020-09-20,oklahoma,0
2020-09-27,oklahoma,0
2020-10-04,oklahoma,0
2020-10-11,oklahoma,0
2020-10-18,oklahoma,0
2020-10-25,oklahoma,0
2020-03-15,oregon,0
2020-03-22,oregon,0
2020-03-29,oregon,0
2020-04-05,oregon,0
2020-04-12,oregon,0.600899100899101
2020-04-19,oregon,0.00799200799200799
2020-04-26,oregon,0.0317182817182817
2020-05-03,oregon,0.0477022977022977
2020-05-10,oregon,0.0427072927072927
2020-05-17,oregon,0.0482017982017982
2020-05-24,oregon,0.0434565434565435
2020-05-31,oregon,0.0352147852147852
2020-06-07,oregon,0.0332167832167832
2020-06-14,oregon,0.01998001998002
2020-06-21,oregon,0.018981018981019
2020-06-28,oregon,0.013986013986014
2020-07-05,oregon,0.011988011988012
2020-07-12,oregon,0.00974025974025974
2020-07-19,oregon,0.00949050949050949
2020-07-26,oregon,0.00624375624375624
2020-08-02,oregon,0.00574425574425574
2020-08-09,oregon,0.001998001998002
2020-08-16,oregon,0.0024975024975025
2020-08-23,oregon,0.00324675324675325
2020-08-30,oregon,0.00224775224775225
2020-09-06,oregon,0.000749250749250749
2020-09-13,oregon,0.00024975024975025
2020-09-20,oregon,0
2020-09-27,oregon,0.0004995004995005
2020-10-04,oregon,0.00024975024975025
2020-10-11,oregon,0.0004995004995005
2020-10-18,oregon,0.0004995004995005
2020-10-25,oregon,0
2020-03-15,pennsylvania,0
2020-03-22,pennsylvania,0
2020-03-29,pennsylvania,0
2020-04-05,pennsylvania,0.623376623376623
2020-04-12,pennsylvania,0
2020-04-19,pennsylvania,0.0699300699300699
2020-04-26,pennsylvania,0.125874125874126
2020-05-03,pennsylvania,0.0831668331668332
2020-05-10,pennsylvania,0.0437062937062937
2020-05-17,pennsylvania,0.026973026973027
2020-05-24,pennsylvania,0.0107392607392607
2020-05-31,pennsylvania,0.00749250749250749
2020-06-07,pennsylvania,0.00524475524475525
2020-06-14,pennsylvania,0.0014985014985015
2020-06-21,pennsylvania,0.000749250749250749
2020-06-28,pennsylvania,0.000749250749250749
2020-07-05,pennsylvania,0.00024975024975025
2020-07-12,pennsylvania,0.00024975024975025
2020-07-19,pennsylvania,0
2020-07-26,pennsylvania,0
2020-08-02,pennsylvania,0
2020-08-09,pennsylvania,0
2020-08-16,pennsylvania,0
2020-08-23,pennsylvania,0
2020-08-30,pennsylvania,0
2020-09-06,pennsylvania,0
2020-09-13,pennsylvania,0
2020-09-20,pennsylvania,0
2020-09-27,pennsylvania,0
2020-10-04,pennsylvania,0
2020-10-11,pennsylvania,0
2020-10-18,pennsylvania,0
2020-10-25,pennsylvania,0
2020-03-15,puertorico,0
2020-03-22,puertorico,0
2020-03-29,puertorico,0
2020-04-05,puertorico,0.764735264735265
2020-04-12,puertorico,0
2020-04-19,puertorico,0.0394605394605395
2020-04-26,puertorico,0.0704295704295704
2020-05-03,puertorico,0.0457042957042957
2020-05-10,puertorico,0.0314685314685315
2020-05-17,puertorico,0.0217282717282717
2020-05-24,puertorico,0.0117382617382617
2020-05-31,puertorico,0.00749250749250749
2020-06-07,puertorico,0.002997002997003
2020-06-14,puertorico,0.001998001998002
2020-06-21,puertorico,0.000999000999000999
2020-06-28,puertorico,0.000749250749250749
2020-07-05,puertorico,0.00024975024975025
2020-07-12,puertorico,0.00024975024975025
2020-07-19,puertorico,0
2020-07-26,puertorico,0
2020-08-02,puertorico,0
2020-08-09,puertorico,0
2020-08-16,puertorico,0
2020-08-23,puertorico,0
2020-08-30,puertorico,0
2020-09-06,puertorico,0
2020-09-13,puertorico,0
2020-09-20,puertorico,0
2020-09-27,puertorico,0
2020-10-04,puertorico,0
2020-10-11,puertorico,0
2020-10-18,puertorico,0
2020-10-25,puertorico,0
2020-03-15,rhodeisland,0
2020-03-22,rhodeisland,0
2020-03-29,rhodeisland,0
2020-04-05,rhodeisland,0
2020-04-12,rhodeisland,0.622377622377622
2020-04-19,rhodeisland,0.0337162837162837
2020-04-26,rhodeisland,0.0806693306693307
2020-05-03,rhodeisland,0.0831668331668332
2020-05-10,rhodeisland,0.0596903096903097
2020-05-17,rhodeisland,0.0506993006993007
2020-05-24,rhodeisland,0.0314685314685315
2020-05-31,rhodeisland,0.0192307692307692
2020-06-07,rhodeisland,0.00874125874125874
2020-06-14,rhodeisland,0.0054945054945055
2020-06-21,rhodeisland,0.0024975024975025
2020-06-28,rhodeisland,0.001998001998002
2020-07-05,rhodeisland,0.00024975024975025
2020-07-12,rhodeisland,0
2020-07-19,rhodeisland,0
2020-07-26,rhodeisland,0
2020-08-02,rhodeisland,0
2020-08-09,rhodeisland,0
2020-08-16,rhodeisland,0
2020-08-23,rhodeisland,0
2020-08-30,rhodeisland,0
2020-09-06,rhodeisland,0
2020-09-13,rhodeisland,0
2020-09-20,rhodeisland,0
2020-09-27,rhodeisland,0
2020-10-04,rhodeisland,0
2020-10-11,rhodeisland,0
2020-10-18,rhodeisland,0
2020-10-25,rhodeisland,0
2020-03-15,southcarolina,0
2020-03-22,southcarolina,0
2020-03-29,southcarolina,0
2020-04-05,southcarolina,0
2020-04-12,southcarolina,0.843156843156843
2020-04-19,southcarolina,0.0244755244755245
2020-04-26,southcarolina,0.0501998001998002
2020-05-03,southcarolina,0.0314685314685315
2020-05-10,southcarolina,0.0234765234765235
2020-05-17,southcarolina,0.00999000999000999
2020-05-24,southcarolina,0.00949050949050949
2020-05-31,southcarolina,0.002997002997003
2020-06-07,southcarolina,0.0014985014985015
2020-06-14,southcarolina,0.0014985014985015
2020-06-21,southcarolina,0.00174825174825175
2020-06-28,southcarolina,0
2020-07-05,southcarolina,0
2020-07-12,southcarolina,0
2020-07-19,southcarolina,0
2020-07-26,southcarolina,0
2020-08-02,southcarolina,0
2020-08-09,southcarolina,0
2020-08-16,southcarolina,0
2020-08-23,southcarolina,0
2020-08-30,southcarolina,0
2020-09-06,southcarolina,0
2020-09-13,southcarolina,0
2020-09-20,southcarolina,0
2020-09-27,southcarolina,0
2020-10-04,southcarolina,0
2020-10-11,southcarolina,0
2020-10-18,southcarolina,0
2020-10-25,southcarolina,0
2020-03-15,southdakota,0
2020-03-22,southdakota,0
2020-03-29,southdakota,0
2020-04-05,southdakota,0
2020-04-12,southdakota,0
2020-04-19,southdakota,0.0691808191808192
2020-04-26,southdakota,0.0554445554445555
2020-05-03,southdakota,0.0781718281718282
2020-05-10,southdakota,0.104145854145854
2020-05-17,southdakota,0.125374625374625
2020-05-24,southdakota,0.142857142857143
2020-05-31,southdakota,0.126123876123876
2020-06-07,southdakota,0.0891608391608392
2020-06-14,southdakota,0.0636863136863137
2020-06-21,southdakota,0.0462037962037962
2020-06-28,southdakota,0.0337162837162837
2020-07-05,southdakota,0.0184815184815185
2020-07-12,southdakota,0.0167332667332667
2020-07-19,southdakota,0.00824175824175824
2020-07-26,southdakota,0.00874125874125874
2020-08-02,southdakota,0.00474525474525475
2020-08-09,southdakota,0.00374625374625375
2020-08-16,southdakota,0.000999000999000999
2020-08-23,southdakota,0.00124875124875125
2020-08-30,southdakota,0.000749250749250749
2020-09-06,southdakota,0.000749250749250749
2020-09-13,southdakota,0.000999000999000999
2020-09-20,southdakota,0
2020-09-27,southdakota,0.00024975024975025
2020-10-04,southdakota,0
2020-10-11,southdakota,0.00024975024975025
2020-10-18,southdakota,0
2020-10-25,southdakota,0
2020-03-15,tennessee,0
2020-03-22,tennessee,0
2020-03-29,tennessee,0
2020-04-05,tennessee,0.905344655344655
2020-04-12,tennessee,0
2020-04-19,tennessee,0.016983016983017
2020-04-26,tennessee,0.0267232767232767
2020-05-03,tennessee,0.0202297702297702
2020-05-10,tennessee,0.0152347652347652
2020-05-17,tennessee,0.00824175824175824
2020-05-24,tennessee,0.00374625374625375
2020-05-31,tennessee,0.000749250749250749
2020-06-07,tennessee,0.001998001998002
2020-06-14,tennessee,0.00024975024975025
2020-06-21,tennessee,0.00024975024975025
2020-06-28,tennessee,0.00024975024975025
2020-07-05,tennessee,0
2020-07-12,tennessee,0
2020-07-19,tennessee,0
2020-07-26,tennessee,0
2020-08-02,tennessee,0
2020-08-09,tennessee,0
2020-08-16,tennessee,0
2020-08-23,tennessee,0
2020-08-30,tennessee,0
2020-09-06,tennessee,0
2020-09-13,tennessee,0
2020-09-20,tennessee,0
2020-09-27,tennessee,0
2020-10-04,tennessee,0
2020-10-11,tennessee,0
2020-10-18,tennessee,0
2020-10-25,tennessee,0
2020-03-15,texas,0
2020-03-22,texas,0
2020-03-29,texas,0
2020-04-05,texas,0
2020-04-12,texas,0.751998001998002
2020-04-19,texas,0.030969030969031
2020-04-26,texas,0.0784215784215784
2020-05-03,texas,0.0579420579420579
2020-05-10,texas,0.037962037962038
2020-05-17,texas,0.0222277722277722
2020-05-24,texas,0.00899100899100899
2020-05-31,texas,0.00574425574425574
2020-06-07,texas,0.00374625374625375
2020-06-14,texas,0.000749250749250749
2020-06-21,texas,0.000749250749250749
2020-06-28,texas,0.00024975024975025
2020-07-05,texas,0
2020-07-12,texas,0.00024975024975025
2020-07-19,texas,0
2020-07-26,texas,0
2020-08-02,texas,0
2020-08-09,texas,0
2020-08-16,texas,0
2020-08-23,texas,0
2020-08-30,texas,0
2020-09-06,texas,0
2020-09-13,texas,0
2020-09-20,texas,0
2020-09-27,texas,0
2020-10-04,texas,0
2020-10-11,texas,0
2020-10-18,texas,0
2020-10-25,texas,0
2020-03-15,utah,0
2020-03-22,utah,0
2020-03-29,utah,0
2020-04-05,utah,0
2020-04-12,utah,0.805444555444555
2020-04-19,utah,0.040959040959041
2020-04-26,utah,0.0462037962037962
2020-05-03,utah,0.0377122877122877
2020-05-10,utah,0.0232267732267732
2020-05-17,utah,0.018981018981019
2020-05-24,utah,0.0122377622377622
2020-05-31,utah,0.004995004995005
2020-06-07,utah,0.00374625374625375
2020-06-14,utah,0.0024975024975025
2020-06-21,utah,0.0024975024975025
2020-06-28,utah,0.0004995004995005
2020-07-05,utah,0.000749250749250749
2020-07-12,utah,0.00024975024975025
2020-07-19,utah,0
2020-07-26,utah,0
2020-08-02,utah,0
2020-08-09,utah,0
2020-08-16,utah,0
2020-08-23,utah,0
2020-08-30,utah,0
2020-09-06,utah,0
2020-09-13,utah,0
2020-09-20,utah,0
2020-09-27,utah,0
2020-10-04,utah,0
2020-10-11,utah,0
2020-10-18,utah,0
2020-10-25,utah,0
2020-03-15,vermont,0
2020-03-22,vermont,0
2020-03-29,vermont,0
2020-04-05,vermont,0.816183816183816
2020-04-12,vermont,0
2020-04-19,vermont,0.0584415584415584
2020-04-26,vermont,0.0626873126873127
2020-05-03,vermont,0.0262237762237762
2020-05-10,vermont,0.015984015984016
2020-05-17,vermont,0.0114885114885115
2020-05-24,vermont,0.00474525474525475
2020-05-31,vermont,0.00224775224775225
2020-06-07,vermont,0.0004995004995005
2020-06-14,vermont,0.00124875124875125
2020-06-21,vermont,0
2020-06-28,vermont,0.00024975024975025
2020-07-05,vermont,0
2020-07-12,vermont,0
2020-07-19,vermont,0
2020-07-26,vermont,0
2020-08-02,vermont,0
2020-08-09,vermont,0
2020-08-16,vermont,0
2020-08-23,vermont,0
2020-08-30,vermont,0
2020-09-06,vermont,0
2020-09-13,vermont,0
2020-09-20,vermont,0
2020-09-27,vermont,0
2020-10-04,vermont,0
2020-10-11,vermont,0
2020-10-18,vermont,0
2020-10-25,vermont,0
2020-03-15,virginia,0
2020-03-22,virginia,0
2020-03-29,virginia,0
2020-04-05,virginia,0
2020-04-12,virginia,0.499000999000999
2020-04-19,virginia,0.0976523476523477
2020-04-26,virginia,0.151848151848152
2020-05-03,virginia,0.105394605394605
2020-05-10,virginia,0.0651848151848152
2020-05-17,virginia,0.0392107892107892
2020-05-24,virginia,0.0187312687312687
2020-05-31,virginia,0.012987012987013
2020-06-07,virginia,0.00524475524475525
2020-06-14,virginia,0.00174825174825175
2020-06-21,virginia,0.00124875124875125
2020-06-28,virginia,0.00024975024975025
2020-07-05,virginia,0.00124875124875125
2020-07-12,virginia,0.00024975024975025
2020-07-19,virginia,0
2020-07-26,virginia,0
2020-08-02,virginia,0
2020-08-09,virginia,0
2020-08-16,virginia,0
2020-08-23,virginia,0
2020-08-30,virginia,0
2020-09-06,virginia,0
2020-09-13,virginia,0
2020-09-20,virginia,0
2020-09-27,virginia,0
2020-10-04,virginia,0
2020-10-11,virginia,0
2020-10-18,virginia,0
2020-10-25,virginia,0
2020-03-15,virginislands,0
2020-03-22,virginislands,0
2020-03-29,virginislands,0.691308691308691
2020-04-05,virginislands,0
2020-04-12,virginislands,0
2020-04-19,virginislands,0.0599400599400599
2020-04-26,virginislands,0.0874125874125874
2020-05-03,virginislands,0.0599400599400599
2020-05-10,virginislands,0.0402097902097902
2020-05-17,virginislands,0.023976023976024
2020-05-24,virginislands,0.0124875124875125
2020-05-31,virginislands,0.00999000999000999
2020-06-07,virginislands,0.00624375624375624
2020-06-14,virginislands,0.001998001998002
2020-06-21,virginislands,0.00224775224775225
2020-06-28,virginislands,0.000999000999000999
2020-07-05,virginislands,0.001998001998002
2020-07-12,virginislands,0.000749250749250749
2020-07-19,virginislands,0
2020-07-26,virginislands,0.0004995004995005
2020-08-02,virginislands,0
2020-08-09,virginislands,0
2020-08-16,virginislands,0
2020-08-23,virginislands,0
2020-08-30,virginislands,0
2020-09-06,virginislands,0
2020-09-13,virginislands,0
2020-09-20,virginislands,0
2020-09-27,virginislands,0
2020-10-04,virginislands,0
2020-10-11,virginislands,0
2020-10-18,virginislands,0
2020-10-25,virginislands,0
2020-03-15,washington,0
2020-03-22,washington,0
2020-03-29,washington,0
2020-04-05,washington,0.993506493506494
2020-04-12,washington,0
2020-04-19,washington,0
2020-04-26,washington,0
2020-05-03,washington,0.000999000999000999
2020-05-10,washington,0.00174825174825175
2020-05-17,washington,0.00174825174825175
2020-05-24,washington,0.000999000999000999
2020-05-31,washington,0.00024975024975025
2020-06-07,washington,0
2020-06-14,washington,0.0004995004995005
2020-06-21,washington,0
2020-06-28,washington,0.00024975024975025
2020-07-05,washington,0
2020-07-12,washington,0
2020-07-19,washington,0
2020-07-26,washington,0
2020-08-02,washington,0
2020-08-09,washington,0
2020-08-16,washington,0
2020-08-23,washington,0
2020-08-30,washington,0
2020-09-06,washington,0
2020-09-13,washington,0
2020-09-20,washington,0
2020-09-27,washington,0
2020-10-04,washington,0
2020-10-11,washington,0
2020-10-18,washington,0
2020-10-25,washington,0
2020-03-15,westvirginia,0
2020-03-22,westvirginia,0
2020-03-29,westvirginia,0
2020-04-05,westvirginia,0
2020-04-12,westvirginia,0.713786213786214
2020-04-19,westvirginia,0.0694305694305694
2020-04-26,westvirginia,0.0891608391608392
2020-05-03,westvirginia,0.056943056943057
2020-05-10,westvirginia,0.0317182817182817
2020-05-17,westvirginia,0.0157342657342657
2020-05-24,westvirginia,0.0104895104895105
2020-05-31,westvirginia,0.00424575424575425
2020-06-07,westvirginia,0.0034965034965035
2020-06-14,westvirginia,0.00274725274725275
2020-06-21,westvirginia,0.00174825174825175
2020-06-28,westvirginia,0
2020-07-05,westvirginia,0.00024975024975025
2020-07-12,westvirginia,0
2020-07-19,westvirginia,0
2020-07-26,westvirginia,0
2020-08-02,westvirginia,0
2020-08-09,westvirginia,0
2020-08-16,westvirginia,0
2020-08-23,westvirginia,0.00024975024975025
2020-08-30,westvirginia,0
2020-09-06,westvirginia,0
2020-09-13,westvirginia,0
2020-09-20,westvirginia,0
2020-09-27,westvirginia,0
2020-10-04,westvirginia,0
2020-10-11,westvirginia,0
2020-10-18,westvirginia,0
2020-10-25,westvirginia,0
2020-03-15,wisconsin,0
2020-03-22,wisconsin,0
2020-03-29,wisconsin,0
2020-04-05,wisconsin,0
2020-04-12,wisconsin,0.783966033966034
2020-04-19,wisconsin,0.0467032967032967
2020-04-26,wisconsin,0.0709290709290709
2020-05-03,wisconsin,0.0414585414585415
2020-05-10,wisconsin,0.0227272727272727
2020-05-17,wisconsin,0.0147352647352647
2020-05-24,wisconsin,0.00799200799200799
2020-05-31,wisconsin,0.00624375624375624
2020-06-07,wisconsin,0.0024975024975025
2020-06-14,wisconsin,0.00174825174825175
2020-06-21,wisconsin,0.0004995004995005
2020-06-28,wisconsin,0.00024975024975025
2020-07-05,wisconsin,0
2020-07-12,wisconsin,0.00024975024975025
2020-07-19,wisconsin,0
2020-07-26,wisconsin,0
2020-08-02,wisconsin,0
2020-08-09,wisconsin,0
2020-08-16,wisconsin,0
2020-08-23,wisconsin,0
2020-08-30,wisconsin,0
2020-09-06,wisconsin,0
2020-09-13,wisconsin,0
2020-09-20,wisconsin,0
2020-09-27,wisconsin,0
2020-10-04,wisconsin,0
2020-10-11,wisconsin,0
2020-10-18,wisconsin,0
2020-10-25,wisconsin,0
2020-03-15,wyoming,0
2020-03-22,wyoming,0
2020-03-29,wyoming,0
2020-04-05,wyoming,0.642357642357642
2020-04-12,wyoming,0
2020-04-19,wyoming,0.0621878121878122
2020-04-26,wyoming,0.0946553446553447
2020-05-03,wyoming,0.0691808191808192
2020-05-10,wyoming,0.0382117882117882
2020-05-17,wyoming,0.025974025974026
2020-05-24,wyoming,0.0214785214785215
2020-05-31,wyoming,0.0167332667332667
2020-06-07,wyoming,0.00999000999000999
2020-06-14,wyoming,0.00774225774225774
2020-06-21,wyoming,0.0044955044955045
2020-06-28,wyoming,0.00274725274725275
2020-07-05,wyoming,0.00124875124875125
2020-07-12,wyoming,0.000749250749250749
2020-07-19,wyoming,0.00024975024975025
2020-07-26,wyoming,0.0004995004995005
2020-08-02,wyoming,0.0004995004995005
2020-08-09,wyoming,0.0004995004995005
2020-08-16,wyoming,0
2020-08-23,wyoming,0
2020-08-30,wyoming,0.00024975024975025
2020-09-06,wyoming,0
2020-09-13,wyoming,0.00024975024975025
2020-09-20,wyoming,0
2020-09-27,wyoming,0
2020-10-04,wyoming,0
2020-10-11,wyoming,0
2020-10-18,wyoming,0
2020-10-25,wyoming,0
