"location_name","peak_bed_day_lower","peak_bed_day_upper","peak_icu_bed_day_lower","peak_icu_bed_day_upper","peak_vent_day_lower","peak_vent_day_upper","peak_bed_day_mean","peak_icu_bed_day_mean","peak_vent_day_mean","all_bed_capacity","icu_bed_capacity","all_bed_usage","icu_bed_usage","available_all_nbr","available_icu_nbr","all_non-ess_business_start_date","any_business_start_date","any_gathering_restrict_start_date","educational_fac_start_date","stay_home_start_date","travel_limit_start_date","all_non-ess_business_end_date","any_business_end_date","any_gathering_restrict_end_date","educational_fac_end_date","stay_home_end_date","travel_limit_end_date"
"Abruzzo","2020-03-29","2020-03-31","2020-03-29","2020-03-31","2020-03-29","2020-03-30","2020-03-30","2020-03-30","2020-03-30",4357,158,3464,122,893,36,"2020-03-11","2020-03-11","2020-03-11","2020-03-05","2020-03-11","2020-03-22","2020-04-14",,,,,"2020-05-04"
"Alabama","2020-04-28","2020-07-06","2020-04-28","2020-07-05","2020-04-28","2020-07-04","2020-06-25","2020-06-26","2020-06-26",17537,1525,11793,1050,5744,475,"2020-03-28","2020-03-19","2020-03-19","2020-03-19","2020-04-04",,"2020-04-30",,,,"2020-04-30",
"Alaska","2020-04-02","2020-04-02","2020-04-05","2020-04-05","2020-04-05","2020-04-05","2020-04-02","2020-04-05","2020-04-05",2034,169,1351,115,683,54,"2020-03-28","2020-03-17","2020-03-24","2020-03-16","2020-03-28","2020-03-28","2020-04-24",,,,"2020-04-24","2020-04-24"
"Alberta","2020-04-26","2020-05-16","2020-04-26","2020-05-17","2020-04-26","2020-05-16","2020-05-06","2020-05-08","2020-05-07",,,,,,,,"2020-03-18","2020-03-12","2020-03-16",,,,,,,,
"Andalucia","2020-04-05","2020-04-07","2020-04-06","2020-04-07","2020-04-06","2020-04-06","2020-04-06","2020-04-06","2020-04-06",,,,,,,"2020-03-15","2020-03-15","2020-03-15","2020-03-14","2020-03-15",,"2020-04-13",,,,,
"Aragon","2020-04-02","2020-04-08","2020-04-06","2020-04-08","2020-04-06","2020-04-08","2020-04-04","2020-04-07","2020-04-07",,,,,,,"2020-03-15","2020-03-15","2020-03-15","2020-03-14","2020-03-15",,"2020-04-13",,,,,
"Arizona","2020-04-18","2020-05-26","2020-04-19","2020-05-27","2020-04-19","2020-05-26","2020-05-05","2020-05-10","2020-05-08",16342,1440,10324,932,6018,508,,,"2020-03-30","2020-03-16","2020-03-30",,,,,,,
"Arkansas","2020-04-26","2020-06-04","2020-04-27","2020-06-05","2020-04-27","2020-06-05","2020-04-30","2020-05-06","2020-04-29",11243,914,6237,519,5006,395,,"2020-03-19","2020-03-27","2020-03-17",,,,,,,,
"Asturias","2020-04-08","2020-05-02","2020-04-09","2020-05-01","2020-04-09","2020-05-01","2020-04-10","2020-04-10","2020-04-10",,,,,,,"2020-03-15","2020-03-15","2020-03-15","2020-03-14","2020-03-15",,"2020-04-13",,,,,
"Austria","2020-04-06","2020-05-04","2020-04-07","2020-05-07","2020-04-07","2020-05-06","2020-04-07","2020-04-07","2020-04-07",65384,1892,52729,1477,12655,415,"2020-03-16","2020-03-16","2020-03-10","2020-03-16","2020-03-16",,"2020-04-13",,,,"2020-05-01",
"Baden-Wurttemberg","2020-04-13","2020-05-03","2020-04-14","2020-05-02","2020-04-14","2020-05-02","2020-04-15","2020-04-15","2020-04-15",,,,,,,"2020-03-21","2020-03-21","2020-03-21","2020-03-17","2020-03-21",,"2020-04-20",,,,,
"Balearic Islands","2020-03-30","2020-04-14","2020-04-11","2020-04-13","2020-03-31","2020-04-13","2020-04-13","2020-04-12","2020-04-12",,,,,,,"2020-03-15","2020-03-15","2020-03-15","2020-03-14","2020-03-15",,"2020-04-13",,,,,
"Basilicata","2020-03-27","2020-04-14","2020-03-27","2020-04-14","2020-03-27","2020-04-14","2020-03-28","2020-04-06","2020-03-27",1902,64,1483,49,419,15,"2020-03-11","2020-03-11","2020-03-11","2020-03-05","2020-03-11","2020-03-22","2020-04-14",,,,,"2020-05-04"
"Basque Country","2020-04-05","2020-04-09","2020-04-06","2020-04-08","2020-04-06","2020-04-08","2020-04-07","2020-04-07","2020-04-07",,,,,,,"2020-03-15","2020-03-15","2020-03-15","2020-03-14","2020-03-15",,"2020-04-13",,,,,
"Bavaria","2020-04-14","2020-05-03","2020-04-15","2020-05-06","2020-04-15","2020-05-06","2020-04-15","2020-04-15","2020-04-15",,,,,,,"2020-03-21","2020-03-17","2020-03-21","2020-03-16","2020-03-21",,"2020-04-20",,,,,
"Belgium","2020-04-10","2020-05-09","2020-04-11","2020-05-09","2020-04-11","2020-05-09","2020-04-11","2020-04-12","2020-04-11",66839,2075,54225,1631,12614,444,"2020-03-18","2020-03-13","2020-03-13","2020-03-14","2020-03-18",,"2020-05-11",,,,,
"Berlin","2020-04-14","2020-05-09","2020-04-26","2020-05-10","2020-04-26","2020-05-10","2020-05-01","2020-05-01","2020-05-01",,,,,,,"2020-03-23","2020-03-14","2020-03-23","2020-03-23","2020-03-23",,"2020-04-20",,,,,
"Brandenburg","2020-04-21","2020-05-03","2020-04-21","2020-05-02","2020-04-21","2020-05-02","2020-04-22","2020-04-22","2020-04-22",,,,,,,"2020-03-17","2020-03-17","2020-03-17","2020-03-18","2020-03-17",,"2020-04-20",,,,,
"Bremen","2020-03-31","2020-05-11","2020-04-09","2020-05-11","2020-04-09","2020-05-11","2020-04-13","2020-04-09","2020-04-09",,,,,,,"2020-03-20","2020-03-20","2020-03-22","2020-03-16","2020-03-22",,"2020-04-20",,,,,
"British Columbia","2020-04-08","2020-05-17","2020-04-09","2020-05-18","2020-04-09","2020-05-17","2020-04-10","2020-04-10","2020-04-10",,,,,,,,"2020-03-20","2020-03-16","2020-03-17",,,,,,,,
"Bulgaria","2020-04-17","2020-05-09","2020-04-26","2020-05-10","2020-04-26","2020-05-10","2020-05-01","2020-04-30","2020-04-30",47564,2118,33863,1202,13701,916,"2020-03-13","2020-03-13","2020-03-13","2020-03-13","2020-03-17","2020-03-21","2020-05-04",,,,,
"Calabria","2020-03-29","2020-03-31","2020-03-29","2020-04-02","2020-03-29","2020-03-30","2020-03-30","2020-03-30","2020-03-30",6591,219,5114,167,1477,52,"2020-03-11","2020-03-11","2020-03-11","2020-03-05","2020-03-11","2020-03-22","2020-04-14",,,,,"2020-05-04"
"California","2020-04-19","2020-05-14","2020-04-23","2020-05-13","2020-04-22","2020-05-13","2020-04-30","2020-04-30","2020-04-30",85724,6783,59070,4789,26654,1994,"2020-03-19","2020-03-19","2020-03-11","2020-03-19","2020-03-19",,,,,,,
"Campania","2020-03-25","2020-03-30","2020-03-30","2020-04-01","2020-03-29","2020-03-31","2020-03-27","2020-03-31","2020-03-30",19816,648,15293,492,4523,156,"2020-03-11","2020-03-11","2020-03-11","2020-03-05","2020-03-11","2020-03-22","2020-04-14",,,,,"2020-05-04"
"Canada","2020-04-26","2020-05-11","2020-04-26","2020-05-12","2020-04-26","2020-05-12","2020-05-03","2020-05-04","2020-05-04",101763,4265,92872,3745,8891,520,,,"2020-03-23","2020-03-23",,,,,,,,
"Canary Islands","2020-03-28","2020-03-30","2020-03-28","2020-03-30","2020-03-28","2020-03-30","2020-03-29","2020-03-30","2020-03-28",,,,,,,"2020-03-15","2020-03-15","2020-03-15","2020-03-14","2020-03-15",,"2020-04-13",,,,,
"Cantabria","2020-03-30","2020-04-12","2020-04-06","2020-04-12","2020-03-31","2020-04-12","2020-04-01","2020-04-09","2020-04-09",,,,,,,"2020-03-15","2020-03-15","2020-03-15","2020-03-14","2020-03-15",,"2020-04-13",,,,,
"Castile and Leon","2020-03-30","2020-04-01","2020-04-01","2020-04-02","2020-03-31","2020-04-01","2020-03-31","2020-04-01","2020-04-01",,,,,,,"2020-03-15","2020-03-15","2020-03-15","2020-03-14","2020-03-15",,"2020-04-13",,,,,
"Castilla-La Mancha","2020-03-29","2020-04-08","2020-04-05","2020-04-07","2020-04-05","2020-04-07","2020-03-30","2020-04-06","2020-04-06",,,,,,,"2020-03-15","2020-03-15","2020-03-15","2020-03-14","2020-03-15",,"2020-04-13",,,,,
"Catalonia","2020-03-28","2020-03-30","2020-03-29","2020-03-30","2020-03-29","2020-03-30","2020-03-29","2020-03-30","2020-03-29",,,,,,,"2020-03-15","2020-03-12","2020-03-11","2020-03-14","2020-03-15",,,,,,,
"Ceuta","2020-03-30","2020-03-30","2020-04-02","2020-04-02","2020-04-02","2020-04-02","2020-03-30","2020-04-02","2020-04-02",,,,,,,"2020-03-15","2020-03-15","2020-03-15","2020-03-14","2020-03-15",,"2020-04-13",,,,,
"Colorado","2020-04-21","2020-04-22","2020-04-21","2020-04-22","2020-04-21","2020-04-22","2020-04-22","2020-04-22","2020-04-21",12485,1484,7633,929,4852,555,"2020-03-26","2020-03-17","2020-03-19","2020-03-23","2020-03-26",,"2020-04-27",,,,"2020-04-27",
"Community of Madrid","2020-03-25","2020-03-28","2020-03-27","2020-03-29","2020-03-27","2020-03-28","2020-03-27","2020-03-28","2020-03-27",,,,,,,"2020-03-13","2020-03-13","2020-03-15","2020-03-11","2020-03-15",,"2020-04-13",,,,,
"Connecticut","2020-04-18","2020-05-02","2020-04-20","2020-05-02","2020-04-20","2020-05-02","2020-04-20","2020-04-21","2020-04-21",8501,537,6762,437,1739,100,"2020-03-23","2020-03-16","2020-03-12","2020-03-17",,,,,,,,
"Croatia","2020-04-26","2020-05-04","2020-04-26","2020-05-07","2020-04-26","2020-05-04","2020-04-28","2020-04-29","2020-04-29",22926,783,19102,597,3824,186,"2020-03-19","2020-03-19","2020-03-09","2020-03-16","2020-03-17","2020-03-23",,,,,,
"Cyprus","2020-03-25","2020-03-28","2020-03-24","2020-03-28","2020-03-24","2020-03-28","2020-03-25","2020-03-28","2020-03-24",4049,109,3322,87,727,22,"2020-03-24","2020-03-24","2020-03-24","2020-03-13","2020-03-24",,"2020-05-04",,,,"2020-05-04",
"Czechia","2020-04-06","2020-04-08","2020-04-08","2020-04-10","2020-04-07","2020-04-09","2020-04-08","2020-04-08","2020-04-08",71099,1461,51757,839,19342,622,"2020-03-14","2020-03-10","2020-03-10","2020-03-10","2020-03-16",,"2020-04-20",,,,"2020-04-20",
"Delaware","2020-04-26","2020-05-26","2020-04-28","2020-05-27","2020-04-28","2020-05-26","2020-05-03","2020-05-04","2020-05-04",2633,166,1937,125,696,41,"2020-03-24","2020-03-16","2020-03-16","2020-03-16","2020-03-24",,,,,,,
"Denmark","2020-04-03","2020-05-23","2020-04-04","2020-05-24","2020-04-04","2020-05-23","2020-04-04","2020-04-05","2020-04-04",16884,419,14274,342,2610,77,,"2020-03-18","2020-03-18","2020-03-16",,,,,,,,
"District of Columbia","2020-04-26","2020-05-13","2020-04-26","2020-05-13","2020-04-26","2020-05-12","2020-05-01","2020-05-03","2020-05-02",3939,256,2845,189,1094,67,"2020-03-25","2020-03-16","2020-03-13","2020-03-16","2020-03-30",,,,,,,
"Emilia-Romagna","2020-03-24","2020-03-29","2020-03-26","2020-03-29","2020-03-26","2020-03-29","2020-03-27","2020-03-28","2020-03-27",14970,559,11988,436,2982,123,"2020-03-11","2020-03-07","2020-03-07","2020-03-01","2020-03-11","2020-03-22","2020-04-14",,,,,"2020-05-04"
"Estonia","2020-04-03","2020-05-05","2020-04-12","2020-05-11","2020-04-12","2020-05-08","2020-04-13","2020-04-12","2020-04-12",6472,159,4633,87,1839,72,,"2020-03-13","2020-03-13","2020-03-16",,,,,,,,
"Extremadura","2020-03-29","2020-03-31","2020-03-31","2020-04-01","2020-03-30","2020-03-31","2020-03-30","2020-03-31","2020-03-31",,,,,,,"2020-03-15","2020-03-15","2020-03-15","2020-03-14","2020-03-15",,"2020-04-13",,,,,
"Finland","2020-04-20","2020-05-03","2020-04-20","2020-05-02","2020-04-20","2020-05-02","2020-04-20","2020-04-20","2020-04-20",26951,351,22058,278,4893,73,"2020-04-04","2020-03-18","2020-03-12","2020-03-18",,"2020-03-25",,,,,,
"Florida","2020-04-26","2020-06-21","2020-04-26","2020-06-20","2020-04-26","2020-06-20","2020-04-30","2020-04-30","2020-04-30",60546,5351,40362,3655,20184,1696,,"2020-03-17","2020-04-03","2020-03-17","2020-04-03",,,,,,"2020-05-04",
"France","2020-04-02","2020-05-02","2020-04-04","2020-05-01","2020-04-03","2020-05-01","2020-04-03","2020-04-04","2020-04-04",414997,6661,317259,4833,97738,1828,"2020-03-15","2020-03-15","2020-03-04","2020-03-13","2020-03-18","2020-03-17",,,,,,
"Friuli-Venezia Giulia","2020-03-29","2020-05-03","2020-03-29","2020-05-03","2020-03-29","2020-05-02","2020-03-29","2020-03-29","2020-03-29",4021,147,3202,114,819,33,"2020-03-11","2020-03-11","2020-03-11","2020-03-05","2020-03-11","2020-03-22","2020-04-14",,,,,"2020-05-04"
"Galicia","2020-04-01","2020-04-03","2020-04-02","2020-04-03","2020-04-02","2020-04-03","2020-04-02","2020-04-03","2020-04-02",,,,,,,"2020-03-15","2020-03-15","2020-03-15","2020-03-14","2020-03-15",,"2020-04-13",,,,,
"Georgia","2020-04-28","2020-06-09","2020-04-28","2020-06-10","2020-04-28","2020-06-09","2020-05-28","2020-05-31","2020-05-30",28928,2182,20605,1592,8323,590,,"2020-03-24","2020-03-24","2020-03-18","2020-04-03",,,,,,"2020-05-01",
"Germany","2020-04-15","2020-05-03","2020-04-16","2020-05-03","2020-04-15","2020-05-02","2020-04-16","2020-04-16","2020-04-16",675436,27247,542387,22045,133049,5202,,,,,,,,,,,,
"Greece","2020-03-31","2020-04-03","2020-04-01","2020-04-03","2020-03-31","2020-04-02","2020-04-01","2020-04-01","2020-04-01",44304,666,32491,460,11813,206,"2020-03-22","2020-03-12","2020-03-08","2020-03-11","2020-03-23","2020-03-23","2020-05-04",,,,"2020-05-04",
"Hamburg","2020-04-22","2020-05-04","2020-04-22","2020-05-06","2020-04-22","2020-05-05","2020-04-23","2020-04-23","2020-04-23",,,,,,,,"2020-03-15","2020-03-22","2020-03-16","2020-03-22",,,,,,,
"Hawaii","2020-04-07","2020-05-03","2020-04-07","2020-05-03","2020-04-07","2020-05-03","2020-04-24","2020-05-02","2020-04-25",3467,173,2510,128,957,45,"2020-03-25","2020-03-17","2020-03-17","2020-03-19","2020-03-25",,"2020-05-01",,,,,
"Hesse","2020-04-15","2020-05-11","2020-04-16","2020-05-12","2020-04-16","2020-05-11","2020-04-16","2020-04-16","2020-04-16",,,,,,,,"2020-03-15","2020-03-22","2020-03-16","2020-03-22",,,,,,,
"Hungary","2020-04-16","2020-05-07","2020-04-18","2020-05-09","2020-04-18","2020-05-08","2020-04-18","2020-04-19","2020-04-19",67507,1535,48717,887,18790,648,"2020-03-16","2020-03-12","2020-03-12","2020-03-16","2020-03-28",,"2020-05-04",,,,"2020-05-04",
"Iceland","2020-03-27","2020-06-02","2020-03-30","2020-06-03","2020-03-30","2020-06-02","2020-05-16","2020-05-14","2020-05-14",1151,33,953,26,198,7,,"2020-03-24","2020-03-16","2020-03-16",,,,,,"2020-05-04",,
"Idaho","2020-04-10","2020-04-12","2020-04-11","2020-04-12","2020-04-11","2020-04-11","2020-04-11","2020-04-11","2020-04-11",3951,338,2133,187,1818,151,"2020-03-25","2020-03-25","2020-03-25","2020-03-23","2020-03-25",,"2020-05-01",,"2020-05-01",,"2020-05-01",
"Illinois","2020-04-27","2020-05-24","2020-04-29","2020-05-23","2020-04-28","2020-05-23","2020-05-03","2020-05-04","2020-05-04",36072,2910,21520,1779,14552,1131,"2020-03-21","2020-03-16","2020-03-13","2020-03-17","2020-03-21",,"2020-05-01",,,,,
"Indiana","2020-04-29","2020-06-09","2020-04-29","2020-06-10","2020-04-29","2020-06-09","2020-05-05","2020-05-08","2020-05-07",20450,1763,11965,1057,8485,706,"2020-03-24","2020-03-16","2020-03-12","2020-03-19","2020-03-25",,"2020-05-05",,,,"2020-05-05",
"Iowa","2020-04-27","2020-06-21","2020-04-28","2020-06-21","2020-04-28","2020-06-21","2020-06-08","2020-06-08","2020-06-08",9866,584,5569,337,4297,247,"2020-03-17","2020-03-17","2020-03-17","2020-04-04",,,"2020-05-01",,,,,
"Ireland","2020-04-21","2020-05-03","2020-04-22","2020-05-02","2020-04-22","2020-05-02","2020-04-22","2020-04-22","2020-04-22",16146,281,14897,251,1249,30,"2020-03-24","2020-03-15","2020-03-12","2020-03-12","2020-03-27",,,,,,"2020-05-05",
"Italy","2020-03-27","2020-03-28","2020-03-28","2020-03-29","2020-03-28","2020-03-28","2020-03-28","2020-03-29","2020-03-28",202329,7162,159602,5528,42727,1634,,,,,,,,,,,,
"Kansas","2020-04-09","2020-05-04","2020-04-12","2020-05-02","2020-04-11","2020-05-02","2020-04-14","2020-04-17","2020-04-17",11329,678,6518,399,4811,279,,,"2020-03-17","2020-03-17","2020-03-30",,,,,,"2020-05-04",
"Kentucky","2020-04-17","2020-05-14","2020-04-18","2020-05-14","2020-04-18","2020-05-14","2020-04-19","2020-04-19","2020-04-19",16156,1215,9946,766,6210,449,"2020-03-26","2020-03-16","2020-03-19","2020-03-20",,,"2020-05-11",,,,,
"King and Snohomish Counties (excluding Life Care Center), WA","2020-04-04","2020-04-06","2020-04-05","2020-04-06","2020-04-04","2020-04-06","2020-04-05","2020-04-05","2020-04-05",,,,,,,,,,,,,,,,,,
"La Rioja","2020-04-04","2020-04-07","2020-04-05","2020-04-07","2020-04-05","2020-04-06","2020-04-06","2020-04-06","2020-04-05",,,,,,,"2020-03-15","2020-03-15","2020-03-15","2020-03-14","2020-03-15",,"2020-04-13",,,,,
"Latvia","2020-04-20","2020-05-27","2020-04-26","2020-05-29","2020-04-26","2020-05-26","2020-04-26","2020-04-26","2020-04-26",11202,197,8181,115,3021,82,,,"2020-03-13","2020-03-12",,,,,,,,
"Lazio","2020-03-27","2020-05-02","2020-03-29","2020-05-02","2020-03-29","2020-05-01","2020-03-29","2020-03-31","2020-03-31",18890,704,15116,548,3774,156,"2020-03-11","2020-03-11","2020-03-11","2020-03-05","2020-03-11","2020-03-22","2020-04-14",,,,,"2020-05-04"
"Life Care Center, Kirkland, WA","2020-03-02","2020-03-04","2020-03-04","2020-03-04","2020-03-04","2020-03-04","2020-03-04","2020-03-04","2020-03-04",,,,,,,,,,,,,,,,,,
"Liguria","2020-03-25","2020-04-18","2020-03-28","2020-04-18","2020-03-26","2020-04-18","2020-03-26","2020-04-02","2020-03-28",5112,188,4076,146,1036,42,"2020-03-11","2020-03-11","2020-03-11","2020-03-05","2020-03-11","2020-03-22","2020-04-14",,,,,"2020-05-04"
"Lithuania","2020-04-10","2020-04-12","2020-04-10","2020-04-12","2020-04-10","2020-04-12","2020-04-12","2020-04-12","2020-04-12",18674,474,14026,291,4648,183,"2020-03-15","2020-03-14","2020-03-15","2020-03-16","2020-03-15",,"2020-04-15",,,,,
"Lombardia","2020-03-26","2020-03-28","2020-03-27","2020-03-28","2020-03-27","2020-03-27","2020-03-27","2020-03-27","2020-03-27",32971,1233,26407,961,6564,272,"2020-03-08","2020-02-22","2020-02-22","2020-03-01","2020-03-08","2020-03-08","2020-04-14",,,,,"2020-05-04"
"Louisiana","2020-04-12","2020-04-19","2020-04-13","2020-04-20","2020-04-13","2020-04-14","2020-04-13","2020-04-13","2020-04-13",18060,1242,10855,765,7205,477,"2020-03-22","2020-03-17","2020-03-13","2020-03-16","2020-03-23",,,,,,,
"Lower Saxony","2020-04-10","2020-05-03","2020-04-12","2020-05-02","2020-04-12","2020-05-02","2020-04-12","2020-04-13","2020-04-13",,,,,,,"2020-03-27","2020-03-27","2020-03-23","2020-03-16","2020-03-23",,"2020-04-20",,,,,
"Luxembourg","2020-04-06","2020-04-08","2020-04-07","2020-04-08","2020-04-07","2020-04-08","2020-04-08","2020-04-08","2020-04-08",3061,132,2193,82,868,50,"2020-03-18","2020-03-18","2020-03-13","2020-03-16",,,"2020-04-20",,,,,
"Maine","2020-04-15","2020-05-03","2020-04-20","2020-05-02","2020-04-20","2020-05-02","2020-04-22","2020-04-22","2020-04-22",3814,244,2752,180,1062,64,"2020-03-25","2020-03-18","2020-03-18","2020-03-16","2020-04-02",,"2020-05-01",,,,"2020-05-01",
"Marche","2020-03-26","2020-03-30","2020-03-29","2020-03-30","2020-03-28","2020-03-30","2020-03-28","2020-03-29","2020-03-29",5229,185,4127,142,1102,43,"2020-03-11","2020-03-07","2020-03-07","2020-03-05","2020-03-11","2020-03-22","2020-04-14",,,,,"2020-05-04"
"Maryland","2020-04-20","2020-05-04","2020-04-28","2020-05-09","2020-04-28","2020-05-05","2020-05-01","2020-04-30","2020-04-30",14350,1030,10389,764,3961,266,"2020-03-23","2020-03-16","2020-03-16","2020-03-16","2020-03-30",,,,,,,
"Massachusetts","2020-04-21","2020-05-06","2020-04-26","2020-05-06","2020-04-26","2020-05-06","2020-04-30","2020-04-30","2020-04-30",20197,1250,15348,973,4849,277,"2020-03-24","2020-03-17","2020-03-13","2020-03-17",,,,,,,,
"Mecklenburg-Vorpommern","2020-04-26","2020-05-03","2020-04-26","2020-05-05","2020-04-26","2020-05-05","2020-04-29","2020-04-28","2020-04-28",,,,,,,"2020-03-18","2020-03-18","2020-03-23","2020-03-16","2020-03-23",,"2020-04-20",,,,,
"Melilla","2020-02-04","2020-06-05","2020-02-04","2020-06-06","2020-02-04","2020-06-05","2020-05-29","2020-05-30","2020-05-30",,,,,,,"2020-03-15","2020-03-15","2020-03-15","2020-03-14","2020-03-15",,"2020-04-13",,,,,
"Michigan","2020-04-11","2020-05-10","2020-04-19","2020-05-11","2020-04-18","2020-05-11","2020-04-21","2020-04-21","2020-04-21",28300,2164,18145,1421,10155,743,"2020-03-23","2020-03-16","2020-03-13","2020-03-16","2020-03-24",,"2020-05-07",,,,,
"Minnesota","2020-04-26","2020-05-27","2020-04-26","2020-05-26","2020-04-26","2020-05-26","2020-05-14","2020-05-14","2020-05-14",15196,1140,10212,785,4984,355,,"2020-03-17","2020-03-28","2020-03-18","2020-03-28",,,,,,,
"Mississippi","2020-04-17","2020-05-11","2020-04-17","2020-05-13","2020-04-17","2020-05-12","2020-04-18","2020-04-18","2020-04-18",14005,862,8272,521,5733,341,"2020-04-03","2020-03-24","2020-03-24","2020-03-19","2020-04-03",,"2020-04-27",,,,"2020-04-27",
"Missouri","2020-04-23","2020-06-24","2020-04-23","2020-06-24","2020-04-23","2020-06-23","2020-04-23","2020-04-24","2020-04-23",21575,1586,13642,1027,7933,559,,"2020-03-23","2020-03-23","2020-03-23","2020-04-06",,,"2020-05-04","2020-05-04",,"2020-05-04",
"Molise","2020-03-19","2020-03-19","2020-03-19","2020-03-19","2020-03-19","2020-03-19","2020-03-19","2020-03-19","2020-03-19",1025,35,801,26,224,9,"2020-03-11","2020-03-11","2020-03-11","2020-03-05","2020-03-11","2020-03-22","2020-04-14",,,,,"2020-05-04"
"Montana","2020-04-18","2020-04-19","2020-04-19","2020-04-19","2020-04-18","2020-04-19","2020-04-19","2020-04-19","2020-04-19",4145,219,2475,134,1670,85,"2020-03-26","2020-03-20","2020-03-24","2020-03-15","2020-03-26",,"2020-04-27",,,,"2020-04-26",
"Murcia","2020-04-02","2020-04-04","2020-04-03","2020-04-04","2020-04-03","2020-04-04","2020-04-03","2020-04-04","2020-04-03",,,,,,,"2020-03-15","2020-03-15","2020-03-15","2020-03-14","2020-03-15",,"2020-04-13",,,,,
"Navarre","2020-04-14","2020-04-15","2020-04-15","2020-04-15","2020-04-15","2020-04-15","2020-04-15","2020-04-15","2020-04-15",,,,,,,"2020-03-15","2020-03-15","2020-03-15","2020-03-14","2020-03-15",,"2020-04-13",,,,,
"Nebraska","2020-04-20","2020-05-30","2020-04-26","2020-05-30","2020-04-22","2020-05-31","2020-05-16","2020-05-16","2020-05-16",7413,569,4283,336,3130,233,,"2020-03-19","2020-03-16","2020-04-02",,,,,,,,
"Netherlands","2020-04-02","2020-05-10","2020-04-04","2020-05-12","2020-04-04","2020-05-11","2020-04-04","2020-04-05","2020-04-05",65711,1609,41155,732,24556,877,,"2020-03-12","2020-03-10","2020-03-15",,,,,,,,
"Nevada","2020-04-09","2020-05-10","2020-04-28","2020-05-12","2020-04-10","2020-05-11","2020-04-30","2020-04-30","2020-04-30",8006,696,5758,513,2248,183,"2020-03-21","2020-03-18","2020-03-24","2020-03-16","2020-03-31",,"2020-05-01",,,,,
"New Hampshire","2020-04-26","2020-05-25","2020-04-29","2020-05-25","2020-04-29","2020-05-25","2020-05-02","2020-05-01","2020-05-01",3052,263,2033,179,1019,84,"2020-03-28","2020-03-16","2020-03-16","2020-03-16","2020-03-27",,"2020-05-11",,,,,
"New Jersey","2020-04-28","2020-05-11","2020-04-28","2020-05-12","2020-04-28","2020-05-11","2020-04-30","2020-04-30","2020-04-30",25996,1643,18181,1177,7815,466,"2020-03-21","2020-03-16","2020-03-16","2020-03-18","2020-03-21",,"2020-05-02",,,,,
"New Mexico","2020-04-26","2020-06-04","2020-04-26","2020-06-04","2020-04-26","2020-06-04","2020-05-04","2020-05-05","2020-05-05",4756,331,3003,214,1753,117,"2020-03-24","2020-03-16","2020-03-12","2020-03-13",,,"2020-04-30",,,,,
"New York","2020-04-08","2020-04-09","2020-04-08","2020-04-09","2020-04-08","2020-04-08","2020-04-09","2020-04-09","2020-04-08",62232,3787,49221,3069,13011,718,"2020-03-22","2020-03-16","2020-03-12","2020-03-18","2020-03-22",,,,,,,
"North Carolina","2020-04-27","2020-05-17","2020-04-28","2020-05-17","2020-04-27","2020-05-16","2020-05-03","2020-05-05","2020-05-04",24713,2096,17587,1528,7126,568,"2020-03-30","2020-03-17","2020-03-14","2020-03-14","2020-03-30",,,,,,,
"North Dakota","2020-04-20","2020-05-16","2020-04-29","2020-05-16","2020-04-27","2020-05-16","2020-05-03","2020-05-02","2020-05-02",3779,219,2234,132,1545,87,,"2020-03-20",,"2020-03-16",,,,,,,,
"North Rhine-Westphalia","2020-04-16","2020-05-03","2020-04-17","2020-05-02","2020-04-17","2020-05-02","2020-04-17","2020-04-17","2020-04-17",,,,,,,"2020-03-23","2020-02-26","2020-03-23","2020-03-16","2020-03-23",,"2020-04-20",,,,,
"Norway","2020-04-05","2020-05-14","2020-04-06","2020-05-14","2020-04-06","2020-05-14","2020-04-06","2020-04-09","2020-04-08",21060,485,17830,394,3230,91,,"2020-03-12","2020-03-12","2020-03-12",,,,,,,,
"Ohio","2020-04-29","2020-05-06","2020-04-29","2020-05-08","2020-04-29","2020-05-08","2020-05-02","2020-05-03","2020-05-03",37351,3371,23060,2132,14291,1239,"2020-03-23","2020-03-15","2020-03-12","2020-03-16","2020-03-23",,"2020-05-04",,,,,
"Oklahoma","2020-04-17","2020-05-16","2020-04-18","2020-05-15","2020-04-18","2020-05-15","2020-04-20","2020-04-20","2020-04-20",13153,1166,7695,699,5458,467,"2020-04-01","2020-04-01","2020-03-24","2020-03-17",,,"2020-04-24",,,,,
"Ontario","2020-04-26","2020-05-12","2020-04-26","2020-05-12","2020-04-26","2020-05-12","2020-04-30","2020-05-01","2020-04-30",,,,,,,"2020-04-05","2020-03-16","2020-03-16","2020-03-16",,,,,,,,
"Oregon","2020-04-08","2020-05-11","2020-04-09","2020-05-12","2020-04-09","2020-05-12","2020-04-09","2020-04-09","2020-04-09",7900,655,5242,445,2658,210,,"2020-03-17","2020-03-12","2020-03-16","2020-03-23",,,,,,,
"Other Counties, WA","2020-04-04","2020-04-06","2020-04-05","2020-04-06","2020-04-05","2020-04-06","2020-04-05","2020-04-06","2020-04-05",,,,,,,,,,,,,,,,,,
"Pennsylvania","2020-04-29","2020-05-28","2020-04-29","2020-05-30","2020-04-29","2020-05-29","2020-05-02","2020-05-06","2020-05-05",42658,3250,28263,2206,14395,1044,"2020-03-23","2020-03-18","2020-04-01","2020-03-17","2020-04-01",,"2020-05-08",,,,"2020-05-08",
"Piemonte","2020-04-11","2020-05-03","2020-04-11","2020-05-02","2020-04-11","2020-05-02","2020-04-12","2020-04-12","2020-04-12",14650,522,11587,403,3063,119,"2020-03-11","2020-03-07","2020-03-07","2020-03-05","2020-03-11","2020-03-22","2020-04-14",,,,,"2020-05-04"
"Poland","2020-04-26","2020-05-09","2020-04-26","2020-05-11","2020-04-26","2020-05-10","2020-05-02","2020-05-03","2020-05-01",202488,9796,147173,5706,55315,4090,,"2020-03-31","2020-03-10","2020-03-12","2020-03-24",,,,,"2020-05-24","2020-04-20",
"Portugal","2020-04-09","2020-05-03","2020-04-10","2020-05-02","2020-04-10","2020-05-02","2020-04-11","2020-04-11","2020-04-11",35414,556,25177,374,10237,182,"2020-03-19","2020-03-16","2020-03-19","2020-03-16","2020-03-19","2020-04-09","2020-05-04",,,,"2020-05-04",
"Provincia autonoma di Bolzano","2020-03-31","2020-04-02","2020-04-01","2020-04-02","2020-03-31","2020-04-01","2020-04-01","2020-04-01","2020-04-01",1736,66,1397,51,339,15,"2020-03-11","2020-03-11","2020-03-11","2020-03-05","2020-03-11","2020-03-22","2020-04-14",,,,,"2020-05-04"
"Provincia autonoma di Trento","2020-03-26","2020-03-29","2020-03-29","2020-03-30","2020-03-27","2020-03-29","2020-03-27","2020-03-29","2020-03-29",1810,67,1449,52,361,15,"2020-03-11","2020-03-11","2020-03-11","2020-03-05","2020-03-11","2020-03-22","2020-04-14",,,,,"2020-05-04"
"Puerto Rico","2020-04-06","2020-05-11","2020-04-10","2020-05-12","2020-04-09","2020-05-12","2020-04-10","2020-04-10","2020-04-10",8179,225,6637,176,1542,49,"2020-03-16","2020-03-16","2020-03-12","2020-03-16","2020-03-16",,,,,,,
"Puglia","2020-04-01","2020-04-02","2020-04-01","2020-04-02","2020-04-01","2020-04-02","2020-04-01","2020-04-02","2020-04-01",13917,451,10713,342,3204,109,"2020-03-11","2020-03-11","2020-03-11","2020-03-05","2020-03-11","2020-03-22","2020-04-14",,,,,"2020-05-04"
"Quebec","2020-04-26","2020-05-10","2020-04-26","2020-05-11","2020-04-26","2020-05-11","2020-05-04","2020-05-05","2020-05-04",,,,,,,"2020-03-23","2020-03-15","2020-03-12","2020-03-16","2020-03-21",,,,,,,
"Rhineland-Palatinate","2020-04-16","2020-05-08","2020-04-18","2020-05-10","2020-04-18","2020-05-09","2020-04-21","2020-04-21","2020-04-21",,,,,,,"2020-03-23","2020-03-23","2020-03-22","2020-03-16","2020-03-22",,"2020-04-20",,,,,
"Rhode Island","2020-04-17","2020-05-04","2020-04-18","2020-05-07","2020-04-17","2020-05-05","2020-04-18","2020-04-18","2020-04-18",2757,153,1962,111,795,42,,"2020-03-17","2020-03-17","2020-03-16","2020-03-28",,,,,,,
"Romania","2020-04-26","2020-05-08","2020-04-26","2020-05-09","2020-04-26","2020-05-09","2020-05-01","2020-05-01","2020-05-01",127994,4712,98981,3215,29013,1497,"2020-03-21","2020-03-21","2020-03-06","2020-03-11","2020-03-23",,,,,,"2020-05-15",
"Saarland","2020-04-13","2020-05-13","2020-04-14","2020-05-13","2020-04-14","2020-05-13","2020-04-14","2020-04-15","2020-04-14",,,,,,,,"2020-03-15","2020-03-21","2020-03-16","2020-03-21",,,,,,,
"Sardegna","2020-04-06","2020-04-09","2020-04-06","2020-04-07","2020-04-06","2020-04-07","2020-04-07","2020-04-07","2020-04-07",5554,184,4303,140,1251,44,"2020-03-11","2020-03-11","2020-03-11","2020-03-05","2020-03-11","2020-03-22","2020-04-14",,,,,"2020-05-04"
"Saxony","2020-04-16","2020-05-03","2020-04-16","2020-05-11","2020-04-16","2020-05-09","2020-04-17","2020-04-17","2020-04-17",,,,,,,"2020-03-23","2020-03-23","2020-03-23","2020-03-23","2020-03-23",,"2020-04-20",,,,"2020-04-20",
"Saxony-Anhalt","2020-04-09","2020-05-06","2020-04-09","2020-05-08","2020-04-09","2020-05-07","2020-04-11","2020-04-09","2020-04-09",,,,,,,"2020-03-24","2020-03-24","2020-03-22","2020-03-16","2020-03-22",,"2020-04-20",,,,,
"Schleswig-Holstein","2020-04-20","2020-05-02","2020-04-20","2020-05-02","2020-04-20","2020-05-02","2020-04-21","2020-04-21","2020-04-21",,,,,,,"2020-03-24","2020-03-14","2020-03-24","2020-03-16","2020-03-24",,"2020-04-20",,,,,
"Sicilia","2020-03-27","2020-03-29","2020-03-28","2020-03-29","2020-03-28","2020-03-29","2020-03-28","2020-03-29","2020-03-28",17289,560,13306,424,3983,136,"2020-03-11","2020-03-11","2020-03-11","2020-03-05","2020-03-11","2020-03-22","2020-04-14",,,,,"2020-05-04"
"Slovakia","2020-04-14","2020-05-03","2020-04-14","2020-05-02","2020-04-14","2020-05-02","2020-04-15","2020-04-14","2020-04-14",32238,610,22314,312,9924,298,"2020-03-16","2020-03-16","2020-03-12","2020-03-12",,"2020-04-08","2020-03-30",,,,,"2020-04-14"
"Slovenia","2020-04-05","2020-05-13","2020-04-06","2020-05-13","2020-04-06","2020-05-13","2020-04-06","2020-04-06","2020-04-06",9347,172,6639,92,2708,80,"2020-03-15","2020-03-15","2020-03-12","2020-03-16",,"2020-03-16","2020-04-20",,,,,"2020-04-30"
"South Carolina","2020-04-29","2020-05-27","2020-04-29","2020-05-27","2020-04-29","2020-05-27","2020-05-07","2020-05-08","2020-05-08",13707,1244,9027,839,4680,405,,"2020-03-18","2020-03-18","2020-03-16","2020-04-07",,,,,,"2020-05-04",
"South Dakota","2020-04-26","2020-07-08","2020-04-30","2020-07-07","2020-04-30","2020-07-06","2020-06-20","2020-06-20","2020-06-20",4733,202,2927,128,1806,74,,,"2020-04-06","2020-03-16",,,,,"2020-04-28",,,
"Spain","2020-03-29","2020-03-30","2020-03-31","2020-03-31","2020-03-30","2020-03-31","2020-03-30","2020-03-31","2020-03-30",137872,3980,106586,2709,31286,1271,,,,,,,,,,,,
"Sweden","2020-04-17","2020-06-07","2020-04-18","2020-06-07","2020-04-18","2020-06-06","2020-05-31","2020-06-01","2020-05-31",25766,1077,21258,419,4508,658,,,"2020-03-11",,,,,,,,,
"Switzerland","2020-04-02","2020-05-08","2020-04-05","2020-05-10","2020-04-04","2020-05-09","2020-04-04","2020-04-06","2020-04-05",41053,1031,34972,839,6081,192,"2020-03-16","2020-03-16","2020-02-28","2020-03-13",,,"2020-04-27",,,,,
"Tennessee","2020-04-04","2020-06-05","2020-04-07","2020-06-06","2020-04-05","2020-06-05","2020-04-05","2020-04-07","2020-04-07",21784,1834,13972,1205,7812,629,"2020-04-01","2020-03-23","2020-03-23","2020-03-20","2020-04-02",,"2020-04-27",,,,"2020-04-29",
"Texas","2020-04-28","2020-06-18","2020-04-28","2020-06-18","2020-04-28","2020-06-17","2020-05-28","2020-06-04","2020-06-04",77428,6378,48794,4118,28634,2260,,"2020-03-21","2020-03-21","2020-03-19","2020-04-02",,,,,,"2020-05-01",
"Thuringia","2020-04-14","2020-05-14","2020-04-15","2020-05-14","2020-04-15","2020-05-14","2020-04-30","2020-04-30","2020-04-30",,,,,,,,"2020-03-15","2020-03-22","2020-03-17","2020-03-22",,,,,,,
"Toscana","2020-04-07","2020-05-03","2020-04-08","2020-05-02","2020-04-08","2020-05-02","2020-04-09","2020-04-09","2020-04-09",12482,449,9894,347,2588,102,"2020-03-11","2020-03-11","2020-03-11","2020-03-05","2020-03-11","2020-03-22","2020-04-14",,,,,"2020-05-04"
"Umbria","2020-03-24","2020-03-29","2020-03-28","2020-03-28","2020-03-25","2020-03-28","2020-03-25","2020-03-28","2020-03-28",3056,107,2406,82,650,25,"2020-03-11","2020-03-11","2020-03-11","2020-03-05","2020-03-11","2020-03-22","2020-04-14",,,,,"2020-05-04"
"United Kingdom","2020-04-09","2020-05-10","2020-04-13","2020-05-11","2020-04-12","2020-05-11","2020-04-11","2020-04-14","2020-04-13",190178,5872,162664,2329,27514,3543,"2020-03-24","2020-03-20","2020-03-23","2020-03-23","2020-03-23",,,,,,,
"United States of America","2020-04-18","2020-05-10","2020-04-27","2020-05-12","2020-04-27","2020-05-11","2020-05-01","2020-04-30","2020-04-30",,,,,,,,,,,,,,,,,,
"Utah","2020-04-18","2020-05-15","2020-04-20","2020-05-15","2020-04-20","2020-05-15","2020-04-21","2020-04-21","2020-04-21",6726,428,3955,257,2771,171,,"2020-03-19","2020-03-19","2020-03-16",,,,,,,,
"Valencian Community","2020-03-31","2020-04-01","2020-04-01","2020-04-02","2020-04-01","2020-04-01","2020-04-01","2020-04-01","2020-04-01",,,,,,,"2020-03-15","2020-03-15","2020-03-15","2020-03-14","2020-03-15",,"2020-04-13",,,,,
"Valle d'Aosta","2020-03-30","2020-04-02","2020-04-01","2020-04-02","2020-04-01","2020-04-02","2020-04-01","2020-04-01","2020-04-01",423,15,335,11,88,4,"2020-03-11","2020-03-11","2020-03-11","2020-03-05","2020-03-11","2020-03-22","2020-04-14",,,,,"2020-05-04"
"Veneto","2020-04-26","2020-05-02","2020-04-26","2020-05-02","2020-04-26","2020-05-02","2020-04-26","2020-04-26","2020-04-26",16518,591,13079,457,3439,134,"2020-03-11","2020-02-22","2020-02-22","2020-03-01","2020-03-11","2020-03-22","2020-04-14",,,,,"2020-05-04"
"Vermont","2020-04-13","2020-04-16","2020-04-13","2020-04-15","2020-04-13","2020-04-15","2020-04-13","2020-04-15","2020-04-15",1525,102,992,68,533,34,"2020-03-25","2020-03-17","2020-03-13","2020-03-18","2020-03-24",,"2020-04-20",,,,,
"Virginia","2020-04-26","2020-05-10","2020-04-27","2020-05-12","2020-04-27","2020-05-12","2020-05-01","2020-05-01","2020-05-01",23270,1241,16689,912,6581,329,"2020-03-24","2020-03-17","2020-03-15","2020-03-16","2020-03-30",,,,,,,
"Washington","2020-04-04","2020-04-06","2020-04-05","2020-04-06","2020-04-05","2020-04-06","2020-04-05","2020-04-06","2020-04-05",15235,1116,10328,775,4907,341,"2020-03-25","2020-03-16","2020-03-11","2020-03-13","2020-03-23",,,,,,,
"West Virginia","2020-04-17","2020-06-19","2020-04-20","2020-06-19","2020-04-20","2020-06-20","2020-04-20","2020-04-20","2020-04-20",8403,568,5371,372,3032,196,"2020-03-24","2020-03-18","2020-03-24","2020-03-14","2020-03-25",,"2020-05-04",,,,,
"Wisconsin","2020-04-09","2020-05-15","2020-04-12","2020-05-14","2020-04-12","2020-05-14","2020-04-12","2020-04-12","2020-04-12",14232,476,8867,303,5365,173,"2020-03-25","2020-03-17","2020-03-17","2020-03-18","2020-03-25",,"2020-04-29",,,,,
"Wyoming","2020-04-19","2020-04-19","2020-04-21","2020-04-21","2020-04-21","2020-04-21","2020-04-19","2020-04-21","2020-04-21",2453,105,1384,60,1069,45,,"2020-03-19","2020-03-20","2020-03-19",,,,,,,,
