"","location","location_abbreviation","date","issue_date","reported_inc","imputed_inc","absolute_size","relative_size","reviewers_marked_outlier","num_reviewers_marked_oulier","comments_reviewer1","comments_reviewer2"
"1","13","GA",2020-11-07,2020-11-15,44247,11185,33062,2.95592311130979,"MWZ",1,"iffy?",NA
"2","13","GA",2020-11-07,2020-11-22,44247,11185,33062,2.95592311130979,"MWZ",1,"iffy?",NA
"3","13","GA",2020-11-07,2020-11-29,44247,11185,33062,2.95592311130979,"MWZ",1,"iffy?",NA
"4","13","GA",2020-11-07,2020-12-06,44247,11185,33062,2.95592311130979,"MWZ",1,"iffy?",NA
"5","13","GA",2020-11-07,2020-12-13,44247,11185,33062,2.95592311130979,"MWZ",1,"iffy?",NA
"6","13","GA",2020-11-07,2020-12-20,44247,11185,33062,2.95592311130979,"MWZ",1,"iffy?",NA
"7","13","GA",2020-11-07,2020-12-27,44247,11185,33062,2.95592311130979,"MWZ",1,"iffy?",NA
"8","13","GA",2020-11-07,2021-01-03,44247,11185,33062,2.95592311130979,"MWZ",1,"iffy?",NA
"9","13","GA",2020-11-07,2021-01-10,44247,11185,33062,2.95592311130979,"MWZ",1,"iffy?",NA
"10","13","GA",2020-11-07,2021-01-17,44247,11185,33062,2.95592311130979,"MWZ",1,"iffy?",NA
"11","13","GA",2020-11-07,2021-01-24,44247,11185,33062,2.95592311130979,"MWZ",1,"iffy?",NA
"12","13","GA",2020-11-07,2021-01-31,44247,11185,33062,2.95592311130979,"MWZ",1,"iffy?",NA
"13","13","GA",2020-11-07,2021-02-07,44247,11185,33062,2.95592311130979,"MWZ",1,"iffy?",NA
"14","13","GA",2020-11-07,2021-02-14,44247,11185,33062,2.95592311130979,"MWZ",1,"iffy?",NA
"15","13","GA",2020-11-07,2021-02-21,44247,11185,33062,2.95592311130979,"MWZ",1,"iffy?",NA
"16","13","GA",2020-11-07,2021-02-28,44247,11185,33062,2.95592311130979,"MWZ",1,"iffy?",NA
"17","13","GA",2020-11-07,2021-03-07,44247,11185,33062,2.95592311130979,"MWZ",1,"iffy?",NA
"18","13","GA",2020-11-07,2021-03-14,44247,11185,33062,2.95592311130979,"MWZ",1,"iffy?",NA
"19","13","GA",2020-11-07,2021-03-21,44247,11185,33062,2.95592311130979,"MWZ;EYC",2,"iffy?",NA
"20","13","GA",2020-11-07,2021-03-28,44247,11185,33062,2.95592311130979,"MWZ;EYC",2,"iffy?",NA
"21","13","GA",2020-11-07,2021-04-04,44247,11185,33062,2.95592311130979,"MWZ;EYC",2,"iffy?",NA
"22","13","GA",2020-11-07,2021-04-11,44247,11185,33062,2.95592311130979,"MWZ;EYC",2,"iffy?",NA
"23","13","GA",2020-11-07,2021-04-18,44247,11185,33062,2.95592311130979,"MWZ;EYC",2,"iffy?",NA
"24","13","GA",2020-11-07,2021-04-25,44247,11185,33062,2.95592311130979,"MWZ;EYC",2,"iffy?",NA
"25","13","GA",2020-11-07,2021-05-02,44247,11185,33062,2.95592311130979,"MWZ;EYC",2,"iffy?",NA
"26","13","GA",2020-11-07,2021-05-09,44247,11185,33062,2.95592311130979,"MWZ;EYC",2,"iffy?",NA
"27","19","IA",2021-02-20,2021-02-21,30305,4733,25572,5.40291569828861,"MWZ;EYC",2,NA,NA
"28","19","IA",2021-02-20,2021-02-28,30305,4733,25572,5.40291569828861,"MWZ;EYC",2,NA,NA
"29","25","MA",2020-09-05,2020-09-06,-5834,2670,8504,3.18501872659176,"MWZ;EYC",2,"below 0",NA
"30","25","MA",2020-09-05,2020-09-13,-5834,2670,8504,3.18501872659176,"MWZ;EYC",2,"below 0",NA
"31","25","MA",2020-09-05,2020-09-20,-5834,2670,8504,3.18501872659176,"MWZ;EYC",2,"below 0",NA
"32","37","NC",2020-09-26,2020-09-27,13813,8509,5304,0.623339992948643,"MWZ;EYC",2,NA,NA
"33","29","MO",2021-04-17,2021-04-18,-4584,4455,9039,2.02895622895623,"MWZ;EYC",2,"below 0",NA
"34","29","MO",2021-04-17,2021-04-25,-4584,4455,9039,2.02895622895623,"MWZ;EYC",2,"below 0",NA
"35","29","MO",2021-04-17,2021-05-02,-4584,4455,9039,2.02895622895623,"MWZ;EYC",2,"below 0",NA
"36","29","MO",2021-04-17,2021-05-09,-4584,4455,9039,2.02895622895623,"MWZ;EYC",2,"below 0",NA
"37","34","NJ",2021-05-01,2021-05-02,2615,20493,17878,0.872395452105597,"MWZ",1,NA,NA
"38","34","NJ",2021-05-01,2021-05-09,2615,20493,17878,0.872395452105597,"MWZ",1,NA,NA
"39","50","VT",2021-04-03,2021-04-04,1282,1068,214,0.200374531835206,"MWZ",1,NA,NA
"40","50","VT",2021-04-03,2021-04-11,1282,1068,214,0.200374531835206,"MWZ",1,NA,NA
"41","50","VT",2021-04-03,2021-04-18,1282,1068,214,0.200374531835206,"MWZ",1,NA,NA
"42","50","VT",2021-04-03,2021-04-25,1282,1068,214,0.200374531835206,"MWZ",1,NA,NA
"43","50","VT",2021-04-03,2021-05-02,1282,1068,214,0.200374531835206,"MWZ",1,NA,NA
"44","50","VT",2021-04-03,2021-05-09,1282,1068,214,0.200374531835206,"MWZ",1,NA,NA
"45","01","AL",2021-05-15,2021-05-16,9085,2435,6650,2.73100616016427,"NGR;EYC",2,NA,NA
"46","01","AL",2021-05-15,2021-05-23,9085,2435,6650,2.73100616016427,"NGR;EYC",2,NA,NA
"47","09","CT",2021-01-02,2021-05-16,17377,16021,1356,0.0846389114287498,"NGR",1,NA,NA
"48","09","CT",2021-01-02,2021-05-23,17377,16021,1356,0.0846389114287498,"NGR",1,NA,NA
"49","11","DC",2020-12-26,2021-05-16,1368,1699,331,0.194820482636845,"NGR",1,NA,NA
"50","11","DC",2020-12-26,2021-05-23,1368,1699,331,0.194820482636845,"NGR",1,NA,NA
"51","10","DE",2020-12-26,2021-05-16,4337,5260,923,0.175475285171103,"NGR",1,NA,NA
"52","10","DE",2021-01-02,2021-05-16,4400,5260,860,0.163498098859316,"NGR",1,NA,NA
"53","10","DE",2020-12-26,2021-05-23,4337,5260,923,0.175475285171103,"NGR",1,NA,NA
"54","10","DE",2021-01-02,2021-05-23,4400,5260,860,0.163498098859316,"NGR",1,NA,NA
"55","13","GA",2020-11-07,2021-05-16,44247,11185,33062,2.95592311130979,"NGR;EYC",2,NA,NA
"56","13","GA",2020-11-07,2021-05-23,44247,11185,33062,2.95592311130979,"NGR;EYC",2,NA,NA
"57","20","KS",2020-12-26,2021-05-16,9324,15197,5873,0.386457853523722,"NGR;EYC",2,NA,NA
"58","20","KS",2020-12-26,2021-05-23,9324,15197,5873,0.386457853523722,"NGR;EYC",2,NA,NA
"59","29","MO",2021-04-17,2021-05-16,-4584,4455,9039,2.02895622895623,"NGR;EYC",2,NA,NA
"60","29","MO",2021-04-17,2021-05-23,-4584,4455,9039,2.02895622895623,"NGR;EYC",2,NA,NA
"61","32","NV",2020-12-26,2021-05-16,13795,17909,4114,0.229716902116254,"NGR",1,NA,NA
"62","32","NV",2021-01-02,2021-05-23,13218,13795,577,0.041826748822037,"NGR",1,NA,NA
"63","39","OH",2020-12-12,2021-05-16,86029,60729,25300,0.416604916926016,"NGR;EYC",2,NA,NA
"64","39","OH",2020-12-12,2021-05-23,86029,60729,25300,0.416604916926016,"NGR;EYC",2,NA,NA
"65","41","OR",2020-12-26,2021-05-16,6512,8975,2463,0.274428969359331,"NGR",1,NA,NA
"66","41","OR",2020-12-26,2021-05-23,6512,8975,2463,0.274428969359331,"NGR",1,NA,NA
"67","44","RI",2020-12-26,2021-05-16,4254,6994,2740,0.391764369459537,"NGR;EYC",2,NA,NA
"68","44","RI",2021-01-02,2021-05-16,5883,6994,1111,0.15885044323706,"NGR",1,NA,NA
"69","44","RI",2020-12-26,2021-05-23,4254,6994,2740,0.391764369459537,"NGR;EYC",2,NA,NA
"70","44","RI",2021-01-02,2021-05-23,5883,6994,1111,0.15885044323706,"NGR",1,NA,NA
"71","53","WA",2020-12-05,2021-05-16,15850,19302,3452,0.178841570821677,"NGR",1,NA,NA
"72","53","WA",2020-12-12,2021-05-16,25636,19302,6334,0.328152523054606,"NGR",1,NA,NA
"73","53","WA",2020-12-19,2021-05-16,13883,19302,5419,0.280748109004248,"NGR",1,NA,NA
"74","53","WA",2020-12-26,2021-05-16,14119,19302,5183,0.268521396746451,"NGR",1,NA,NA
"75","53","WA",2021-01-02,2021-05-16,10033,19302,9269,0.480209304735261,"NGR",1,NA,NA
"76","53","WA",2021-01-09,2021-05-16,24843,19302,5541,0.287068697544296,"NGR;EYC",2,NA,NA
"77","53","WA",2021-01-16,2021-05-16,14375,19302,4927,0.255258522432909,"NGR",1,NA,NA
"78","53","WA",2020-12-05,2021-05-23,15850,19302,3452,0.178841570821677,"NGR",1,NA,NA
"79","53","WA",2020-12-12,2021-05-23,25636,19302,6334,0.328152523054606,"NGR",1,NA,NA
"80","53","WA",2020-12-19,2021-05-23,13883,19302,5419,0.280748109004248,"NGR",1,NA,NA
"81","53","WA",2020-12-26,2021-05-23,14119,19302,5183,0.268521396746451,"NGR",1,NA,NA
"82","53","WA",2021-01-02,2021-05-23,10033,19302,9269,0.480209304735261,"NGR",1,NA,NA
"83","53","WA",2021-01-09,2021-05-23,24843,19302,5541,0.287068697544296,"NGR;EYC",2,NA,NA
"84","53","WA",2021-01-16,2021-05-23,14375,19302,4927,0.255258522432909,"NGR",1,NA,NA
"85","72","PR",2020-12-05,2021-05-16,3951,5147,1196,0.232368369924228,"NGR",1,NA,NA
"86","72","PR",2020-12-05,2021-05-23,3951,5147,1196,0.232368369924228,"NGR",1,NA,NA
"87","01","AL",2020-10-24,2020-10-25,11614,7136,4478,0.627522421524664,"EYC",1,NA,NA
"88","01","AL",2020-10-24,2020-11-01,11614,7136,4478,0.627522421524664,"EYC",1,NA,NA
"89","01","AL",2020-10-24,2020-11-08,11614,7136,4478,0.627522421524664,"EYC",1,NA,NA
"90","01","AL",2020-10-24,2020-11-15,11614,7136,4478,0.627522421524664,"EYC",1,NA,NA
"91","01","AL",2020-10-24,2020-11-22,11694,7439,4255,0.571985481919613,"EYC",1,NA,NA
"92","01","AL",2020-10-24,2020-11-29,11694,7439,4255,0.571985481919613,"EYC",1,NA,NA
"93","01","AL",2020-10-24,2020-12-06,11694,7439,4255,0.571985481919613,"EYC",1,NA,NA
"94","01","AL",2020-10-24,2020-12-13,11694,7439,4255,0.571985481919613,"EYC",1,NA,NA
"95","01","AL",2020-10-24,2020-12-20,11694,7439,4255,0.571985481919613,"EYC",1,NA,NA
"96","01","AL",2020-10-24,2020-12-27,11694,7439,4255,0.571985481919613,"EYC",1,NA,NA
"97","01","AL",2020-10-24,2021-01-03,11694,7439,4255,0.571985481919613,"EYC",1,NA,NA
"98","01","AL",2020-10-24,2021-01-10,11694,7439,4255,0.571985481919613,"EYC",1,NA,NA
"99","01","AL",2020-10-24,2021-01-17,11694,7439,4255,0.571985481919613,"EYC",1,NA,NA
"100","01","AL",2020-10-24,2021-01-24,11694,7439,4255,0.571985481919613,"EYC",1,NA,NA
"101","01","AL",2020-10-24,2021-01-31,11694,7439,4255,0.571985481919613,"EYC",1,NA,NA
"102","01","AL",2020-10-24,2021-02-07,11694,7439,4255,0.571985481919613,"EYC",1,NA,NA
"103","01","AL",2020-10-24,2021-02-14,11694,7439,4255,0.571985481919613,"EYC",1,NA,NA
"104","01","AL",2020-10-24,2021-02-21,11694,7439,4255,0.571985481919613,"EYC",1,NA,NA
"105","01","AL",2020-10-24,2021-02-28,11694,7439,4255,0.571985481919613,"EYC",1,NA,NA
"106","01","AL",2020-10-24,2021-03-07,11694,7439,4255,0.571985481919613,"EYC",1,NA,NA
"107","01","AL",2020-10-24,2021-03-14,11694,7439,4255,0.571985481919613,"EYC",1,NA,NA
"108","01","AL",2020-10-24,2021-03-21,11694,7439,4255,0.571985481919613,"EYC",1,NA,NA
"109","01","AL",2020-10-24,2021-03-28,11694,7439,4255,0.571985481919613,"EYC",1,NA,NA
"110","01","AL",2020-10-24,2021-04-04,11694,7439,4255,0.571985481919613,"EYC",1,NA,NA
"111","01","AL",2020-10-24,2021-04-11,11694,7439,4255,0.571985481919613,"EYC",1,NA,NA
"112","01","AL",2020-10-24,2021-04-18,11694,7439,4255,0.571985481919613,"EYC",1,NA,NA
"113","01","AL",2020-10-24,2021-04-25,11694,7439,4255,0.571985481919613,"EYC",1,NA,NA
"114","01","AL",2020-10-24,2021-05-02,11694,7439,4255,0.571985481919613,"EYC",1,NA,NA
"115","01","AL",2020-10-24,2021-05-09,11694,7439,4255,0.571985481919613,"EYC",1,NA,NA
"116","01","AL",2020-10-24,2021-05-16,11694,7439,4255,0.571985481919613,"EYC",1,NA,NA
"117","01","AL",2020-10-24,2021-05-23,11694,7439,4255,0.571985481919613,"EYC",1,NA,NA
"118","01","AL",2021-03-20,2021-03-21,7782,3894,3888,0.998459167950693,"EYC",1,NA,NA
"119","01","AL",2021-03-20,2021-03-28,7782,3894,3888,0.998459167950693,"EYC",1,NA,NA
"120","01","AL",2021-03-20,2021-04-04,7782,3894,3888,0.998459167950693,"EYC",1,NA,NA
"121","01","AL",2021-03-20,2021-04-11,7782,3894,3888,0.998459167950693,"EYC",1,NA,NA
"122","01","AL",2021-03-20,2021-04-18,7782,3894,3888,0.998459167950693,"EYC",1,NA,NA
"123","01","AL",2021-03-20,2021-04-25,7782,3894,3888,0.998459167950693,"EYC",1,NA,NA
"124","01","AL",2021-03-20,2021-05-02,7782,3894,3888,0.998459167950693,"EYC",1,NA,NA
"125","01","AL",2021-03-20,2021-05-09,7782,3894,3888,0.998459167950693,"EYC",1,NA,NA
"126","01","AL",2021-03-20,2021-05-16,7782,3894,3888,0.998459167950693,"EYC",1,NA,NA
"127","01","AL",2021-03-20,2021-05-23,7782,3894,3888,0.998459167950693,"EYC",1,NA,NA
"128","02","AK",2020-08-01,2021-05-16,956,733,223,0.304229195088677,"EYC",1,NA,NA
"129","02","AK",2020-08-01,2021-05-23,956,733,223,0.304229195088677,"EYC",1,NA,NA
"130","02","AK",2020-08-01,2020-08-02,797,543,254,0.467771639042357,"EYC",1,NA,NA
"131","02","AK",2020-08-01,2020-08-09,797,543,254,0.467771639042357,"EYC",1,NA,NA
"132","02","AK",2020-08-01,2020-08-16,797,543,254,0.467771639042357,"EYC",1,NA,NA
"133","02","AK",2020-08-01,2020-08-23,797,543,254,0.467771639042357,"EYC",1,NA,NA
"134","02","AK",2020-08-01,2020-08-30,797,543,254,0.467771639042357,"EYC",1,NA,NA
"135","02","AK",2020-08-01,2020-09-06,797,543,254,0.467771639042357,"EYC",1,NA,NA
"136","02","AK",2020-08-01,2020-09-13,797,543,254,0.467771639042357,"EYC",1,NA,NA
"137","02","AK",2020-08-01,2020-09-20,797,543,254,0.467771639042357,"EYC",1,NA,NA
"138","02","AK",2020-08-01,2020-09-27,797,543,254,0.467771639042357,"EYC",1,NA,NA
"139","02","AK",2020-08-01,2020-10-04,797,543,254,0.467771639042357,"EYC",1,NA,NA
"140","02","AK",2020-08-01,2020-10-11,797,543,254,0.467771639042357,"EYC",1,NA,NA
"141","02","AK",2020-08-01,2020-10-18,797,543,254,0.467771639042357,"EYC",1,NA,NA
"142","02","AK",2020-08-01,2020-10-25,797,543,254,0.467771639042357,"EYC",1,NA,NA
"143","02","AK",2020-08-01,2020-11-01,955,732,223,0.304644808743169,"EYC",1,NA,NA
"144","02","AK",2020-08-01,2020-11-08,955,732,223,0.304644808743169,"EYC",1,NA,NA
"145","02","AK",2020-08-01,2020-11-15,955,732,223,0.304644808743169,"EYC",1,NA,NA
"146","02","AK",2020-08-01,2020-11-22,955,732,223,0.304644808743169,"EYC",1,NA,NA
"147","02","AK",2020-08-01,2020-11-29,955,732,223,0.304644808743169,"EYC",1,NA,NA
"148","02","AK",2020-08-01,2020-12-06,955,732,223,0.304644808743169,"EYC",1,NA,NA
"149","02","AK",2020-08-01,2020-12-13,955,732,223,0.304644808743169,"EYC",1,NA,NA
"150","02","AK",2020-08-01,2020-12-20,955,732,223,0.304644808743169,"EYC",1,NA,NA
"151","02","AK",2020-08-01,2020-12-27,955,732,223,0.304644808743169,"EYC",1,NA,NA
"152","02","AK",2020-08-01,2021-01-03,955,732,223,0.304644808743169,"EYC",1,NA,NA
"153","02","AK",2020-08-01,2021-01-10,955,732,223,0.304644808743169,"EYC",1,NA,NA
"154","02","AK",2020-08-01,2021-01-17,955,732,223,0.304644808743169,"EYC",1,NA,NA
"155","02","AK",2020-08-01,2021-01-24,955,732,223,0.304644808743169,"EYC",1,NA,NA
"156","02","AK",2020-08-01,2021-01-31,955,732,223,0.304644808743169,"EYC",1,NA,NA
"157","02","AK",2020-08-01,2021-02-07,955,732,223,0.304644808743169,"EYC",1,NA,NA
"158","02","AK",2020-08-01,2021-02-14,955,732,223,0.304644808743169,"EYC",1,NA,NA
"159","02","AK",2020-08-01,2021-02-21,955,732,223,0.304644808743169,"EYC",1,NA,NA
"160","02","AK",2020-08-01,2021-02-28,955,732,223,0.304644808743169,"EYC",1,NA,NA
"161","02","AK",2020-08-01,2021-03-07,955,732,223,0.304644808743169,"EYC",1,NA,NA
"162","02","AK",2020-08-01,2021-03-14,955,732,223,0.304644808743169,"EYC",1,NA,NA
"163","02","AK",2020-08-01,2021-03-21,955,732,223,0.304644808743169,"EYC",1,NA,NA
"164","02","AK",2020-08-01,2021-03-28,955,732,223,0.304644808743169,"EYC",1,NA,NA
"165","02","AK",2020-08-01,2021-04-04,956,733,223,0.304229195088677,"EYC",1,NA,NA
"166","02","AK",2020-08-01,2021-04-11,956,733,223,0.304229195088677,"EYC",1,NA,NA
"167","02","AK",2020-08-01,2021-04-18,956,733,223,0.304229195088677,"EYC",1,NA,NA
"168","02","AK",2020-08-01,2021-04-25,956,733,223,0.304229195088677,"EYC",1,NA,NA
"169","02","AK",2020-08-01,2021-05-02,956,733,223,0.304229195088677,"EYC",1,NA,NA
"170","02","AK",2020-08-01,2021-05-09,956,733,223,0.304229195088677,"EYC",1,NA,NA
"171","08","CO",2021-01-09,2021-01-10,19775,15553,4222,0.271458882530701,"EYC",1,NA,NA
"172","08","CO",2021-01-09,2021-01-17,19775,15553,4222,0.271458882530701,"EYC",1,NA,NA
"173","08","CO",2021-01-09,2021-01-24,19775,15553,4222,0.271458882530701,"EYC",1,NA,NA
"174","08","CO",2021-01-09,2021-01-31,19775,15553,4222,0.271458882530701,"EYC",1,NA,NA
"175","08","CO",2021-01-09,2021-02-07,19775,15553,4222,0.271458882530701,"EYC",1,NA,NA
"176","08","CO",2021-01-09,2021-02-14,19775,15553,4222,0.271458882530701,"EYC",1,NA,NA
"177","08","CO",2021-01-09,2021-02-21,19775,15553,4222,0.271458882530701,"EYC",1,NA,NA
"178","08","CO",2021-01-09,2021-02-28,19775,15553,4222,0.271458882530701,"EYC",1,NA,NA
"179","08","CO",2021-01-09,2021-03-07,19775,15553,4222,0.271458882530701,"EYC",1,NA,NA
"180","08","CO",2021-01-09,2021-03-14,19775,15553,4222,0.271458882530701,"EYC",1,NA,NA
"181","08","CO",2021-01-09,2021-03-21,19775,15553,4222,0.271458882530701,"EYC",1,NA,NA
"182","08","CO",2021-01-09,2021-03-28,19775,15553,4222,0.271458882530701,"EYC",1,NA,NA
"183","08","CO",2021-01-09,2021-04-04,19775,15553,4222,0.271458882530701,"EYC",1,NA,NA
"184","08","CO",2021-01-09,2021-04-11,19775,15553,4222,0.271458882530701,"EYC",1,NA,NA
"185","08","CO",2021-01-09,2021-04-18,19775,15553,4222,0.271458882530701,"EYC",1,NA,NA
"186","08","CO",2021-01-09,2021-04-25,19775,15553,4222,0.271458882530701,"EYC",1,NA,NA
"187","08","CO",2021-01-09,2021-05-02,19775,15553,4222,0.271458882530701,"EYC",1,NA,NA
"188","08","CO",2021-01-09,2021-03-21,19775,15553,4222,0.271458882530701,"EYC",1,NA,NA
"189","08","CO",2021-01-09,2021-03-28,19775,15553,4222,0.271458882530701,"EYC",1,NA,NA
"190","08","CO",2021-01-09,2021-04-04,19775,15553,4222,0.271458882530701,"EYC",1,NA,NA
"191","08","CO",2021-01-09,2021-04-11,19775,15553,4222,0.271458882530701,"EYC",1,NA,NA
"192","08","CO",2021-01-09,2021-04-18,19775,15553,4222,0.271458882530701,"EYC",1,NA,NA
"193","08","CO",2021-01-09,2021-04-25,19775,15553,4222,0.271458882530701,"EYC",1,NA,NA
"194","08","CO",2021-01-09,2021-05-02,19775,15553,4222,0.271458882530701,"EYC",1,NA,NA
"195","08","CO",2021-01-09,2021-05-09,19775,15553,4222,0.271458882530701,"EYC",1,NA,NA
"196","08","CO",2021-01-09,2021-05-16,19775,15553,4222,0.271458882530701,"EYC",1,NA,NA
"197","08","CO",2021-01-09,2021-05-23,19775,15553,4222,0.271458882530701,"EYC",1,NA,NA
"198","09","CT",2020-12-26,2021-05-16,9961,16021,6060,0.378253542225829,"EYC",1,NA,NA
"199","09","CT",2020-12-26,2021-05-23,9961,16021,6060,0.378253542225829,"EYC",1,NA,NA
"200","09","CT",2020-12-26,2020-12-27,9961,16021,6060,0.378253542225829,"EYC",1,NA,NA
"201","09","CT",2020-12-26,2021-01-03,9961,16021,6060,0.378253542225829,"EYC",1,NA,NA
"202","09","CT",2020-12-26,2021-01-10,9961,16021,6060,0.378253542225829,"EYC",1,NA,NA
"203","09","CT",2020-12-26,2021-01-17,9961,16021,6060,0.378253542225829,"EYC",1,NA,NA
"204","09","CT",2020-12-26,2021-01-24,9961,16021,6060,0.378253542225829,"EYC",1,NA,NA
"205","09","CT",2020-12-26,2021-01-31,9961,16021,6060,0.378253542225829,"EYC",1,NA,NA
"206","09","CT",2020-12-26,2021-02-07,9961,16021,6060,0.378253542225829,"EYC",1,NA,NA
"207","09","CT",2020-12-26,2021-02-14,9961,16021,6060,0.378253542225829,"EYC",1,NA,NA
"208","09","CT",2020-12-26,2021-02-21,9961,16021,6060,0.378253542225829,"EYC",1,NA,NA
"209","09","CT",2020-12-26,2021-02-28,9961,16021,6060,0.378253542225829,"EYC",1,NA,NA
"210","09","CT",2020-12-26,2021-03-07,9961,16021,6060,0.378253542225829,"EYC",1,NA,NA
"211","09","CT",2020-12-26,2021-03-14,9961,16021,6060,0.378253542225829,"EYC",1,NA,NA
"212","09","CT",2020-12-26,2021-03-21,9961,16021,6060,0.378253542225829,"EYC",1,NA,NA
"213","09","CT",2020-12-26,2021-03-28,9961,16021,6060,0.378253542225829,"EYC",1,NA,NA
"214","09","CT",2020-12-26,2021-04-04,9961,16021,6060,0.378253542225829,"EYC",1,NA,NA
"215","09","CT",2020-12-26,2021-04-11,9961,16021,6060,0.378253542225829,"EYC",1,NA,NA
"216","09","CT",2020-12-26,2021-04-18,9961,16021,6060,0.378253542225829,"EYC",1,NA,NA
"217","09","CT",2020-12-26,2021-04-25,9961,16021,6060,0.378253542225829,"EYC",1,NA,NA
"218","09","CT",2020-12-26,2021-05-02,9961,16021,6060,0.378253542225829,"EYC",1,NA,NA
"219","09","CT",2020-12-26,2021-05-09,9961,16021,6060,0.378253542225829,"EYC",1,NA,NA
"220","09","CT",2020-12-26,2021-05-16,9961,16021,6060,0.378253542225829,"EYC",1,NA,NA
"221","09","CT",2020-12-26,2021-05-23,9961,16021,6060,0.378253542225829,"EYC",1,NA,NA
"222","13","GA",2020-11-07,2021-05-15,NA,NA,NA,NA,"EYC",1,NA,NA
"223","13","GA",2020-11-07,2021-05-22,NA,NA,NA,NA,"EYC",1,NA,NA
"224","13","GA",2020-11-07,2021-05-29,NA,NA,NA,NA,"EYC",1,NA,NA
"225","13","GA",2020-11-07,2021-06-05,NA,NA,NA,NA,"EYC",1,NA,NA
"226","13","GA",2020-11-07,2021-06-12,NA,NA,NA,NA,"EYC",1,NA,NA
"227","13","GA",2020-11-07,2021-06-19,NA,NA,NA,NA,"EYC",1,NA,NA
"228","15","HI",2021-01-09,2021-01-10,1227,925,302,0.326486486486486,"EYC",1,NA,NA
"229","15","HI",2021-01-09,2021-01-17,1227,925,302,0.326486486486486,"EYC",1,NA,NA
"230","15","HI",2021-01-09,2021-01-24,1227,925,302,0.326486486486486,"EYC",1,NA,NA
"231","15","HI",2021-01-09,2021-01-31,1227,925,302,0.326486486486486,"EYC",1,NA,NA
"232","15","HI",2021-01-09,2021-02-07,1227,925,302,0.326486486486486,"EYC",1,NA,NA
"233","15","HI",2021-01-09,2021-02-14,1227,925,302,0.326486486486486,"EYC",1,NA,NA
"234","15","HI",2021-01-09,2021-02-21,1227,925,302,0.326486486486486,"EYC",1,NA,NA
"235","15","HI",2021-01-09,2021-02-28,1227,925,302,0.326486486486486,"EYC",1,NA,NA
"236","15","HI",2021-01-09,2021-03-07,1227,925,302,0.326486486486486,"EYC",1,NA,NA
"237","15","HI",2021-01-09,2021-03-14,1227,925,302,0.326486486486486,"EYC",1,NA,NA
"238","15","HI",2021-01-09,2021-03-21,1227,925,302,0.326486486486486,"EYC",1,NA,NA
"239","15","HI",2021-01-09,2021-03-28,1227,925,302,0.326486486486486,"EYC",1,NA,NA
"240","15","HI",2021-01-09,2021-04-04,1449,1016,433,0.426181102362205,"EYC",1,NA,NA
"241","15","HI",2021-01-09,2021-04-11,1449,1016,433,0.426181102362205,"EYC",1,NA,NA
"242","15","HI",2021-01-09,2021-04-18,1449,1016,433,0.426181102362205,"EYC",1,NA,NA
"243","15","HI",2021-01-09,2021-04-25,1449,1016,433,0.426181102362205,"EYC",1,NA,NA
"244","15","HI",2021-01-09,2021-05-02,1449,1016,433,0.426181102362205,"EYC",1,NA,NA
"245","15","HI",2021-01-09,2021-05-09,1449,1016,433,0.426181102362205,"EYC",1,NA,NA
"246","15","HI",2021-01-09,2021-05-16,1449,1016,433,0.426181102362205,"EYC",1,NA,NA
"247","15","HI",2021-01-09,2021-05-23,1449,1016,433,0.426181102362205,"EYC",1,NA,NA
"248","17","IL",2021-01-09,2021-01-10,48687,41210,7477,0.181436544528027,"EYC",1,NA,NA
"249","17","IL",2021-01-09,2021-01-17,48687,41210,7477,0.181436544528027,"EYC",1,NA,NA
"250","17","IL",2021-01-09,2021-01-24,48687,41210,7477,0.181436544528027,"EYC",1,NA,NA
"251","17","IL",2021-01-09,2021-01-31,48687,41210,7477,0.181436544528027,"EYC",1,NA,NA
"252","17","IL",2021-01-09,2021-02-07,48687,41210,7477,0.181436544528027,"EYC",1,NA,NA
"253","17","IL",2021-01-09,2021-02-14,48687,41210,7477,0.181436544528027,"EYC",1,NA,NA
"254","17","IL",2021-01-09,2021-02-21,48687,41210,7477,0.181436544528027,"EYC",1,NA,NA
"255","17","IL",2021-01-09,2021-02-28,48687,41210,7477,0.181436544528027,"EYC",1,NA,NA
"256","17","IL",2021-01-09,2021-03-07,48687,41210,7477,0.181436544528027,"EYC",1,NA,NA
"257","17","IL",2021-01-09,2021-03-14,48687,41210,7477,0.181436544528027,"EYC",1,NA,NA
"258","17","IL",2021-01-09,2021-03-21,48687,41210,7477,0.181436544528027,"EYC",1,NA,NA
"259","17","IL",2021-01-09,2021-03-28,48687,41210,7477,0.181436544528027,"EYC",1,NA,NA
"260","17","IL",2021-01-09,2021-04-04,48687,41210,7477,0.181436544528027,"EYC",1,NA,NA
"261","17","IL",2021-01-09,2021-04-11,48687,41210,7477,0.181436544528027,"EYC",1,NA,NA
"262","17","IL",2021-01-09,2021-04-18,48687,41210,7477,0.181436544528027,"EYC",1,NA,NA
"263","17","IL",2021-01-09,2021-04-25,48687,41210,7477,0.181436544528027,"EYC",1,NA,NA
"264","17","IL",2021-01-09,2021-05-02,48687,41210,7477,0.181436544528027,"EYC",1,NA,NA
"265","17","IL",2021-01-09,2021-05-09,48687,41210,7477,0.181436544528027,"EYC",1,NA,NA
"266","17","IL",2021-01-09,2021-05-16,48687,41210,7477,0.181436544528027,"EYC",1,NA,NA
"267","17","IL",2021-01-09,2021-05-23,48687,41210,7477,0.181436544528027,"EYC",1,NA,NA
"268","18","IN",2021-01-09,2021-01-10,35470,31069,4401,0.14165245099617,"EYC",1,NA,NA
"269","18","IN",2021-01-09,2021-01-17,35470,31069,4401,0.14165245099617,"EYC",1,NA,NA
"270","18","IN",2021-01-09,2021-01-24,35470,31069,4401,0.14165245099617,"EYC",1,NA,NA
"271","18","IN",2021-01-09,2021-01-31,35470,31069,4401,0.14165245099617,"EYC",1,NA,NA
"272","18","IN",2021-01-09,2021-02-07,35470,31069,4401,0.14165245099617,"EYC",1,NA,NA
"273","18","IN",2021-01-09,2021-02-14,35470,31069,4401,0.14165245099617,"EYC",1,NA,NA
"274","18","IN",2021-01-09,2021-02-21,35470,31069,4401,0.14165245099617,"EYC",1,NA,NA
"275","18","IN",2021-01-09,2021-02-28,35470,31069,4401,0.14165245099617,"EYC",1,NA,NA
"276","18","IN",2021-01-09,2021-03-07,35470,31069,4401,0.14165245099617,"EYC",1,NA,NA
"277","18","IN",2021-01-09,2021-03-14,35470,31069,4401,0.14165245099617,"EYC",1,NA,NA
"278","18","IN",2021-01-09,2021-03-21,35470,31069,4401,0.14165245099617,"EYC",1,NA,NA
"279","18","IN",2021-01-09,2021-03-28,35470,31069,4401,0.14165245099617,"EYC",1,NA,NA
"280","18","IN",2021-01-09,2021-04-04,35470,31069,4401,0.14165245099617,"EYC",1,NA,NA
"281","18","IN",2021-01-09,2021-04-11,35470,31069,4401,0.14165245099617,"EYC",1,NA,NA
"282","18","IN",2021-01-09,2021-04-18,35470,31069,4401,0.14165245099617,"EYC",1,NA,NA
"283","18","IN",2021-01-09,2021-04-25,35470,31069,4401,0.14165245099617,"EYC",1,NA,NA
"284","18","IN",2021-01-09,2021-05-02,35470,31069,4401,0.14165245099617,"EYC",1,NA,NA
"285","18","IN",2021-01-09,2021-05-09,35470,31069,4401,0.14165245099617,"EYC",1,NA,NA
"286","18","IN",2021-01-09,2021-05-16,35470,31069,4401,0.14165245099617,"EYC",1,NA,NA
"287","18","IN",2021-01-09,2021-05-23,35470,31069,4401,0.14165245099617,"EYC",1,NA,NA
"288","19","IA",2021-01-09,2021-01-10,12276,9102,3174,0.348714568226763,"EYC",1,NA,NA
"289","19","IA",2021-01-09,2021-01-17,12276,9102,3174,0.348714568226763,"EYC",1,NA,NA
"290","19","IA",2021-01-09,2021-01-24,12276,9102,3174,0.348714568226763,"EYC",1,NA,NA
"291","19","IA",2021-01-09,2021-01-31,12276,9102,3174,0.348714568226763,"EYC",1,NA,NA
"292","19","IA",2021-01-09,2021-02-07,12276,9102,3174,0.348714568226763,"EYC",1,NA,NA
"293","19","IA",2021-01-09,2021-02-14,12276,9102,3174,0.348714568226763,"EYC",1,NA,NA
"294","19","IA",2021-01-09,2021-02-21,12276,9102,3174,0.348714568226763,"EYC",1,NA,NA
"295","19","IA",2021-01-09,2021-02-28,12276,9102,3174,0.348714568226763,"EYC",1,NA,NA
"296","19","IA",2021-01-09,2021-03-07,12276,9102,3174,0.348714568226763,"EYC",1,NA,NA
"297","19","IA",2021-01-09,2021-03-14,12276,9102,3174,0.348714568226763,"EYC",1,NA,NA
"298","19","IA",2021-01-09,2021-03-21,12276,9102,3174,0.348714568226763,"EYC",1,NA,NA
"299","19","IA",2021-01-09,2021-03-28,12276,9102,3174,0.348714568226763,"EYC",1,NA,NA
"300","19","IA",2021-01-09,2021-04-04,12276,9102,3174,0.348714568226763,"EYC",1,NA,NA
"301","19","IA",2021-01-09,2021-04-11,12276,9102,3174,0.348714568226763,"EYC",1,NA,NA
"302","19","IA",2021-01-09,2021-04-18,12276,9102,3174,0.348714568226763,"EYC",1,NA,NA
"303","19","IA",2021-01-09,2021-04-25,12276,9102,3174,0.348714568226763,"EYC",1,NA,NA
"304","19","IA",2021-01-09,2021-05-02,12276,9102,3174,0.348714568226763,"EYC",1,NA,NA
"305","19","IA",2021-01-09,2021-05-09,12276,9102,3174,0.348714568226763,"EYC",1,NA,NA
"306","19","IA",2021-01-09,2021-05-16,12276,9102,3174,0.348714568226763,"EYC",1,NA,NA
"307","19","IA",2021-01-09,2021-05-23,12276,9102,3174,0.348714568226763,"EYC",1,NA,NA
"308","21","KY",2020-12-26,2020-12-27,14999,19904,4905,0.246432877813505,"EYC",1,NA,NA
"309","21","KY",2020-12-26,2021-01-03,14999,19904,4905,0.246432877813505,"EYC",1,NA,NA
"310","21","KY",2020-12-26,2021-01-10,14999,19904,4905,0.246432877813505,"EYC",1,NA,NA
"311","21","KY",2020-12-26,2021-01-17,14999,19904,4905,0.246432877813505,"EYC",1,NA,NA
"312","21","KY",2020-12-26,2021-01-24,14999,19904,4905,0.246432877813505,"EYC",1,NA,NA
"313","21","KY",2020-12-26,2021-01-31,14999,19904,4905,0.246432877813505,"EYC",1,NA,NA
"314","21","KY",2020-12-26,2021-02-07,14999,19904,4905,0.246432877813505,"EYC",1,NA,NA
"315","21","KY",2020-12-26,2021-02-14,14999,19904,4905,0.246432877813505,"EYC",1,NA,NA
"316","21","KY",2020-12-26,2021-02-21,14999,19904,4905,0.246432877813505,"EYC",1,NA,NA
"317","21","KY",2020-12-26,2021-02-28,14999,19904,4905,0.246432877813505,"EYC",1,NA,NA
"318","21","KY",2020-12-26,2021-03-07,14999,19904,4905,0.246432877813505,"EYC",1,NA,NA
"319","21","KY",2020-12-26,2021-03-14,14999,19904,4905,0.246432877813505,"EYC",1,NA,NA
"320","21","KY",2020-12-26,2021-03-21,14999,19904,4905,0.246432877813505,"EYC",1,NA,NA
"321","21","KY",2020-12-26,2021-03-28,14999,19904,4905,0.246432877813505,"EYC",1,NA,NA
"322","21","KY",2020-12-26,2021-04-04,14999,19904,4905,0.246432877813505,"EYC",1,NA,NA
"323","21","KY",2020-12-26,2021-04-11,14999,19904,4905,0.246432877813505,"EYC",1,NA,NA
"324","21","KY",2020-12-26,2021-04-18,14999,19904,4905,0.246432877813505,"EYC",1,NA,NA
"325","21","KY",2020-12-26,2021-04-25,14999,19904,4905,0.246432877813505,"EYC",1,NA,NA
"326","21","KY",2020-12-26,2021-05-02,14999,19904,4905,0.246432877813505,"EYC",1,NA,NA
"327","21","KY",2020-12-26,2021-05-09,14999,19904,4905,0.246432877813505,"EYC",1,NA,NA
"328","21","KY",2020-12-26,2021-05-16,14999,19904,4905,0.246432877813505,"EYC",1,NA,NA
"329","21","KY",2020-12-26,2021-05-23,14999,19904,4905,0.246432877813505,"EYC",1,NA,NA
"330","20","KS",2020-12-26,2020-12-27,9340,15189,5849,0.385081308841925,"EYC",1,NA,NA
"331","20","KS",2020-12-26,2021-01-03,9340,15189,5849,0.385081308841925,"EYC",1,NA,NA
"332","20","KS",2020-12-26,2021-01-10,9340,15189,5849,0.385081308841925,"EYC",1,NA,NA
"333","20","KS",2020-12-26,2021-01-17,9324,15197,5873,0.386457853523722,"EYC",1,NA,NA
"334","20","KS",2020-12-26,2021-01-24,9324,15197,5873,0.386457853523722,"EYC",1,NA,NA
"335","20","KS",2020-12-26,2021-01-31,9324,15197,5873,0.386457853523722,"EYC",1,NA,NA
"336","20","KS",2020-12-26,2021-02-07,9324,15197,5873,0.386457853523722,"EYC",1,NA,NA
"337","20","KS",2020-12-26,2021-02-14,9324,15197,5873,0.386457853523722,"EYC",1,NA,NA
"338","20","KS",2020-12-26,2021-02-21,9324,15197,5873,0.386457853523722,"EYC",1,NA,NA
"339","20","KS",2020-12-26,2021-02-28,9324,15197,5873,0.386457853523722,"EYC",1,NA,NA
"340","20","KS",2020-12-26,2021-03-07,9324,15197,5873,0.386457853523722,"EYC",1,NA,NA
"341","20","KS",2020-12-26,2021-03-14,9324,15197,5873,0.386457853523722,"EYC",1,NA,NA
"342","20","KS",2020-12-26,2021-03-21,9324,15197,5873,0.386457853523722,"EYC",1,NA,NA
"343","20","KS",2020-12-26,2021-03-28,9324,15197,5873,0.386457853523722,"EYC",1,NA,NA
"344","20","KS",2020-12-26,2021-04-04,9324,15197,5873,0.386457853523722,"EYC",1,NA,NA
"345","20","KS",2020-12-26,2021-04-11,9324,15197,5873,0.386457853523722,"EYC",1,NA,NA
"346","20","KS",2020-12-26,2021-04-18,9324,15197,5873,0.386457853523722,"EYC",1,NA,NA
"347","20","KS",2020-12-26,2021-04-25,9324,15197,5873,0.386457853523722,"EYC",1,NA,NA
"348","20","KS",2020-12-26,2021-05-02,9324,15197,5873,0.386457853523722,"EYC",1,NA,NA
"349","20","KS",2020-12-26,2021-05-09,9324,15197,5873,0.386457853523722,"EYC",1,NA,NA
"350","27","MN",2021-01-09,2021-01-10,16581,11287,5294,0.469035173208116,"EYC",1,NA,NA
"351","27","MN",2021-01-09,2021-01-17,16581,11287,5294,0.469035173208116,"EYC",1,NA,NA
"352","27","MN",2021-01-09,2021-01-24,16581,11287,5294,0.469035173208116,"EYC",1,NA,NA
"353","27","MN",2021-01-09,2021-01-31,16581,11287,5294,0.469035173208116,"EYC",1,NA,NA
"354","27","MN",2021-01-09,2021-02-07,16581,11287,5294,0.469035173208116,"EYC",1,NA,NA
"355","27","MN",2021-01-09,2021-02-14,16581,11287,5294,0.469035173208116,"EYC",1,NA,NA
"356","27","MN",2021-01-09,2021-02-21,16581,11287,5294,0.469035173208116,"EYC",1,NA,NA
"357","27","MN",2021-01-09,2021-02-28,16581,11287,5294,0.469035173208116,"EYC",1,NA,NA
"358","27","MN",2021-01-09,2021-03-07,16581,11287,5294,0.469035173208116,"EYC",1,NA,NA
"359","27","MN",2021-01-09,2021-03-14,16581,11287,5294,0.469035173208116,"EYC",1,NA,NA
"360","27","MN",2021-01-09,2021-03-21,16581,11287,5294,0.469035173208116,"EYC",1,NA,NA
"361","27","MN",2021-01-09,2021-03-28,16581,11287,5294,0.469035173208116,"EYC",1,NA,NA
"362","27","MN",2021-01-09,2021-04-04,16581,11287,5294,0.469035173208116,"EYC",1,NA,NA
"363","27","MN",2021-01-09,2021-04-11,16581,11287,5294,0.469035173208116,"EYC",1,NA,NA
"364","27","MN",2021-01-09,2021-04-18,16581,11287,5294,0.469035173208116,"EYC",1,NA,NA
"365","27","MN",2021-01-09,2021-04-25,16581,11287,5294,0.469035173208116,"EYC",1,NA,NA
"366","27","MN",2021-01-09,2021-05-02,16581,11287,5294,0.469035173208116,"EYC",1,NA,NA
"367","27","MN",2021-01-09,2021-05-09,16581,11287,5294,0.469035173208116,"EYC",1,NA,NA
"368","27","MN",2021-01-09,2021-05-16,16581,11287,5294,0.469035173208116,"EYC",1,NA,NA
"369","27","MN",2021-01-09,2021-05-23,16581,11287,5294,0.469035173208116,"EYC",1,NA,NA
"370","29","MO",2021-01-09,2021-01-17,21638,19839,1799,0.0906799737890015,"EYC",1,NA,NA
"371","29","MO",2021-01-09,2021-01-24,21638,19839,1799,0.0906799737890015,"EYC",1,NA,NA
"372","29","MO",2021-01-09,2021-01-31,22421,19872,2549,0.128270933977456,"EYC",1,NA,NA
"373","29","MO",2021-01-09,2021-02-07,22421,19872,2549,0.128270933977456,"EYC",1,NA,NA
"374","29","MO",2021-01-09,2021-02-14,22421,19872,2549,0.128270933977456,"EYC",1,NA,NA
"375","29","MO",2021-01-09,2021-02-21,22421,19872,2549,0.128270933977456,"EYC",1,NA,NA
"376","29","MO",2021-01-09,2021-02-28,22421,19872,2549,0.128270933977456,"EYC",1,NA,NA
"377","29","MO",2021-01-09,2021-03-07,22421,19872,2549,0.128270933977456,"EYC",1,NA,NA
"378","29","MO",2021-01-09,2021-03-14,29230,25964,3266,0.12578955476814,"EYC",1,NA,NA
"379","29","MO",2021-01-09,2021-03-21,29230,25964,3266,0.12578955476814,"EYC",1,NA,NA
"380","29","MO",2021-01-09,2021-03-28,29230,25964,3266,0.12578955476814,"EYC",1,NA,NA
"381","29","MO",2021-01-09,2021-04-04,29230,25964,3266,0.12578955476814,"EYC",1,NA,NA
"382","29","MO",2021-01-09,2021-04-11,29230,25964,3266,0.12578955476814,"EYC",1,NA,NA
"383","29","MO",2021-01-09,2021-04-18,29230,25964,3266,0.12578955476814,"EYC",1,NA,NA
"384","29","MO",2021-01-09,2021-04-25,29230,25964,3266,0.12578955476814,"EYC",1,NA,NA
"385","29","MO",2021-01-09,2021-05-02,29230,25964,3266,0.12578955476814,"EYC",1,NA,NA
"386","29","MO",2021-01-09,2021-05-09,29230,25964,3266,0.12578955476814,"EYC",1,NA,NA
"387","29","MO",2021-01-09,2021-05-16,29230,25964,3266,0.12578955476814,"EYC",1,NA,NA
"388","29","MO",2021-01-09,2021-05-23,29230,25964,3266,0.12578955476814,"EYC",1,NA,NA
"389","30","MT",2021-01-09,2021-01-17,4158,2511,1647,0.655913978494624,"EYC",1,NA,NA
"390","30","MT",2021-01-09,2021-01-24,4158,2511,1647,0.655913978494624,"EYC",1,NA,NA
"391","30","MT",2021-01-09,2021-01-31,4158,2511,1647,0.655913978494624,"EYC",1,NA,NA
"392","30","MT",2021-01-09,2021-02-07,4158,2511,1647,0.655913978494624,"EYC",1,NA,NA
"393","30","MT",2021-01-09,2021-02-14,4158,2511,1647,0.655913978494624,"EYC",1,NA,NA
"394","30","MT",2021-01-09,2021-02-21,4158,2511,1647,0.655913978494624,"EYC",1,NA,NA
"395","30","MT",2021-01-09,2021-02-28,4158,2511,1647,0.655913978494624,"EYC",1,NA,NA
"396","30","MT",2021-01-09,2021-03-07,4158,2511,1647,0.655913978494624,"EYC",1,NA,NA
"397","30","MT",2021-01-09,2021-03-14,4158,2511,1647,0.655913978494624,"EYC",1,NA,NA
"398","30","MT",2021-01-09,2021-03-21,4158,2511,1647,0.655913978494624,"EYC",1,NA,NA
"399","30","MT",2021-01-09,2021-03-28,4158,2511,1647,0.655913978494624,"EYC",1,NA,NA
"400","30","MT",2021-01-09,2021-04-04,4158,2511,1647,0.655913978494624,"EYC",1,NA,NA
"401","30","MT",2021-01-09,2021-04-11,4158,2511,1647,0.655913978494624,"EYC",1,NA,NA
"402","30","MT",2021-01-09,2021-04-18,4158,2511,1647,0.655913978494624,"EYC",1,NA,NA
"403","30","MT",2021-01-09,2021-04-25,4158,2511,1647,0.655913978494624,"EYC",1,NA,NA
"404","30","MT",2021-01-09,2021-05-02,4158,2511,1647,0.655913978494624,"EYC",1,NA,NA
"405","30","MT",2021-01-09,2021-05-09,4158,2511,1647,0.655913978494624,"EYC",1,NA,NA
"406","30","MT",2021-01-09,2021-05-16,4158,2511,1647,0.655913978494624,"EYC",1,NA,NA
"407","30","MT",2021-01-09,2021-05-23,4158,2511,1647,0.655913978494624,"EYC",1,NA,NA
"408","39","OH",2020-12-12,2020-12-13,86029,60729,25300,0.416604916926016,"EYC",1,NA,NA
"409","39","OH",2020-12-12,2020-12-20,86029,60729,25300,0.416604916926016,"EYC",1,NA,NA
"410","39","OH",2020-12-12,2020-12-27,86029,60729,25300,0.416604916926016,"EYC",1,NA,NA
"411","39","OH",2020-12-12,2021-01-03,86029,60729,25300,0.416604916926016,"EYC",1,NA,NA
"412","39","OH",2020-12-12,2021-01-10,86029,60729,25300,0.416604916926016,"EYC",1,NA,NA
"413","39","OH",2020-12-12,2021-01-17,86029,60729,25300,0.416604916926016,"EYC",1,NA,NA
"414","39","OH",2020-12-12,2021-01-24,86029,60729,25300,0.416604916926016,"EYC",1,NA,NA
"415","39","OH",2020-12-12,2021-01-31,86029,60729,25300,0.416604916926016,"EYC",1,NA,NA
"416","39","OH",2020-12-12,2021-02-07,86029,60729,25300,0.416604916926016,"EYC",1,NA,NA
"417","39","OH",2020-12-12,2021-02-14,86029,60729,25300,0.416604916926016,"EYC",1,NA,NA
"418","39","OH",2020-12-12,2021-02-21,86029,60729,25300,0.416604916926016,"EYC",1,NA,NA
"419","39","OH",2020-12-12,2021-02-28,86029,60729,25300,0.416604916926016,"EYC",1,NA,NA
"420","39","OH",2020-12-12,2021-03-07,86029,60729,25300,0.416604916926016,"EYC",1,NA,NA
"421","39","OH",2020-12-12,2021-03-14,86029,60729,25300,0.416604916926016,"EYC",1,NA,NA
"422","39","OH",2020-12-12,2021-03-21,86029,60729,25300,0.416604916926016,"EYC",1,NA,NA
"423","39","OH",2020-12-12,2021-03-28,86029,60729,25300,0.416604916926016,"EYC",1,NA,NA
"424","39","OH",2020-12-12,2021-04-04,86029,60729,25300,0.416604916926016,"EYC",1,NA,NA
"425","39","OH",2020-12-12,2021-04-11,86029,60729,25300,0.416604916926016,"EYC",1,NA,NA
"426","39","OH",2020-12-12,2021-04-18,86029,60729,25300,0.416604916926016,"EYC",1,NA,NA
"427","39","OH",2020-12-12,2021-04-25,86029,60729,25300,0.416604916926016,"EYC",1,NA,NA
"428","39","OH",2020-12-12,2021-05-02,86029,60729,25300,0.416604916926016,"EYC",1,NA,NA
"429","39","OH",2020-12-12,2021-05-09,86029,60729,25300,0.416604916926016,"EYC",1,NA,NA
"430","53","WA",2021-01-09,2021-01-10,24843,10033,14810,1.47612877504236,"EYC",1,NA,NA
"431","53","WA",2021-01-09,2021-01-17,24843,10033,14810,1.47612877504236,"EYC",1,NA,NA
"432","53","WA",2021-01-09,2021-01-24,24843,10033,14810,1.47612877504236,"EYC",1,NA,NA
"433","53","WA",2021-01-09,2021-01-31,24843,10033,14810,1.47612877504236,"EYC",1,NA,NA
"434","53","WA",2021-01-09,2021-02-07,24843,10033,14810,1.47612877504236,"EYC",1,NA,NA
"435","53","WA",2021-01-09,2021-02-14,24843,10033,14810,1.47612877504236,"EYC",1,NA,NA
"436","53","WA",2021-01-09,2021-02-21,24843,10033,14810,1.47612877504236,"EYC",1,NA,NA
"437","53","WA",2021-01-09,2021-02-28,24843,10033,14810,1.47612877504236,"EYC",1,NA,NA
"438","53","WA",2021-01-09,2021-03-07,24843,10033,14810,1.47612877504236,"EYC",1,NA,NA
"439","53","WA",2021-01-09,2021-03-14,24843,10033,14810,1.47612877504236,"EYC",1,NA,NA
"440","53","WA",2021-01-09,2021-03-21,24843,10033,14810,1.47612877504236,"EYC",1,NA,NA
"441","53","WA",2021-01-09,2021-03-28,24843,10033,14810,1.47612877504236,"EYC",1,NA,NA
"442","53","WA",2021-01-09,2021-04-04,24843,10033,14810,1.47612877504236,"EYC",1,NA,NA
"443","53","WA",2021-01-09,2021-04-11,24843,10033,14810,1.47612877504236,"EYC",1,NA,NA
"444","53","WA",2021-01-09,2021-04-18,24843,10033,14810,1.47612877504236,"EYC",1,NA,NA
"445","53","WA",2021-01-09,2021-04-25,24843,10033,14810,1.47612877504236,"EYC",1,NA,NA
"446","53","WA",2021-01-09,2021-05-02,24843,10033,14810,1.47612877504236,"EYC",1,NA,NA
"447","53","WA",2021-01-09,2021-05-09,24843,10033,14810,1.47612877504236,"EYC",1,NA,NA
